location_code,damage_code,collision_code,road_code,light_code,road_type_code,traffic_code,weather_code,emp_liability_code,kpi_cause_code
RAD,NSR,SSW,DRY,DAY,MULTI,HEAVY,FINE,RES,CARS TRUCKS
BSP,REAR,N2T,DRY,DAY,SINGLE,LIGHT,FINE,NRES,CARS TRUCKS
RBT,OSM,SSW,DRY,DAY,SINGLE,MODERATE,FINE,RES,CARS TRUCKS
RAD,NSR,TAI,DRY,NIGHT,SINGLE,LIGHT,FINE,RES,EMP
DEPOT,NSM,SSW,DRY,NIGHT,SINGLE,NO,FINE,RES,CARS TRUCKS
RAD,OSR,TAI,DRY,DAY,SINGLE,LIGHT,FINE,RES,CARS TRUCKS
BSP,NSR,SSW,DRY,DAY,MULTI,HEAVY,FINE,RES,EMP
XRD,OSF,HON,DRY,DAY,SINGLE,HEAVY,FINE,RES,CARS TRUCKS
RAD,REAR,N2T,SLIP,DAY,MULTI,MODERATE,FINE,NRES,ROA
RAD,NSM,SSW,DRY,DAY,SINGLE,LIGHT,FINE,NRES,EMP
RAD,OSR,TAI,DRY,DAY,SINGLE,MODERATE,FINE,RES,EMP
BSP,MIR,SSW,DRY,DAY,SINGLE,NO,FINE,RES,EMP
BSP,FRNT,SSW,DRY,DAY,SINGLE,LIGHT,FINE,RES,EMP
RAD,NSF,ROO,DRY,NIGHT,SINGLE,HEAVY,FINE,RES,ENV
RAD,OSR,SSW,WET,DAY,MULTI,HEAVY,RAIN,RES,CARS TRUCKS
XRD,OSF,SSW,DRY,DAY,MULTI,HEAVY,FINE,NRES,EMP
BSP,NSF,SSW,WET,NIGHT,SINGLE,LIGHT,RAIN,RES,CARS TRUCKS
RAD,OSR,SSW,DRY,DAY,MULTI,HEAVY,FINE,RES,ROA
RAD,REAR,SSW,DRY,DAY,SINGLE,LIGHT,FINE,RES,EMP
BSP,FRNT,SSW,DRY,DAY,SINGLE,LIGHT,FINE,RES,EMP
RAD,NSM,SSW,DRY,DAY,MULTI,LIGHT,FINE,NRES,EMP
BSP,MIR,SSW,DRY,DAY,SINGLE,NO,FINE,RES,CARS TRUCKS
BSP,NSR,N2T,DRY,DAY,MULTI,LIGHT,FINE,UN3PAR,ROA
RAD,NSM,SSW,DRY,DAY,MULTI,LIGHT,FINE,NRES,CARS TRUCKS
RAD,FRNT,TBO,DRY,DAY,SINGLE,MODERATE,FINE,NRES,ROA
BSP,OSR,TBO,DRY,DAY,SINGLE,LIGHT,FINE,NRES,CARS TRUCKS
RAD,NSR,N2T,DRY,DAY,SINGLE,LIGHT,FINE,NRES,ROA
BSP,NSM,SSW,DRY,DAY,MULTI,MODERATE,FINE,RES,BUS - OTHER
RAD,OSR,SSW,DRY,DAY,SINGLE,LIGHT,FINE,RES,ROA
BSP,REAR,N2T,DRY,DAY,SINGLE,LIGHT,FINE,NRES,ROA
BSP,NSR,SSW,DRY,DAY,SINGLE,HEAVY,FINE,RES,EMP
RAD,OSR,SSW,DRY,NIGHT,SINGLE,NO,FINE,UNREP,OTH
BSP,FRNT,N2T,DRY,DAY,SINGLE,LIGHT,FINE,NRES,ROA
RAD,NSF,SSW,DRY,DAY,SINGLE,LIGHT,FINE,RES,CARS TRUCKS
RAD,OSM,SSW,DRY,DAY,SINGLE,MODERATE,FINE,RES,CARS TRUCKS
RAD,MIR,SSW,DRY,NIGHT,SINGLE,LIGHT,FINE,NRES,ROA
RAD,NSF,SSW,DRY,DAY,SINGLE,LIGHT,FINE,RES,EMP
RAD,NSR,SSW,WET,DAY,SINGLE,HEAVY,SUN,RES,CARS TRUCKS
RAD,OSR,SSW,DRY,DAY,SINGLE,LIGHT,FINE,NRES,EMP
RAD,NSR,SSW,DRY,DAY,SINGLE,LIGHT,FINE,RES,EMP
BSP,MIR,SSW,DRY,DAY,SINGLE,NO,FINE,RES,EMP
RAD,FRNT,HON,DRY,NIGHT,MULTI,NO,FINE,INCIDENT,OTH
BSP,OSF,SSW,DRY,DAY,MULTI,HEAVY,FINE,NRES,CARS TRUCKS
BSP,OSR,HON,DRY,DAY,BUS,NO,FINE,NRES,BUS - OTHER
RAD,NSF,HON,DRY,DAWN,SINGLE,HEAVY,FINE,INCIDENT,GEN
TIN,OSM,SSW,DRY,DAY,SINGLE,LIGHT,FINE,RES,EMP
RAD,OSF,TBO,DRY,DAY,MULTI,LIGHT,FINE,NRES,ROA
XRD,MIR,SSW,DRY,DAY,SINGLE,LIGHT,FINE,NRES,CARS TRUCKS
RAD,NSR,SSW,WET,DAY,MULTI,LIGHT,RAIN,NRES,CARS TRUCKS
RAD,FRNT,SSW,DRY,DAY,MULTI,HEAVY,FINE,INCIDENT,OTH
RAD,FRNT,HON,WET,NIGHT,SINGLE,LIGHT,RAIN,RES,CARS TRUCKS
RAD,NSF,SSW,DRY,DAY,SINGLE,LIGHT,FINE,UNREP,OTH
XRD,OSF,SSW,WET,DAY,MULTI,HEAVY,SUN,NRES,CARS TRUCKS
BSP,OSR,TAI,DRY,DAY,SINGLE,MODERATE,FINE,RES,CARS TRUCKS
RAD,REAR,REVERSING,DRY,DAY,SINGLE,NO,FINE,RES,EMP
RAD,FRNT,SSW,WET,DAY,SINGLE,NO,RAIN,RES,CARS TRUCKS
RAD,OSR,SSW,DRY,DAY,SINGLE,LIGHT,FINE,RES,CARS TRUCKS
BSP,NSR,SSW,DRY,DAY,SINGLE,NO,FINE,RES,EMP
RAD,NSR,SSW,DRY,DAWN,SINGLE,LIGHT,FINE,RES,CARS TRUCKS
RAD,OSR,TAI,DRY,DAY,SINGLE,LIGHT,FINE,NRES,EMP
BSP,NSR,TAI,DRY,DAY,BUS,LIGHT,FINE,RES,EMP
BSP,NSR,SSW,DRY,DAY,SINGLE,LIGHT,FINE,RES,EMP
RAD,NSF,SSW,DRY,DAY,SINGLE,LIGHT,FINE,NRES,ROA
XRD,REAR,SSW,DRY,NIGHT,SINGLE,HEAVY,FINE,RES,EMP
BSP,NSR,TAI,DRY,DAY,SINGLE,LIGHT,FINE,RES,CARS TRUCKS
RAD,FRNT,SSW,DRY,DUSK,MULTI,LIGHT,FINE,INCIDENT,BUS - OTHER
RAD,NSF,SSW,DRY,DAY,SINGLE,LIGHT,FINE,RES,EMP
RAD,NSR,SSW,WET,DAY,MULTI,HEAVY,RAIN,RES,CARS TRUCKS
RAD,NSM,REVERSING,WET,NIGHT,MULTI,HEAVY,RAIN,NRES,ROA
RAD,REAR,N2T,DRY,DAY,MULTI,HEAVY,FINE,NRES,ROA
BSP,REAR,N2T,DRY,DAY,SINGLE,HEAVY,FINE,NRES,ROA
RAD,NSF,SSW,DRY,DAY,SINGLE,LIGHT,FINE,RES,CARS TRUCKS
BSP,NSR,SSW,DRY,DAY,BUS,MODERATE,FINE,RES,EMP
RAD,NSR,SSW,DRY,DAY,SINGLE,LIGHT,FINE,RES,EMP
BSP,MIR,SSW,DRY,DAWN,MULTI,MODERATE,FINE,RES,BUS - OTHER
BSP,OSR,N2T,DRY,DAY,MULTI,LIGHT,FINE,NRES,ROA
BSP,NSR,SSW,DRY,DAY,SINGLE,NO,FINE,RES,EMP
RAD,REAR,N2T,WET,DUSK,SINGLE,HEAVY,RAIN,NRES,CARS TRUCKS
RAD,NSF,SSW,DRY,DAY,SINGLE,LIGHT,FINE,NRES,EMP
RAD,OSR,SSW,DRY,DAY,SINGLE,HEAVY,FINE,PEND,EMP
BSP,NSF,SSW,DRY,DAWN,BUS,MODERATE,FINE,RES,EMP
RAD,NSF,SSW,DRY,DAY,SINGLE,NO,FINE,RES,EMP
BSP,OSF,REVERSING,DRY,DAY,SINGLE,LIGHT,FINE,NRES,ROA
RAD,NSF,SSW,DRY,DAY,SINGLE,LIGHT,FINE,RES,EMP
RAD,NSR,SSW,DRY,DAY,MULTI,LIGHT,FINE,RES,EMP
RAD,NSR,TAI,DRY,DAY,BUS,HEAVY,FINE,RES,EMP
RAD,OSR,SSW,DRY,DAY,SINGLE,LIGHT,FINE,RES,ROA
BSP,NSR,SSW,DRY,DAY,SINGLE,LIGHT,FINE,RES,EMP
BSP,MIR,SSW,DRY,DAY,SINGLE,LIGHT,FINE,RES,EMP
BSP,OSR,SSW,DRY,DAY,SINGLE,MODERATE,FINE,NRES,CARS TRUCKS
XRD,FRNT,TBO,DRY,DAY,MULTI,HEAVY,FINE,NRES,CYC
RAD,NSR,SSW,DRY,DAY,SINGLE,NO,FINE,RES,EMP
RAD,NSF,SSW,DRY,DAY,SINGLE,LIGHT,FINE,RES,EMP
BSP,OSR,TAI,WET,NIGHT,BUS,LIGHT,RAIN,RES,EMP
RAD,REAR,TAI,DRY,DAY,MULTI,LIGHT,FINE,RES,EMP
RAD,FRNT,SSW,WET,DAY,MULTI,HEAVY,RAIN,RES,CARS TRUCKS
XRD,OSR,SSW,WET,DUSK,SINGLE,MODERATE,RAIN,RES,EMP
RAD,OSM,SSW,DRY,DAY,SINGLE,LIGHT,FINE,RES,CARS TRUCKS
RAD,OSR,SSW,DRY,DAY,MULTI,MODERATE,FINE,RES,CARS TRUCKS
RAD,OSM,SSW,WET,DAY,SINGLE,MODERATE,RAIN,NRES,CARS TRUCKS
RBT,NSR,SSW,DRY,DAY,SINGLE,LIGHT,FINE,RES,EMP
RAD,REAR,N2T,DRY,DAY,SINGLE,LIGHT,FINE,RES,EMP
BSP,NSR,SSW,DRY,DAY,SINGLE,LIGHT,FINE,RES,EMP
RAD,NSR,SSW,DRY,DAY,SINGLE,LIGHT,FINE,RES,EMP
RAD,FRNT,SSW,DRY,NIGHT,SINGLE,LIGHT,FINE,RES,CARS TRUCKS
BSP,NSR,BTMO,DRY,DAY,BUS,LIGHT,FINE,RES,EMP
RAD,REAR,REVERSING,DRY,DAY,MULTI,LIGHT,FINE,RES,BUS - OTHER
XRD,NSM,SSW,DRY,DAY,MULTI,HEAVY,FINE,INCIDENT,GEN
RAD,MIR,SSW,WET,DAY,MULTI,LIGHT,RAIN,NRES,EMP
RAD,NSR,SSW,DRY,DAY,MULTI,HEAVY,FINE,NRES,CARS TRUCKS
BSP,OSR,SSW,DRY,DAY,BUS,LIGHT,FINE,RES,EMP
BSP,NSR,SSW,DRY,DAY,SINGLE,LIGHT,FINE,RES,CARS TRUCKS
RAD,NSF,SSW,DRY,DAY,MULTI,HEAVY,FINE,RES,CARS TRUCKS
RAD,NSR,N2T,DRY,DAY,SINGLE,MODERATE,FINE,NRES,ROA
TIN,OSM,SSW,DRY,DAY,SINGLE,MODERATE,FINE,RES,CARS TRUCKS
RAD,NSR,SSW,DRY,DAY,SINGLE,LIGHT,FINE,INCIDENT,EMP
RAD,REAR,SSW,DRY,DAY,SINGLE,LIGHT,FINE,NRES,EMP
RAD,NSR,BTMO,DRY,DAY,SINGLE,MODERATE,FINE,INCIDENT,EMP
RAD,NSF,SSW,DRY,DAY,SINGLE,LIGHT,FINE,UNREP,GEN
RAD,NSR,SSW,DRY,DAY,SINGLE,LIGHT,FINE,RES,EMP
BSP,OSR,N2T,DRY,DAY,BUS,HEAVY,FINE,NRES,ROA
BSP,NSM,SSW,DRY,DAY,SINGLE,LIGHT,FINE,INCIDENT,GEN
RAD,NSM,SSW,DRY,DAY,SINGLE,LIGHT,FINE,UN3PAR,ROA
RAD,NSF,SSW,DRY,DAY,SINGLE,LIGHT,FINE,NRES,EMP
RAD,NSR,TAI,WET,DAY,SINGLE,MODERATE,RAIN,RES,EMP
RAD,OSM,SSW,DRY,DAY,MULTI,HEAVY,FINE,NRES,ROA
TIN,NSR,SSW,DRY,NIGHT,MULTI,HEAVY,FINE,RES,CARS TRUCKS
RAD,OSM,TBO,DRY,DAY,SINGLE,LIGHT,FINE,NRES,ROA
XRD,NSR,REVERSING,DRY,DAY,MULTI,LIGHT,FINE,NRES,ROA
BSP,NSF,SSW,DRY,DAY,SINGLE,HEAVY,FINE,RES,CARS TRUCKS
BSP,REAR,N2T,DRY,DAY,MULTI,HEAVY,FINE,NRES,ROA
BSP,OSR,REVERSING,DRY,DAY,SINGLE,LIGHT,FINE,UN3PAR,ROA
RAD,NSM,SSW,DRY,DAY,MULTI,HEAVY,FINE,RES,CARS TRUCKS
RAD,FRNT,N2T,DRY,DAY,SINGLE,LIGHT,FINE,RES,CARS TRUCKS
RAD,NSM,SSW,DRY,DAY,SINGLE,LIGHT,FINE,RES,EMP
RAD,OSF,ROO,DRY,DAY,MULTI,HEAVY,FINE,RES,CARS TRUCKS
RAD,NSF,SSW,DRY,DAY,SINGLE,LIGHT,FINE,RES,EMP
RAD,OSR,SSW,DRY,DUSK,SINGLE,HEAVY,FINE,RES,EMP
RBT,MIR,SSW,DRY,DAY,SINGLE,LIGHT,FINE,NRES,EMP
BSP,OSR,SSW,DRY,DAY,SINGLE,LIGHT,FINE,RES,CARS TRUCKS
BSP,NSM,SSW,DRY,DAY,BUS,LIGHT,FINE,RES,EMP
RAD,NSM,SSW,DRY,DAY,SINGLE,LIGHT,FINE,RES,CARS TRUCKS
RAD,NSM,SSW,WET,NIGHT,MULTI,HEAVY,RAIN,NRES,SURFING
RAD,NSR,SSW,DRY,DAY,SINGLE,HEAVY,FINE,RES,CARS TRUCKS
RAD,REAR,SSW,DRY,DAY,SINGLE,LIGHT,FINE,NRES,EMP
RAD,WSRE,SSW,DRY,DAY,SINGLE,LIGHT,FINE,NRES,EMP
RAD,NSR,REVERSING,DRY,NIGHT,SINGLE,LIGHT,FINE,RES,CARS TRUCKS
BSP,MIR,SSW,DRY,DAY,SINGLE,MODERATE,FINE,UN3PAR,ROA
BSP,OSR,N2T,WET,DAY,SINGLE,HEAVY,FINE,UN3PAR,ROA
BSP,MIR,SSW,DRY,DAY,SINGLE,LIGHT,FINE,RES,BUS - OTHER
RAD,NSR,SSW,SLIP,DUSK,MULTI,MODERATE,RAIN,RES,EMP
RAD,FRNT,N2T,DRY,DAY,SINGLE,NO,FINE,RES,CARS TRUCKS
RAD,NSR,SSW,DRY,DAY,SINGLE,LIGHT,FINE,RES,CARS TRUCKS
RAD,OSR,REVERSING,DRY,DAY,SINGLE,HEAVY,FINE,UN3PAR,CARS TRUCKS
RAD,REAR,TAI,DRY,DAY,SINGLE,MODERATE,FINE,NRES,ROA
RBT,FRNT,SSW,DRY,DAY,SINGLE,LIGHT,FINE,RES,EMP
RAD,NSM,SSW,DRY,DAY,SINGLE,LIGHT,FINE,RES,EMP
RAD,FRNT,HON,DRY,DAY,MULTI,HEAVY,FINE,RES,CARS TRUCKS
RAD,NSF,SSW,DRY,DAY,SINGLE,LIGHT,FINE,RES,EMP
RAD,NSR,SSW,DRY,DAY,SINGLE,LIGHT,FINE,RES,CARS TRUCKS
RAD,OSF,SSW,DRY,DAY,SINGLE,MODERATE,FINE,NRES,ROA
BSP,MIR,SSW,DRY,DAY,MULTI,HEAVY,FINE,RES,EMP
BSP,WSRE,BTMO,WET,NIGHT,SINGLE,LIGHT,FINE,INCIDENT,EMP
BSP,FRNT,N2T,DRY,DAY,BUS,LIGHT,FINE,RES,CARS TRUCKS
RAD,NSR,SSW,DRY,DAY,MULTI,HEAVY,FINE,RES,EMP
RAD,OSR,N2T,DRY,DAY,SINGLE,LIGHT,FINE,UN3PAR,ROA
RAD,NSR,SSW,DRY,DAY,MULTI,MODERATE,FINE,UN3PAR,CARS TRUCKS
RAD,OSF,SSW,DRY,NIGHT,MULTI,MODERATE,FINE,NRES,ROA
RAD,OSR,SSW,DRY,DAY,SINGLE,LIGHT,FINE,NRES,EMP
BSP,MIR,SSW,DRY,DAY,SINGLE,LIGHT,FINE,RES,EMP
RAD,REAR,SSW,DRY,DAY,SINGLE,LIGHT,FINE,RES,EMP
RAD,NSM,SSW,DRY,DAY,SINGLE,LIGHT,FINE,RES,EMP
RAD,OSM,BTMO,DRY,DAY,SINGLE,NO,FINE,RES,EMP
RAD,NSF,SSW,DRY,DAY,SINGLE,LIGHT,FINE,RES,CARS TRUCKS
BSP,OSR,N2T,DRY,DAY,SINGLE,LIGHT,FINE,NRES,EMP
RAD,NSF,SSW,DRY,DAY,SINGLE,HEAVY,FINE,NRES,ROA
RAD,NSR,TAI,DRY,DAY,SINGLE,HEAVY,FINE,RES,CARS TRUCKS
BSP,OSF,SSW,WET,DAY,MULTI,LIGHT,RAIN,NRES,CARS TRUCKS
RAD,NSM,SSW,DRY,DAY,SINGLE,LIGHT,FINE,RES,CARS TRUCKS
BSP,MIR,SSW,DRY,DAY,MULTI,LIGHT,FINE,RES,EMP
RAD,NSR,SSW,DRY,DAY,SINGLE,LIGHT,FINE,RES,EMP
RAD,OSM,SSW,DRY,NIGHT,MULTI,LIGHT,FINE,RES,EMP
RAD,NSR,SSW,DRY,DAY,SINGLE,LIGHT,FINE,RES,BUS - OTHER
RAD,MIR,SSW,DRY,DAY,MULTI,HEAVY,FINE,NRES,ROA
BSP,NSR,N2T,DRY,DAY,MULTI,LIGHT,FINE,RES,CARS TRUCKS
RAD,NSR,SSW,DRY,DAY,SINGLE,LIGHT,FINE,PEND,EMP
RAD,NSR,SSW,DRY,DAY,MULTI,HEAVY,FINE,NRES,EMP
RAD,MIR,SSW,DRY,DAY,MULTI,LIGHT,FINE,RES,CARS TRUCKS
RAD,OSR,N2T,WET,DAY,SINGLE,LIGHT,RAIN,NRES,CARS TRUCKS
RAD,NSR,SSW,DRY,DAY,SINGLE,LIGHT,FINE,RES,EMP
BSP,NSR,SSW,WET,DAY,SINGLE,LIGHT,RAIN,RES,EMP
RAD,FRNT,HON,WET,STREET,SINGLE,LIGHT,RAIN,RES,ENV
BSP,OSF,BTMO,DRY,DAY,SINGLE,LIGHT,FINE,RES,EMP
RAD,REAR,SSW,DRY,DAY,SINGLE,LIGHT,FINE,INCIDENT,CARS TRUCKS
RAD,NSR,SSW,DRY,DAY,SINGLE,LIGHT,FINE,INCIDENT,CARS TRUCKS
RAD,MIR,SSW,DRY,DAY,MULTI,MODERATE,FINE,RES,CARS TRUCKS
RAD,REAR,REVERSING,DRY,DAY,MULTI,MODERATE,FINE,RES,EMP
RAD,NSR,SSW,DRY,DAY,MULTI,HEAVY,FINE,RES,EMP
BSP,REAR,HON,DRY,DAY,MULTI,MODERATE,FINE,NRES,ROA
RAD,WSRE,BTMO,WET,DAY,SINGLE,NO,FINE,RES,EMP
RAD,REAR,BTMO,WET,DAY,SINGLE,NO,RAIN,RES,CARS TRUCKS
RAD,FRNT,HON,WET,DAY,SINGLE,NO,FINE,INCIDENT,EMP
BSP,REAR,N2T,DRY,DAY,MULTI,LIGHT,FINE,NRES,CARS TRUCKS
RAD,NSR,SSW,DRY,DAY,SINGLE,LIGHT,FINE,PEND,EMP
RAD,FRNT,SSW,DRY,DAY,SINGLE,LIGHT,FINE,PEND,EMP
BSP,MIR,SSW,DRY,DAY,SINGLE,LIGHT,FINE,UN3PAR,CARS TRUCKS
BSP,NSR,REVERSING,DRY,DAY,SINGLE,LIGHT,FINE,UN3PAR,EMP
XRD,REAR,N2T,DRY,DAY,MULTI,MODERATE,SUN,NRES,EMP
BSP,FRNT,REVERSING,WET,DAWN,BUS,NO,RAIN,NRES,EMP
RAD,MIR,SSW,DRY,DAY,SINGLE,LIGHT,FINE,RES,EMP
RBT,WSRE,SSW,DRY,DAY,SINGLE,LIGHT,FINE,INCIDENT,ROAD RAGE
RAD,WSRE,BTMO,DRY,DAY,MULTI,MODERATE,FINE,INCIDENT,OTH
BSP,NSF,HON,DRY,DAY,SINGLE,NO,FINE,RES,EMP
RAD,NSF,SSW,DRY,DAY,SINGLE,LIGHT,FINE,PEND,EMP
BSP,NSM,SSW,DRY,NIGHT,SINGLE,LIGHT,FINE,RES,EMP
BSP,REAR,HON,DRY,DAY,SINGLE,MODERATE,FINE,NRES,BUS - OTHER
RAD,NSR,TAI,DRY,DAY,SINGLE,LIGHT,FINE,RES,EMP
RAD,NSM,N2T,DRY,DAY,SINGLE,LIGHT,FINE,RES,EMP
RAD,NSR,SSW,DRY,DAY,SINGLE,LIGHT,FINE,PEND,EMP
BSP,MIR,SSW,DRY,DAY,MULTI,LIGHT,FINE,RES,EMP
BSP,NSR,SSW,DRY,DAY,SINGLE,LIGHT,FINE,RES,EMP
RAD,NSF,SSW,DRY,DAY,SINGLE,LIGHT,FINE,RES,CARS TRUCKS
BSP,FRNT,TBO,WET,NIGHT,SINGLE,NO,RAIN,RES,EMP
RAD,MIR,HON,DRY,DAY,MULTI,LIGHT,FINE,RES,CARS TRUCKS
BSP,MIR,SSW,DRY,DUSK,SINGLE,LIGHT,FINE,RES,CARS TRUCKS
RAD,NSR,SSW,DRY,DAY,SINGLE,LIGHT,FINE,RES,EMP
RAD,REAR,N2T,WET,DAY,SINGLE,HEAVY,RAIN,NRES,EMP
RAD,NSR,TAI,DRY,DAY,MULTI,MODERATE,FINE,RES,CARS TRUCKS
BSP,OSR,SSW,DRY,DAY,SINGLE,HEAVY,FINE,UN3PAR,CARS TRUCKS
XRD,NSR,SSW,DRY,DAY,MULTI,MODERATE,FINE,NRES,EMP
RAD,FRNT,TBO,DRY,DAY,MULTI,MODERATE,FINE,NRES,EMP
BSP,OSF,SSW,DRY,NIGHT,MULTI,MODERATE,FINE,NRES,ROA
RAD,NSR,REVERSING,WET,DAY,SINGLE,LIGHT,RAIN,NRES,ROA
BSP,NSM,SSW,DRY,DAY,MULTI,MODERATE,FINE,RES,EMP
RAD,OSM,SSW,DRY,DAY,MULTI,MODERATE,FINE,RES,EMP
BSP,MIR,SSW,DRY,DAY,BUS,MODERATE,FINE,NRES,ROA
RAD,FRNT,SSW,DRY,DAY,SINGLE,LIGHT,FINE,RES,CARS TRUCKS
BSP,OSR,N2T,DRY,DAY,MULTI,HEAVY,FINE,NRES,ROA
RAD,FRNT,HON,DRY,DAY,MULTI,LIGHT,FINE,UN3PAR,CARS TRUCKS
RAD,OSM,SSW,DRY,DAY,SINGLE,LIGHT,FINE,PEND,EMP
RAD,OSF,SSW,DRY,DAY,SINGLE,LIGHT,FINE,PEND,EMP
BSP,NSR,REVERSING,DRY,DAY,SINGLE,NO,FINE,NRES,ROA
RAD,NSR,SSW,DRY,DAY,SINGLE,LIGHT,FINE,RES,CARS TRUCKS
RAD,NSR,SSW,DRY,DAY,SINGLE,NO,FINE,RES,EMP
BSP,NSF,SSW,DRY,DAY,MULTI,LIGHT,FINE,RES,EMP
BSP,OSR,TAI,DRY,DAY,BUS,MODERATE,FINE,RES,EMP
RAD,NSR,N2T,DRY,DAY,MULTI,LIGHT,FINE,NRES,OTH
BSP,NSR,SSW,DRY,DAY,SINGLE,HEAVY,FINE,RES,CARS TRUCKS
RAD,NSM,BTMO,SLIP,DAY,SINGLE,NO,FOG,RES,EMP
RAD,OSR,SSW,WET,DAY,MULTI,LIGHT,RAIN,NRES,ROA
RAD,MIR,SSW,DRY,DAY,SINGLE,HEAVY,FINE,NRES,EMP
BSP,NSM,SSW,DRY,DAY,BUS,LIGHT,FINE,NRES,BUS - OTHER
RAD,NSR,SSW,DRY,NIGHT,SINGLE,LIGHT,FINE,RES,EMP
RAD,OSR,SSW,DRY,DAY,MULTI,MODERATE,FINE,RES,CARS TRUCKS
BSP,NSF,SSW,DRY,DAWN,SINGLE,LIGHT,FINE,NRES,ROA
RAD,NSM,SSW,DRY,DAY,SINGLE,LIGHT,FINE,PEND,EMP
RAD,FRNT,N2T,DRY,DAY,SINGLE,LIGHT,FINE,RES,EMP
RAD,OSM,SSW,DRY,DAY,SINGLE,LIGHT,FINE,NRES,ROA
RAD,OSF,SSW,DRY,DAY,MULTI,HEAVY,FINE,UN3PAR,CARS TRUCKS
RAD,NSM,SSW,DRY,DUSK,MULTI,MODERATE,FINE,RES,EMP
RAD,NSR,SSW,DRY,DAY,SINGLE,LIGHT,FINE,RES,CARS TRUCKS
RAD,OSM,SSW,WET,DAY,SINGLE,NO,FINE,RES,EMP
RAD,FRNT,N2T,WET,DUSK,MULTI,LIGHT,RAIN,RES,CARS TRUCKS
TIN,FRNT,SSW,DRY,DAY,MULTI,LIGHT,FINE,NRES,ROA
RAD,NSF,SSW,DRY,DAY,MULTI,MODERATE,FINE,INCIDENT,CYC
BSP,REAR,SSW,WET,DAY,SINGLE,NO,RAIN,RES,EMP
DEPOT,WIN,SSW,DRY,DAY,SINGLE,LIGHT,FINE,INCIDENT,POW
RAD,NSR,SSW,DRY,DAY,SINGLE,MODERATE,FINE,RES,BUS - OTHER
RAD,REAR,TAI,DRY,NIGHT,SINGLE,HEAVY,FINE,RES,EMP
BSP,NSF,SSW,DRY,DAY,MULTI,MODERATE,FINE,UN3PAR,ROA
RAD,MIR,SSW,DRY,DAY,SINGLE,LIGHT,FINE,RES,EMP
RAD,FRNT,SSW,DRY,DAY,SINGLE,LIGHT,FINE,PEND,EMP
BSP,NSF,SSW,DRY,NIGHT,MULTI,LIGHT,FINE,INCIDENT,PAS
BSP,FRNT,N2T,DRY,DAY,BUS,NO,FINE,RES,EMP
XRD,OSR,SSW,DRY,DUSK,MULTI,HEAVY,FINE,NRES,ROA
RAD,NSR,SSW,DRY,DAY,SINGLE,LIGHT,FINE,RES,EMP
TIN,OSR,TAI,DRY,DAY,SINGLE,LIGHT,FINE,RES,EMP
RAD,NSM,SSW,DRY,DAY,MULTI,LIGHT,FINE,RES,EMP
RAD,NSR,SSW,WET,DUSK,MULTI,MODERATE,RAIN,NRES,ROA
BSP,NSM,SSW,DRY,STREET,MULTI,LIGHT,FINE,RES,EMP
RAD,NSR,SSW,DRY,DAY,MULTI,LIGHT,FINE,RES,EMP
RAD,NSF,N2T,DRY,DAY,SINGLE,LIGHT,FINE,NRES,EMP
BSP,NSR,TAI,DRY,DAY,SINGLE,MODERATE,FINE,RES,EMP
BSP,OSR,HON,DRY,DAY,BUS,NO,FINE,NRES,CARS TRUCKS
RAD,MIR,SSW,DRY,DAY,SINGLE,LIGHT,FINE,NRES,EMP
RAD,NSR,SSW,DRY,DAY,SINGLE,LIGHT,FINE,RES,EMP
TIN,WSRE,SSW,DRY,DAY,MULTI,HEAVY,FINE,RES,EMP
RAD,OSM,SSW,DRY,DAWN,SINGLE,LIGHT,FINE,RES,EMP
BSP,NSR,SSW,DRY,DAWN,SINGLE,NO,FINE,RES,EMP
BSP,NSR,SSW,DRY,DAY,SINGLE,LIGHT,FINE,NRES,ROA
RAD,NSR,HON,DRY,DAY,SINGLE,LIGHT,FINE,RES,BUS - OTHER
BSP,NSF,HON,DRY,DAY,SINGLE,LIGHT,FINE,RES,BUS - OTHER
BSP,FRNT,HON,DRY,DAY,MULTI,LIGHT,FINE,INCIDENT,ENV
BSP,MIR,SSW,DRY,DAY,SINGLE,LIGHT,FINE,RES,EMP
RAD,OSR,SSW,DRY,DAY,MULTI,MODERATE,FINE,PEND,EMP
BSP,MIR,SSW,DRY,DAWN,SINGLE,MODERATE,FINE,RES,EMP
XRD,NSM,SSW,DRY,DUSK,SINGLE,LIGHT,FINE,RES,EMP
RAD,FRNT,BTMO,WET,DAY,SINGLE,MODERATE,RAIN,RES,EMP
BSP,OSR,SSW,DRY,DAY,MULTI,HEAVY,FINE,RES,EMP
RAD,NSF,HON,DRY,DAY,MULTI,LIGHT,FINE,UN3PAR,EMP
RBT,NSR,SSW,WET,DUSK,SINGLE,NO,RAIN,RES,EMP
RAD,NSF,SSW,DRY,DAY,MULTI,HEAVY,FINE,NRES,ROA
RAD,OSR,N2T,DRY,DAY,MULTI,MODERATE,FINE,NRES,ROA
RAD,NSF,SSW,DRY,DAY,SINGLE,LIGHT,FINE,RES,EMP
BSP,OSR,SSW,DRY,DAY,SINGLE,LIGHT,FINE,UN3PAR,CARS TRUCKS
RAD,OSM,SSW,DRY,DAY,SINGLE,LIGHT,FINE,INCIDENT,PL&EQ