location_code,damage_code,collision_code,road_code,light_code,road_type_code,traffic_code,weather_code,emp_liability_code,kpi_cause_code
RAD,MIR,HON,DRY,DAY,MULTI,LIGHT,FINE,RES,BUS - OTHER
RAD,REAR,N2T,DRY,DAY,MULTI,MODERATE,FINE,RES,CARS TRUCKS
XRD,OSR,TAI,DRY,DAY,SINGLE,LIGHT,FINE,RES,CARS TRUCKS
RAD,NSF,SSW,DRY,DAY,SINGLE,LIGHT,FINE,RES,CARS TRUCKS
RAD,MIR,SSW,DRY,DAY,MULTI,LIGHT,FINE,UN3PAR,CARS TRUCKS
RAD,OSR,SSW,DRY,DAY,SINGLE,LIGHT,FINE,NRES,EMP
RAD,OSF,SSW,DRY,DAY,MULTI,HEAVY,FINE,UN3PAR,CARS TRUCKS
BSP,OSR,SSW,DRY,DAY,BUS,NO,FINE,NRES,BUS - OTHER
BSP,OSR,N2T,DRY,DAY,MULTI,MODERATE,FINE,NRES,CARS TRUCKS
XRD,NSF,HON,DRY,DAY,SINGLE,HEAVY,FINE,RES,BUS - OTHER
BSP,NSR,TAI,DRY,DAY,SINGLE,MODERATE,FINE,RES,EMP
XRD,NSF,SSW,DRY,DAWN,MULTI,MODERATE,FINE,UN3PAR,EMP
RBT,NSR,BTMO,DRY,NIGHT,SINGLE,LIGHT,FINE,RES,GEN
RAD,OSM,SSW,DRY,DAY,MULTI,MODERATE,FINE,NRES,CARS TRUCKS
RAD,OSR,SSW,DRY,DAY,MULTI,MODERATE,FINE,RES,CARS TRUCKS
RAD,NSR,SSW,DRY,DAY,MULTI,LIGHT,FINE,NRES,ROA
BSP,MIR,SSW,DRY,DAY,MULTI,HEAVY,FINE,UN3PAR,CARS TRUCKS
RAD,NSR,SSW,WET,STREET,MULTI,MODERATE,RAIN,RES,CARS TRUCKS
BSP,NSR,TAI,DRY,DAY,SINGLE,LIGHT,FINE,RES,EMP
BSP,OSR,N2T,DRY,DAY,MULTI,HEAVY,FINE,NRES,CARS TRUCKS
RAD,NSM,SSW,DRY,DAY,SINGLE,LIGHT,FINE,RES,EMP
RAD,NSM,SSW,DRY,DAY,SINGLE,LIGHT,FINE,RES,EMP
RAD,OSF,SSW,DRY,DAY,SINGLE,NO,FINE,UN3PAR,GEN
RAD,NSM,SSW,DRY,DAY,MULTI,MODERATE,FINE,NRES,EMP
XRD,NSF,SSW,DRY,DAY,SINGLE,HEAVY,FINE,NRES,EMP
TIN,NSR,TAI,DRY,DAY,SINGLE,HEAVY,FINE,RES,CARS TRUCKS
BSP,MIR,SSW,DRY,DAY,SINGLE,HEAVY,FINE,RES,EMP
RAD,NSF,SSW,DRY,DAWN,SINGLE,HEAVY,FOG,RES,CARS TRUCKS
DEPOT,OSM,SSW,DRY,DAY,SINGLE,NO,FINE,UNREP,OTH
RAD,REAR,REVERSING,DRY,DAY,SINGLE,MODERATE,FINE,RES,CARS TRUCKS
BSP,NSR,SSW,DRY,DAY,BUS,LIGHT,FINE,RES,CARS TRUCKS
RAD,OSM,SSW,DRY,DAY,MULTI,MODERATE,FINE,NRES,ROA
RBT,NSM,SSW,WET,DAY,MULTI,HEAVY,RAIN,NRES,ROA
RAD,OSM,SSW,DRY,DUSK,SINGLE,NO,FINE,RES,EMP
RAD,NSF,SSW,DRY,DAY,MULTI,HEAVY,FINE,NRES,EMP
BSP,OSR,SSW,DRY,NIGHT,MULTI,MODERATE,FINE,NRES,ROA
RAD,NSR,SSW,DRY,DAY,MULTI,MODERATE,FINE,RES,EMP
RAD,NSF,SSW,DRY,DAY,SINGLE,LIGHT,FINE,NRES,EMP
RAD,FRNT,N2T,DRY,DAY,SINGLE,LIGHT,FINE,UN3PAR,ROA
RAD,OSM,SSW,DRY,DAY,SINGLE,MODERATE,FINE,RES,EMP
RAD,REAR,N2T,DRY,DAY,MULTI,LIGHT,FINE,RES,CARS TRUCKS
RAD,OSR,SSW,DRY,DAY,MULTI,LIGHT,FINE,RES,CARS TRUCKS
RAD,FRNT,N2T,WET,DAY,SINGLE,LIGHT,RAIN,RES,CARS TRUCKS
DEPOT,REAR,REVERSING,WET,DAY,SINGLE,NO,RAIN,RES,EMP
RAD,FRNT,N2T,WET,DAWN,SINGLE,LIGHT,RAIN,RES,BUS - OTHER
RAD,OSR,TAI,DRY,DAY,SINGLE,HEAVY,FINE,NRES,CARS TRUCKS
RAD,OSR,N2T,DRY,DAY,MULTI,HEAVY,FINE,NRES,EMP
XRD,NSF,TBO,DRY,DAY,SINGLE,HEAVY,FINE,NRES,ROA
RAD,REAR,N2T,WET,DUSK,SINGLE,HEAVY,RAIN,NRES,CARS TRUCKS
RAD,OSR,SSW,DRY,DAY,MULTI,LIGHT,FINE,RES,CARS TRUCKS
RAD,OSM,SSW,DRY,DAY,SINGLE,LIGHT,FINE,RES,EMP
RAD,WSRE,SSW,DRY,DAY,SINGLE,LIGHT,FINE,RES,EMP
RAD,OSM,SSW,DRY,DAY,SINGLE,LIGHT,FINE,NRES,EMP
RAD,REAR,N2T,DRY,DAY,SINGLE,LIGHT,FINE,NRES,CARS TRUCKS
RAD,MIR,HON,DRY,DAY,SINGLE,LIGHT,FINE,NRES,ROA
XRD,MIR,SSW,DRY,DAY,MULTI,MODERATE,FINE,NRES,CARS TRUCKS
XRD,OSR,REVERSING,DRY,DUSK,SINGLE,LIGHT,SUN,RES,EMP
RAD,NSF,SSW,DRY,DAY,SINGLE,HEAVY,FINE,RES,EMP
RAD,NSR,SSW,DRY,DAY,SINGLE,NO,FINE,RES,EMP
XRD,NSR,BTMO,DRY,DAY,MULTI,LIGHT,FINE,INCIDENT,EMP
RAD,NSM,TBO,DRY,DAY,SINGLE,LIGHT,FINE,NRES,ROA
RAD,NSM,TBO,DRY,DAY,MULTI,MODERATE,FINE,NRES,CARS TRUCKS
RAD,OSR,SSW,DRY,DAY,MULTI,LIGHT,FINE,NRES,EMP
RAD,NSR,N2T,DRY,DAY,SINGLE,LIGHT,FINE,NRES,EMP
RAD,NSR,SSW,DRY,DAY,SINGLE,LIGHT,FINE,NRES,EMP
RAD,MIR,SSW,DRY,DAY,SINGLE,NO,FINE,RES,EMP
RAD,NSM,SSW,DRY,DAY,SINGLE,LIGHT,FINE,RES,EMP
RAD,OSR,SSW,DRY,DAY,SINGLE,LIGHT,FINE,RES,EMP
BSP,NSR,SSW,WET,DAY,SINGLE,MODERATE,RAIN,RES,EMP
RAD,NSR,SSW,DRY,DAY,SINGLE,LIGHT,FINE,UN3PAR,CARS TRUCKS
RAD,NSM,SSW,DRY,DUSK,SINGLE,NO,FINE,RES,EMP
BSP,NSF,SSW,DRY,DAY,SINGLE,LIGHT,FINE,RES,CARS TRUCKS
RAD,REAR,TAI,DRY,DAY,SINGLE,LIGHT,FINE,RES,EMP
BSP,NSM,SSW,DRY,DAY,SINGLE,LIGHT,SUN,RES,BUS - OTHER
XRD,MIR,SSW,DRY,DAY,SINGLE,LIGHT,FINE,RES,EMP
RAD,NSR,SSW,DRY,DAY,MULTI,MODERATE,FINE,RES,EMP
RAD,MIR,SSW,DRY,NIGHT,SINGLE,LIGHT,FINE,RES,EMP
BSP,MIR,SSW,DRY,DAY,MULTI,LIGHT,SUN,UN3PAR,CARS TRUCKS
RAD,NSR,TBO,DRY,DAY,MULTI,LIGHT,FINE,NRES,EMP
RAD,WSRE,BTMO,DRY,DAY,SINGLE,LIGHT,FINE,INCIDENT,OTH
RAD,NSM,SSW,DRY,DAY,MULTI,LIGHT,FINE,RES,CARS TRUCKS
RAD,NSR,SSW,DRY,DAY,SINGLE,LIGHT,FINE,RES,CARS TRUCKS
RAD,NSR,REVERSING,DRY,DAY,MULTI,HEAVY,FINE,NRES,GEN
RAD,NSF,HON,DRY,DUSK,MULTI,HEAVY,FINE,NRES,CARS TRUCKS
XRD,FRNT,TBO,DRY,DAY,SINGLE,MODERATE,FINE,NRES,ROA
RAD,NSF,SSW,DRY,DAY,SINGLE,LIGHT,FINE,RES,CARS TRUCKS
RBT,NSF,HON,DRY,DAY,SINGLE,HEAVY,FINE,RES,EMP
BSP,MIR,HON,DRY,DAWN,BUS,LIGHT,FINE,RES,EMP
BSP,OSF,SSW,WET,DAY,SINGLE,HEAVY,RAIN,RES,ROA
BSP,OSM,SSW,DRY,NIGHT,MULTI,MODERATE,FINE,RES,CARS TRUCKS
BSP,MIR,SSW,DRY,DAY,SINGLE,MODERATE,FINE,UN3PAR,ROA
BSP,MIR,SSW,DRY,DAY,SINGLE,NO,FINE,RES,EMP
RAD,FRNT,TBO,DRY,DAY,SINGLE,MODERATE,FINE,RES,CARS TRUCKS
BSP,FRNT,HON,DRY,DAWN,SINGLE,LIGHT,FINE,RES,BUS - OTHER
RAD,OSR,SSW,DRY,DAY,SINGLE,LIGHT,FINE,NRES,ROA
RAD,OSR,TBO,DRY,DAY,SINGLE,LIGHT,FINE,NRES,EMP
RAD,REAR,TAI,DRY,DUSK,MULTI,MODERATE,RAIN,RES,EMP
BSP,MIR,SSW,DRY,DAY,MULTI,MODERATE,FINE,RES,EMP
RAD,FRNT,SSW,DRY,DAY,SINGLE,LIGHT,FINE,RES,EMP
RAD,NSR,SSW,DRY,DAY,MULTI,EXTREME,FINE,NRES,EMP
TIN,FRNT,TBO,DRY,DAY,MULTI,LIGHT,FINE,NRES,CARS TRUCKS
BSP,NSR,SSW,DRY,NIGHT,SINGLE,MODERATE,FINE,RES,CARS TRUCKS
BSP,MIR,SSW,DRY,DAY,SINGLE,LIGHT,FINE,RES,EMP
RAD,NSF,SSW,WET,NIGHT,MULTI,LIGHT,RAIN,NRES,EMP
RAD,NSM,SSW,DRY,DAY,SINGLE,HEAVY,FINE,RES,EMP
XRD,OSF,SSW,WET,DAY,MULTI,LIGHT,RAIN,RES,EMP
XRD,OSR,SSW,DRY,DAY,SINGLE,HEAVY,FINE,RES,EMP
XRD,OSF,SSW,DRY,DAY,MULTI,LIGHT,FINE,NRES,CARS TRUCKS
RAD,FRNT,SSW,DRY,DAY,SINGLE,LIGHT,FINE,RES,EMP
RAD,OSF,SSW,DRY,DAY,MULTI,MODERATE,FINE,RES,EMP
RAD,FRNT,N2T,DRY,DAY,MULTI,MODERATE,FINE,NRES,CARS TRUCKS
RAD,OSM,SSW,DRY,DAY,MULTI,MODERATE,FINE,NRES,CARS TRUCKS
RBT,FRNT,SSW,DRY,DAY,MULTI,MODERATE,FINE,RES,BUS - OTHER
RAD,FRNT,N2T,DRY,DAY,MULTI,LIGHT,FINE,NRES,ROA
RAD,OSR,SSW,DRY,DAY,SINGLE,LIGHT,FINE,RES,EMP
RAD,OSR,SSW,DRY,DAY,BUS,LIGHT,FINE,RES,CARS TRUCKS
RAD,OSM,SSW,DRY,DAY,MULTI,MODERATE,FINE,NRES,GEN
BSP,OSR,SSW,DRY,DAY,BUS,NO,FINE,RES,BUS - OTHER
XRD,FRNT,TAI,DRY,DAWN,MULTI,LIGHT,FINE,NRES,GEN
TIN,MIR,TAI,DRY,DAY,MULTI,LIGHT,FINE,UN3PAR,EMP
BSP,NSR,SSW,DRY,DAY,SINGLE,LIGHT,FINE,RES,EMP
XRD,REAR,SSW,DRY,DAY,SINGLE,LIGHT,FINE,NRES,ROA
RAD,FRNT,SSW,SLIP,DAY,SINGLE,NO,SUN,NRES,ROA
RAD,OSR,TAI,DRY,DAY,MULTI,MODERATE,FINE,RES,BUS - OTHER
RAD,NSM,SSW,DRY,DAY,SINGLE,LIGHT,FINE,RES,EMP
BSP,OSR,SSW,DRY,DAY,SINGLE,NO,FINE,RES,EMP
RAD,FRNT,SSW,DRY,DAY,MULTI,LIGHT,FINE,NRES,CARS TRUCKS
RAD,FRNT,HON,DRY,DAY,SINGLE,LIGHT,FINE,RES,OTH
RAD,NSR,REVERSING,DRY,DAY,SINGLE,LIGHT,FINE,NRES,ROA
BSP,OSR,SSW,WET,DAY,MULTI,HEAVY,RAIN,NRES,CARS TRUCKS
RAD,NSM,SSW,DRY,DAY,MULTI,LIGHT,FINE,NRES,EMP
RAD,REAR,SSW,DRY,DAY,SINGLE,LIGHT,FINE,RES,EMP
BSP,NSF,HON,DRY,DAY,SINGLE,LIGHT,FINE,RES,CARS TRUCKS
RAD,OSF,SSW,DRY,DAY,SINGLE,LIGHT,FINE,RES,OTH
RAD,NSM,SSW,DRY,DAY,MULTI,NO,FINE,RES,CARS TRUCKS
XRD,FRNT,N2T,WET,DAY,MULTI,HEAVY,RAIN,RES,EMP
TIN,NSM,SSW,DRY,NIGHT,SINGLE,LIGHT,FINE,RES,EMP
BSP,OSR,TAI,DRY,DAY,SINGLE,LIGHT,FINE,RES,EMP
RAD,OSF,SSW,DRY,NIGHT,MULTI,LIGHT,FINE,NRES,ROA
RAD,OSM,SSW,DRY,NIGHT,SINGLE,NO,FINE,RES,EMP
BSP,OSR,TBO,WET,NIGHT,SINGLE,LIGHT,RAIN,UN3PAR,CARS TRUCKS
BSP,MIR,N2T,DRY,DAY,SINGLE,LIGHT,FINE,RES,EMP
RAD,NSF,HON,DRY,NIGHT,SINGLE,LIGHT,FINE,INCIDENT,OTH
BSP,MIR,HON,DRY,DAY,SINGLE,LIGHT,FINE,RES,EMP
RAD,MIR,SSW,DRY,DAY,SINGLE,LIGHT,FINE,PEND,EMP
RAD,FRNT,N2T,DRY,DAY,SINGLE,LIGHT,FINE,RES,EMP
BSP,MIR,SSW,DRY,DAY,BUS,LIGHT,FINE,RES,CARS TRUCKS
RAD,NSR,N2T,DRY,DAY,SINGLE,LIGHT,FINE,RES,CARS TRUCKS
BSP,MIR,SSW,DRY,DAY,MULTI,LIGHT,FINE,UN3PAR,BUS - OTHER
RAD,NSR,TAI,DRY,DAY,MULTI,HEAVY,FINE,RES,BUS - OTHER
BSP,MIR,SSW,DRY,DAY,SINGLE,LIGHT,FINE,RES,CARS TRUCKS
RAD,OSF,SSW,DRY,DAY,MULTI,LIGHT,FINE,INCIDENT,CARS TRUCKS
RAD,NSR,SSW,DRY,DAY,MULTI,MODERATE,FINE,PEND,EMP
RAD,FRNT,SSW,DRY,DAY,SINGLE,HEAVY,FINE,RES,EMP
RAD,FRNT,TBO,DRY,DAY,SINGLE,MODERATE,FINE,RES,EMP
RBT,NSF,SSW,DRY,DAY,SINGLE,NO,FINE,RES,CARS TRUCKS
RAD,FRNT,HON,DRY,DAWN,SINGLE,LIGHT,FOG,INCIDENT,OTH
RAD,NSM,SSW,DRY,DAY,SINGLE,LIGHT,FINE,NRES,EMP
RAD,NSF,SSW,DRY,DAY,SINGLE,LIGHT,FINE,RES,EMP
RAD,OSR,N2T,DRY,DAY,SINGLE,LIGHT,FINE,UN3PAR,ROA
RAD,NSM,SSW,DRY,DAY,SINGLE,HEAVY,FINE,RES,EMP
RAD,REAR,N2T,SLIP,DAY,SINGLE,HEAVY,RAIN,UN3PAR,CARS TRUCKS
RBT,OSF,TBO,DRY,DAY,SINGLE,HEAVY,FINE,RES,EMP
RAD,OSR,SSW,DRY,DAY,SINGLE,LIGHT,FINE,PEND,EMP
RAD,NSR,SSW,DRY,DAY,SINGLE,LIGHT,FINE,RES,EMP
RAD,FRNT,HON,DRY,DAY,SINGLE,LIGHT,FINE,RES,BUS - OTHER
BSP,OSF,SSW,DRY,DAY,SINGLE,LIGHT,FINE,RES,EMP
RAD,REAR,SSW,DRY,DAY,SINGLE,LIGHT,FINE,RES,EMP
RAD,REAR,REVERSING,DRY,DAY,SINGLE,LIGHT,FINE,RES,EMP
BSP,MIR,HON,DRY,NIGHT,MULTI,NO,FINE,RES,EMP
RAD,NSM,HON,DRY,STREET,SINGLE,NO,FINE,NRES,CARS TRUCKS
RAD,WSRE,HON,DRY,DAY,MULTI,LIGHT,FINE,RES,EMP
RAD,REAR,SSW,DRY,DAY,SINGLE,LIGHT,FINE,NRES,EMP
RAD,NSF,SSW,DRY,DAY,SINGLE,MODERATE,FINE,RES,CARS TRUCKS
RAD,NSR,SSW,DRY,DAY,SINGLE,LIGHT,FINE,NRES,EMP
RAD,NSM,SSW,DRY,DAY,MULTI,LIGHT,FINE,NRES,ROA
RAD,NSM,SSW,DRY,DAY,SINGLE,LIGHT,FINE,NRES,EMP
RAD,OSR,SSW,DRY,DAY,SINGLE,LIGHT,FINE,NRES,EMP
RAD,REAR,SSW,WET,DAY,SINGLE,LIGHT,RAIN,NRES,EMP
RAD,MIR,SSW,DRY,DAWN,MULTI,LIGHT,FINE,RES,EMP
RAD,NSR,SSW,DRY,DAY,SINGLE,NO,FINE,RES,EMP
BSP,OSF,TBO,DRY,DAY,MULTI,HEAVY,FINE,NRES,CARS TRUCKS
RAD,FRNT,SSW,DRY,DAY,SINGLE,LIGHT,FINE,NRES,EMP
RAD,OSR,SSW,DRY,DAY,SINGLE,LIGHT,FINE,RES,EMP
RAD,NSF,SSW,DRY,DAY,SINGLE,LIGHT,FINE,RES,EMP
RAD,NSF,SSW,DRY,DAY,SINGLE,LIGHT,FINE,RES,EMP
RAD,NSM,SSW,DRY,DAY,SINGLE,LIGHT,FINE,RES,EMP
BSP,NSR,SSW,WET,DAY,SINGLE,HEAVY,FINE,RES,EMP
RAD,NSR,SSW,WET,DAY,MULTI,HEAVY,FINE,RES,EMP
XRD,NSF,SSW,DRY,DAY,SINGLE,LIGHT,FINE,NRES,CARS TRUCKS
BSP,NSR,SSW,DRY,DAY,SINGLE,NO,FINE,RES,BUS - OTHER
BSP,NSF,HON,DRY,DAWN,MULTI,LIGHT,SUN,RES,EMP
RAD,OSM,SSW,DRY,DAY,SINGLE,LIGHT,FINE,RES,EMP
BSP,MIR,SSW,DRY,DAY,MULTI,HEAVY,FINE,RES,EMP
RAD,OSF,SSW,DRY,DAY,MULTI,HEAVY,FINE,NRES,CARS TRUCKS
RAD,NSF,SSW,DRY,DAY,SINGLE,LIGHT,FINE,INCIDENT,ENV
RAD,WIN,SSW,DRY,DAY,SINGLE,LIGHT,FINE,NRES,EMP
XRD,MIR,SSW,DRY,DAWN,MULTI,MODERATE,FINE,NRES,CARS TRUCKS
RAD,OSF,SSW,DRY,DAY,SINGLE,LIGHT,FINE,NRES,EMP
BSP,OSR,SSW,DRY,DAY,SINGLE,HEAVY,FINE,NRES,CARS TRUCKS
BSP,NSR,N2T,DRY,DAY,MULTI,HEAVY,FINE,NRES,GEN
RAD,OSR,TAI,DRY,NIGHT,MULTI,HEAVY,FINE,RES,BUS - OTHER
RAD,NSM,SSW,WET,DAY,MULTI,EXTREME,RAIN,RES,EMP
BSP,FRNT,HON,DRY,DAY,BUS,LIGHT,FINE,RES,EMP
RAD,OSR,TAI,DRY,DAY,MULTI,LIGHT,FINE,RES,BUS - OTHER
RAD,NSR,N2T,DRY,DAY,MULTI,MODERATE,FINE,NRES,EMP
BSP,NSR,SSW,DRY,DAY,MULTI,HEAVY,FINE,RES,EMP
RAD,OSF,SSW,DRY,DAY,SINGLE,LIGHT,FINE,NRES,EMP
RAD,FRNT,SSW,DRY,DAY,SINGLE,LIGHT,FINE,RES,EMP
RAD,NSR,SSW,DRY,DAY,SINGLE,LIGHT,FINE,RES,EMP
RAD,OSR,SSW,SLIP,DAY,SINGLE,NO,FINE,RES,EMP
RAD,FRNT,HON,DRY,DAY,MULTI,MODERATE,FINE,RES,EMP
RAD,NSR,SSW,DRY,DAY,SINGLE,LIGHT,FINE,NRES,EMP
RAD,FRNT,SSW,DRY,DAY,SINGLE,LIGHT,FINE,NRES,EMP
BSP,NSF,SSW,DRY,DAY,SINGLE,LIGHT,FINE,RES,EMP
RAD,OSF,SSW,DRY,DAY,SINGLE,LIGHT,FINE,NRES,EMP
TIN,NSM,SSW,DRY,NIGHT,SINGLE,LIGHT,FINE,RES,BUS - OTHER
RAD,NSF,SSW,DRY,DAY,MULTI,MODERATE,FINE,NRES,CARS TRUCKS
RAD,NSM,SSW,DRY,DAWN,SINGLE,LIGHT,FINE,RES,OTH
BSP,NSM,SSW,DRY,DAY,BUS,NO,FINE,RES,EMP
RAD,REAR,REVERSING,DRY,DAY,SINGLE,NO,FINE,RES,EMP
RAD,MIR,SSW,DRY,DAY,SINGLE,LIGHT,FINE,RES,EMP
RAD,NSF,SSW,DRY,DAY,SINGLE,LIGHT,FINE,RES,CARS TRUCKS
BSP,OSR,SSW,DRY,DAY,SINGLE,LIGHT,FINE,NRES,ROA
RAD,NSR,SSW,DRY,DAY,MULTI,HEAVY,FINE,UN3PAR,ROA
RAD,OSF,HON,WET,DAY,MULTI,HEAVY,RAIN,NRES,ROA
RAD,NSM,SSW,DRY,DAY,SINGLE,LIGHT,FINE,NRES,EMP
TIN,REAR,SSW,DRY,DAY,SINGLE,MODERATE,FINE,RES,CARS TRUCKS
BSP,NSR,SSW,DRY,DAY,BUS,LIGHT,FINE,INCIDENT,EMP
RAD,NSF,SSW,DRY,DAY,SINGLE,LIGHT,FINE,RES,EMP
RAD,REAR,SSW,DRY,DAY,SINGLE,LIGHT,FINE,NRES,EMP
BSP,OSF,SSW,SLIP,DAY,MULTI,MODERATE,FINE,UN3PAR,ROA
RAD,REAR,REVERSING,DRY,NIGHT,SINGLE,LIGHT,FINE,RES,EMP
TIN,MIR,SSW,WET,DAY,SINGLE,MODERATE,FINE,NRES,EMP
RAD,MIR,SSW,DRY,DAY,SINGLE,HEAVY,FINE,RES,EMP
RAD,OSF,SSW,DRY,DAY,MULTI,MODERATE,FINE,NRES,ROA
DEPOT,FRNT,TBO,DRY,DAY,MULTI,LIGHT,FINE,NRES,CARS TRUCKS
RAD,OSF,SSW,DRY,NIGHT,SINGLE,LIGHT,FINE,INCIDENT,GEN
XRD,MIR,SSW,DRY,DAY,MULTI,MODERATE,FINE,NRES,ROA
BSP,NSF,HON,DRY,DAY,SINGLE,LIGHT,FINE,RES,EMP
BSP,REAR,TAI,DRY,DAY,BUS,MODERATE,FINE,RES,BUS - OTHER
RAD,NSF,SSW,DRY,DAY,MULTI,MODERATE,FINE,NRES,CARS TRUCKS
BSP,OSR,N2T,DRY,DAY,MULTI,HEAVY,FINE,NRES,ROA
RAD,OSM,TBO,DRY,DAY,SINGLE,MODERATE,FINE,NRES,ROA
RAD,OSR,SSW,DRY,DAY,SINGLE,LIGHT,FINE,RES,OTH
RAD,NSF,SSW,DRY,DAY,SINGLE,LIGHT,FINE,RES,EMP
RAD,NSR,SSW,DRY,DAY,SINGLE,LIGHT,FINE,RES,EMP
RAD,OSR,TAI,DRY,DAY,MULTI,HEAVY,FINE,RES,EMP
RAD,NSR,SSW,DRY,DAY,MULTI,LIGHT,FINE,NRES,CARS TRUCKS
BSP,NSR,SSW,DRY,DAY,SINGLE,NO,FINE,RES,EMP
RAD,NSF,SSW,DRY,DAY,SINGLE,LIGHT,FINE,UNREP,OTH
RAD,NSR,SSW,DRY,NIGHT,MULTI,MODERATE,FINE,RES,EMP
RAD,OSR,SSW,DRY,DAY,SINGLE,LIGHT,FINE,PEND,EMP
RAD,NSR,SSW,DRY,DAY,SINGLE,LIGHT,FINE,RES,EMP
RAD,OSF,SSW,DRY,DAY,SINGLE,LIGHT,FINE,PEND,EMP
BSP,MIR,SSW,DRY,DAY,SINGLE,MODERATE,FINE,RES,EMP
XRD,NSF,SSW,DRY,DAY,MULTI,HEAVY,FINE,RES,CARS TRUCKS
DEPOT,FRNT,SSW,DRY,DAY,SINGLE,NO,FINE,INCIDENT,EMP
RAD,REAR,REVERSING,DRY,DAY,SINGLE,MODERATE,FINE,RES,EMP
RAD,OSF,SSW,DRY,DAY,SINGLE,MODERATE,FINE,NRES,EMP
RAD,NSR,SSW,DRY,DAWN,SINGLE,LIGHT,FINE,RES,EMP
RAD,NSR,TBO,DRY,DAY,MULTI,MODERATE,FINE,NRES,EMP
RAD,OSF,SSW,DRY,DAY,MULTI,HEAVY,FINE,RES,EMP
BSP,OSR,SSW,DRY,DAY,BUS,NO,FINE,NRES,EMP
BSP,OSF,SSW,DRY,DAY,BUS,NO,FINE,RES,EMP
BSP,MIR,SSW,DRY,DAY,BUS,MODERATE,FINE,RES,BUS - OTHER
BSP,OSR,SSW,DRY,DAY,SINGLE,NO,FINE,NRES,BUS - OTHER
BSP,FRNT,HON,DRY,DAY,SINGLE,LIGHT,FINE,INCIDENT,ENV
RAD,NSM,SSW,DRY,DAY,SINGLE,LIGHT,FINE,RES,EMP
RAD,NSR,SSW,DRY,DAY,SINGLE,MODERATE,FINE,RES,EMP
RAD,NSR,SSW,DRY,NIGHT,SINGLE,MODERATE,FINE,RES,EMP
RAD,NSR,SSW,DRY,DAY,SINGLE,LIGHT,FINE,RES,EMP
BSP,OSR,N2T,DRY,DAY,MULTI,HEAVY,FINE,NRES,CARS TRUCKS
XRD,FRNT,TBO,DRY,DAY,SINGLE,MODERATE,FINE,RES,EMP
RAD,MIR,SSW,DRY,DAY,MULTI,MODERATE,FINE,NRES,EMP
RAD,WIN,SSW,WET,NIGHT,MULTI,LIGHT,RAIN,NRES,EMP
RAD,NSF,HON,DRY,DAY,SINGLE,LIGHT,FINE,RES,EMP
RAD,OSF,SSW,DRY,DAY,SINGLE,LIGHT,FINE,NRES,EMP
RAD,NSR,SSW,DRY,DAY,SINGLE,LIGHT,FINE,RES,EMP
RAD,OSR,SSW,DRY,DAY,SINGLE,LIGHT,FINE,RES,EMP
RAD,OSR,TAI,DRY,DUSK,MULTI,HEAVY,FINE,NRES,ROA
RAD,NSR,SSW,DRY,DAY,SINGLE,LIGHT,FINE,RES,EMP
RAD,NSF,SSW,SLIP,DAY,BUS,HEAVY,RAIN,RES,EMP
RAD,MIR,SSW,DRY,DAY,MULTI,MODERATE,FINE,NRES,EMP
RAD,NSM,SSW,DRY,DAWN,SINGLE,HEAVY,FINE,RES,EMP
TIN,NSM,SSW,WET,DAY,MULTI,MODERATE,RAIN,RES,CARS TRUCKS
RAD,WIN,SSW,DRY,DAY,SINGLE,LIGHT,FINE,UN3PAR,GEN
RAD,NSR,SSW,WET,NIGHT,SINGLE,LIGHT,RAIN,RES,EMP
RAD,MIR,SSW,DRY,DAY,SINGLE,LIGHT,FINE,UN3PAR,ROA
RAD,OSF,SSW,DRY,DAY,SINGLE,LIGHT,FINE,RES,EMP
RAD,NSR,SSW,DRY,NIGHT,SINGLE,MODERATE,FINE,RES,EMP
RAD,NSR,SSW,DRY,DAY,SINGLE,LIGHT,FINE,NRES,EMP
XRD,NSM,SSW,DRY,DAY,SINGLE,HEAVY,FINE,NRES,CARS TRUCKS
BSP,TOPF,HON,DRY,DAY,BUS,HEAVY,FINE,RES,EMP
RAD,NSF,SSW,DRY,DAY,SINGLE,LIGHT,FINE,NRES,ROA
RAD,NSR,SSW,DRY,DAY,SINGLE,LIGHT,FINE,RES,EMP
RAD,REAR,SSW,DRY,DAY,SINGLE,LIGHT,FINE,NRES,ROA
RAD,OSR,SSW,DRY,DAY,SINGLE,LIGHT,FINE,PEND,EMP
RAD,MIR,SSW,WET,DAY,MULTI,LIGHT,RAIN,RES,EMP
RAD,MIR,HON,SLIP,DAWN,MULTI,HEAVY,RAIN,RES,CARS TRUCKS
TIN,FRNT,N2T,DRY,DAY,SINGLE,LIGHT,FINE,RES,EMP
RAD,OSR,N2T,DRY,DAY,SINGLE,HEAVY,FINE,UN3PAR,ROA
RAD,NSM,SSW,DRY,DAY,SINGLE,MODERATE,FINE,UN3PAR,ROA
RAD,NSR,SSW,DRY,DAY,SINGLE,LIGHT,FINE,PEND,EMP
RAD,NSR,SSW,WET,STREET,BUS,NO,FINE,RES,EMP
RAD,NSF,SSW,DRY,DAY,MULTI,MODERATE,FINE,RES,EMP
XRD,NSF,SSW,DRY,DAY,MULTI,HEAVY,FINE,NRES,EMP
BSP,NSR,SSW,DRY,DAY,SINGLE,LIGHT,FINE,RES,EMP