location_code,damage_code,collision_code,road_code,light_code,road_type_code,traffic_code,weather_code,emp_liability_code,kpi_cause_code
XRD,FRNT,HON,DRY,DAY,MULTI,LIGHT,FINE,NRES,CARS TRUCKS
BSP,OSF,SSW,DRY,DAY,BUS,HEAVY,FINE,UN3PAR,ROA
XRD,FRNT,SSW,DRY,DAY,MULTI,LIGHT,FINE,NRES,ROA
RAD,OSF,N2T,DRY,DAY,MULTI,LIGHT,FINE,NRES,ROA
RAD,NSM,SSW,DRY,DAY,MULTI,MODERATE,FINE,RES,EMP
XRD,MIR,SSW,DRY,DAY,MULTI,MODERATE,FINE,RES,EMP
RAD,REAR,N2T,DRY,DAY,FREE,HEAVY,FINE,NRES,EMP
RAD,NSR,SSW,DRY,DAY,MULTI,LIGHT,FINE,NRES,CARS TRUCKS
RAD,NSR,SSW,DRY,DAY,SINGLE,LIGHT,FINE,NRES,EMP
BSP,NSR,SSW,DRY,DAY,SINGLE,LIGHT,FINE,RES,EMP
RAD,OSR,TAI,DRY,DAY,SINGLE,LIGHT,FINE,RES,EMP
RAD,NSR,N2T,DRY,DAY,MULTI,MODERATE,FINE,NRES,ROA
RAD,NSM,SSW,DRY,DAY,SINGLE,LIGHT,FINE,NRES,ROA
RAD,MIR,SSW,DRY,DAY,SINGLE,MODERATE,FINE,UN3PAR,ROA
RAD,NSR,TBO,DRY,DAY,MULTI,LIGHT,FINE,NRES,ROA
RAD,NSF,SSW,DRY,DAY,SINGLE,LIGHT,FINE,RES,EMP
XRD,OSF,SSW,DRY,DAY,MULTI,HEAVY,FINE,RES,EMP
RAD,MIR,SSW,DRY,DAY,MULTI,MODERATE,FINE,NRES,ROA
XRD,FRNT,HON,DRY,DAY,SINGLE,NO,FINE,RES,EMP
RAD,FRNT,SSW,DRY,DAY,SINGLE,LIGHT,FINE,NRES,EMP
XRD,MIR,HON,WET,DAY,SINGLE,NO,RAIN,RES,EMP
BSP,NSR,SSW,DRY,DAY,SINGLE,LIGHT,FINE,INCIDENT,GEN
XRD,NSF,SSW,DRY,DAY,SINGLE,LIGHT,FINE,RES,EMP
RAD,OSM,SSW,DRY,DAY,SINGLE,LIGHT,FINE,NRES,ROA
RAD,NSM,SSW,DRY,DAY,SINGLE,LIGHT,FINE,RES,EMP
RAD,NSM,SSW,DRY,DAWN,SINGLE,NO,FINE,RES,EMP
BSP,OSR,SSW,DRY,DAY,MULTI,HEAVY,FINE,RES,EMP
RAD,NSR,SSW,DRY,DAY,SINGLE,LIGHT,FINE,RES,EMP
RAD,OSR,SSW,DRY,DAY,MULTI,MODERATE,FINE,UN3PAR,CARS TRUCKS
RAD,NSR,BTMO,DRY,NIGHT,BUS,LIGHT,FINE,NRES,GEN
XRD,NSF,TBO,DRY,DAY,MULTI,MODERATE,FINE,RES,EMP
BSP,OSR,BTMO,SLIP,DAY,SINGLE,LIGHT,FINE,RES,EMP
XRD,OSM,SSW,DRY,DAY,SINGLE,NO,FINE,RES,EMP
BSP,NSR,SSW,DRY,DAY,SINGLE,MODERATE,FINE,RES,EMP
BSP,FRNT,HON,DRY,DAY,SINGLE,LIGHT,FINE,RES,EMP
RAD,OSR,SSW,DRY,DAY,SINGLE,HEAVY,FINE,RES,EMP
BSP,OSF,SSW,DRY,DAY,MULTI,HEAVY,FINE,NRES,ROA
RAD,NSR,SSW,DRY,DAY,SINGLE,LIGHT,FINE,NRES,EMP
XRD,NSR,HON,DRY,DAY,MULTI,NO,FINE,RES,EMP
RAD,MIR,SSW,DRY,DAY,MULTI,HEAVY,FINE,RES,EMP
RAD,WSRE,SSW,DRY,DAY,SINGLE,LIGHT,FINE,NRES,EMP
BSP,NSR,SSW,WET,DAY,SINGLE,LIGHT,FINE,RES,EMP
BSP,REAR,N2T,WET,DAY,MULTI,HEAVY,RAIN,NRES,ROA
BSP,NSR,SSW,DRY,DAY,SINGLE,LIGHT,FINE,RES,EMP
RAD,MIR,SSW,DRY,DUSK,MULTI,MODERATE,FINE,RES,EMP
RAD,NSR,SSW,DRY,DAY,SINGLE,LIGHT,FINE,RES,EMP
XRD,OSR,SSW,DRY,DAY,SINGLE,HEAVY,FINE,UN3PAR,ROA
TIN,OSR,TAI,DRY,DAY,MULTI,MODERATE,FINE,UN3PAR,ROA
RAD,NSF,BTMO,WET,NIGHT,MULTI,MODERATE,RAIN,RES,EMP
XRD,NSM,SSW,DRY,NIGHT,MULTI,HEAVY,FINE,NRES,ROA
RAD,NSR,SSW,DRY,NIGHT,SINGLE,LIGHT,FINE,RES,EMP
RBT,OSM,SSW,DRY,NIGHT,MULTI,NO,FINE,RES,EMP
RAD,OSR,SSW,DRY,DAY,SINGLE,LIGHT,FINE,UN3PAR,ROA
RAD,OSR,SSW,DRY,DAY,MULTI,MODERATE,FINE,RES,EMP
RAD,FRNT,SSW,DRY,DAY,SINGLE,LIGHT,FINE,UN3PAR,GEN
RAD,NSR,SSW,DRY,DAY,MULTI,HEAVY,FINE,RES,CARS TRUCKS
RAD,MIR,HON,DRY,DAY,SINGLE,HEAVY,FINE,RES,BUS - OTHER
RAD,OSF,TBO,WET,NIGHT,MULTI,HEAVY,FINE,NRES,ROA
RAD,OSR,TAI,DRY,DAY,SINGLE,LIGHT,FINE,RES,CARS TRUCKS
RAD,MIR,SSW,WET,DAY,MULTI,LIGHT,RAIN,RES,EMP
BSP,MIR,SSW,DRY,DAY,MULTI,LIGHT,FINE,NRES,EMP
RAD,NSR,SSW,WET,DAY,SINGLE,LIGHT,FINE,RES,BUS - OTHER
RAD,OSF,SSW,DRY,DAY,SINGLE,LIGHT,FINE,RES,EMP
BSP,NSR,TAI,SLIP,NIGHT,SINGLE,NO,FINE,RES,EMP
RAD,NSR,SSW,DRY,DAY,SINGLE,NO,FINE,RES,EMP
RAD,NSF,SSW,DRY,DAY,SINGLE,LIGHT,FINE,PEND,EMP
RAD,NSF,SSW,DRY,DAY,SINGLE,LIGHT,FINE,NRES,ROA
RAD,REAR,N2T,DRY,DAY,MULTI,HEAVY,FINE,UN3PAR,CARS TRUCKS
RAD,FRNT,SSW,WET,DAY,MULTI,MODERATE,RAIN,RES,BUS - OTHER
RAD,NSR,SSW,DRY,DAY,SINGLE,LIGHT,FINE,RES,EMP
TIN,OSM,SSW,DRY,DAY,SINGLE,LIGHT,FINE,UN3PAR,ROA
XRD,FRNT,HON,DRY,DAY,MULTI,LIGHT,FINE,RES,ENV
RAD,FRNT,ROO,DRY,DAY,SINGLE,MODERATE,FINE,RES,ENV
XRD,OSR,N2T,DRY,DAY,SINGLE,MODERATE,FINE,NRES,ROA
RAD,OSM,SSW,DRY,DAY,SINGLE,LIGHT,FINE,RES,EMP
RBT,FRNT,BTMO,DRY,DAY,SINGLE,NO,FINE,RES,EMP
BSP,OSF,SSW,DRY,DAY,BUS,NO,FINE,NRES,GEN
RAD,NSF,SSW,DRY,DAY,SINGLE,MODERATE,FINE,NRES,CARS TRUCKS
RAD,NSF,HON,DRY,DAY,SINGLE,LIGHT,FINE,UN3PAR,EMP
TIN,FRNT,SSW,DRY,DAY,MULTI,LIGHT,FINE,NRES,ROA
BSP,NSM,SSW,DRY,DAY,SINGLE,LIGHT,FINE,RES,EMP
RBT,REAR,TBO,DRY,DAY,SINGLE,HEAVY,FINE,NRES,CARS TRUCKS
BSP,OSF,HON,DRY,NIGHT,SINGLE,NO,FINE,RES,EMP
BSP,NSR,TAI,DRY,DAY,SINGLE,LIGHT,FINE,RES,EMP
RAD,NSF,HON,DRY,DAY,SINGLE,MODERATE,FINE,NRES,EMP
RAD,NSF,HON,DRY,DAY,MULTI,HEAVY,FINE,RES,EMP
RAD,OSF,SSW,DRY,DAY,SINGLE,HEAVY,FINE,RES,EMP
RAD,OSR,SSW,DRY,DAY,SINGLE,LIGHT,FINE,RES,EMP
RAD,NSR,SSW,DRY,DAY,SINGLE,LIGHT,FINE,RES,EMP
BSP,MIR,SSW,DRY,DAY,MULTI,HEAVY,FINE,RES,EMP
RAD,NSR,SSW,DRY,DAY,MULTI,MODERATE,FINE,RES,EMP
RBT,NSM,SSW,WET,NIGHT,SINGLE,LIGHT,RAIN,RES,EMP
XRD,OSR,SSW,DRY,DAY,SINGLE,HEAVY,SUN,RES,EMP
BSP,OSM,SSW,DRY,NIGHT,SINGLE,NO,FINE,RES,EMP
RAD,NSF,SSW,DRY,DAY,SINGLE,MODERATE,FINE,NRES,EMP
RAD,NSR,SSW,DRY,DAY,SINGLE,LIGHT,FINE,RES,EMP
XRD,NSF,TAI,DRY,DAY,SINGLE,LIGHT,FINE,RES,EMP
XRD,NSF,SSW,DRY,NIGHT,SINGLE,LIGHT,FINE,RES,EMP
RAD,NSR,SSW,DRY,DAY,SINGLE,LIGHT,FINE,RES,CARS TRUCKS
RAD,WIN,SSW,DRY,DAY,SINGLE,LIGHT,FINE,NRES,EMP
RAD,NSM,SSW,DRY,DAY,SINGLE,LIGHT,FINE,RES,BUS - OTHER
RAD,NSR,REVERSING,DRY,DAY,SINGLE,MODERATE,FOG,NRES,ROA
XRD,OSF,SSW,DRY,DAY,MULTI,HEAVY,FINE,RES,EMP
XRD,NSF,ROO,DRY,DAY,MULTI,HEAVY,FINE,RES,EMP
RAD,NSR,BTMO,DRY,DAY,SINGLE,MODERATE,FINE,RES,EMP
BSP,OSR,N2T,WET,DAY,SINGLE,LIGHT,RAIN,UN3PAR,ROA
RAD,OSR,SSW,DRY,DAY,SINGLE,LIGHT,FINE,RES,EMP
RAD,NSM,SSW,DRY,NIGHT,MULTI,EXTREME,FINE,RES,EMP
RAD,NSF,SSW,DRY,DAY,MULTI,MODERATE,FINE,RES,EMP
BSP,OSF,SSW,DRY,DAY,SINGLE,NO,FINE,RES,EMP
BSP,NSM,SSW,DRY,DAY,SINGLE,LIGHT,FINE,RES,EMP
RAD,OSF,SSW,DRY,DAY,SINGLE,LIGHT,FINE,PEND,EMP
RAD,REAR,SSW,DRY,DAY,SINGLE,LIGHT,FINE,PEND,EMP
RAD,NSR,SSW,DRY,DAY,MULTI,HEAVY,FINE,RES,EMP
TIN,NSM,SSW,DRY,DAY,MULTI,MODERATE,FINE,NRES,CARS TRUCKS
BSP,NSR,SSW,DRY,DAY,MULTI,LIGHT,FINE,NRES,CARS TRUCKS
RAD,NSF,SSW,DRY,DAY,SINGLE,LIGHT,FINE,PEND,EMP
TIN,NSR,SSW,DRY,DAY,SINGLE,LIGHT,FINE,RES,EMP
TIN,OSM,SSW,DRY,DAY,MULTI,HEAVY,FINE,RES,ROA
RAD,FRNT,N2T,DRY,DAY,MULTI,MODERATE,FINE,RES,EMP
RAD,FRNT,ROO,DRY,DAY,SINGLE,LIGHT,FINE,RES,EMP
RAD,NSR,SSW,DRY,DAY,SINGLE,HEAVY,FINE,RES,EMP
RAD,MIR,SSW,WET,DAY,MULTI,LIGHT,RAIN,NRES,CARS TRUCKS
RAD,NSR,SSW,DRY,DAY,SINGLE,LIGHT,FINE,RES,EMP
RAD,FRNT,HON,DRY,DAY,SINGLE,MODERATE,FINE,INCIDENT,ENV
RAD,NSR,N2T,DRY,DAY,SINGLE,LIGHT,FINE,NRES,ROA
BSP,OSR,SSW,DRY,NIGHT,SINGLE,MODERATE,FINE,NRES,EMP
RAD,OSM,SSW,DRY,DAY,SINGLE,LIGHT,FINE,RES,EMP
RAD,NSF,SSW,DRY,DAY,SINGLE,LIGHT,FINE,PEND,EMP
BSP,OSR,SSW,DRY,NIGHT,SINGLE,NO,FINE,NRES,ROA
RAD,OSF,SSW,DRY,DAY,SINGLE,LIGHT,FINE,RES,CARS TRUCKS
RAD,MIR,SSW,DRY,DAY,MULTI,LIGHT,FINE,NRES,EMP
RAD,NSR,SSW,DRY,DAY,MULTI,MODERATE,FINE,RES,EMP
RAD,FRNT,HON,DRY,DAY,BUS,MODERATE,FINE,INCIDENT,ENV
XRD,OSF,SSW,DRY,DAY,MULTI,HEAVY,FINE,NRES,GEN
RAD,NSM,SSW,DRY,DAY,SINGLE,HEAVY,FINE,RES,EMP
RAD,NSM,SSW,DRY,DAY,SINGLE,MODERATE,FINE,RES,EMP
RAD,NSM,SSW,DRY,NIGHT,SINGLE,MODERATE,FINE,INCIDENT,GEN
BSP,OSF,SSW,DRY,DAY,SINGLE,LIGHT,FINE,RES,EMP
RAD,NSR,TAI,DRY,NIGHT,SINGLE,NO,FINE,RES,EMP
RAD,FRNT,SSW,DRY,DAY,SINGLE,LIGHT,FINE,RES,EMP
RAD,NSF,SSW,DRY,DUSK,SINGLE,NO,FINE,RES,EMP
RAD,OSF,SSW,DRY,DAY,SINGLE,LIGHT,FINE,NRES,EMP
XRD,NSR,SSW,DRY,DAY,MULTI,LIGHT,FINE,INCIDENT,CARS TRUCKS
RAD,NSR,SSW,DRY,DAWN,BUS,MODERATE,FINE,RES,EMP
XRD,NSM,SSW,DRY,DAY,MULTI,LIGHT,FINE,NRES,ROA
XRD,NSR,N2T,DRY,DAY,MULTI,HEAVY,FINE,NRES,EMP
BSP,NSM,SSW,DRY,DAY,SINGLE,NO,FINE,RES,BUS - OTHER
RAD,OSR,SSW,DRY,DAY,MULTI,HEAVY,FINE,NRES,GEN
BSP,OSR,SSW,DRY,DAY,SINGLE,LIGHT,FINE,NRES,BUS - OTHER
RAD,REAR,N2T,DRY,DAY,SINGLE,LIGHT,FINE,NRES,OTH
RAD,NSR,SSW,DRY,DAY,SINGLE,LIGHT,FINE,RES,EMP
RAD,NSR,SSW,DRY,DAY,SINGLE,LIGHT,FINE,RES,EMP
RAD,NSM,TBO,DRY,DAY,SINGLE,LIGHT,FINE,NRES,GEN
XRD,FRNT,SSW,WET,DUSK,SINGLE,LIGHT,RAIN,RES,EMP
BSP,OSR,TAI,DRY,DAY,SINGLE,MODERATE,FINE,RES,EMP
BSP,NSR,REVERSING,WET,DAY,MULTI,LIGHT,FINE,NRES,CARS TRUCKS
RAD,NSM,TBO,DRY,DAY,SINGLE,LIGHT,FINE,NRES,CARS TRUCKS
RAD,NSR,SSW,DRY,DAY,SINGLE,LIGHT,FINE,RES,EMP
RAD,NSR,SSW,WET,NIGHT,SINGLE,LIGHT,RAIN,RES,EMP
RAD,NSF,SSW,DRY,DAY,SINGLE,LIGHT,SUN,RES,BUS - OTHER
RAD,NSR,SSW,DRY,DAY,SINGLE,LIGHT,FINE,RES,EMP
RAD,OSM,SSW,DRY,DAY,BUS,MODERATE,FINE,NRES,CARS TRUCKS
RAD,NSM,SSW,DRY,NIGHT,MULTI,MODERATE,FINE,NRES,PAS
BSP,MIR,SSW,DRY,DAY,SINGLE,LIGHT,FINE,RES,EMP
RAD,FRNT,SSW,DRY,DAY,SINGLE,LIGHT,FINE,NRES,CARS TRUCKS
RAD,NSF,TBO,DRY,NIGHT,MULTI,HEAVY,FINE,NRES,CARS TRUCKS
RAD,OSR,SSW,DRY,DAY,SINGLE,LIGHT,FINE,NRES,CARS TRUCKS
RAD,WIN,SSW,DRY,NIGHT,SINGLE,LIGHT,FINE,INCIDENT,GEN
RAD,OSM,SSW,DRY,DAY,SINGLE,LIGHT,FINE,NRES,EMP
BSP,NSR,TAI,DRY,DAY,MULTI,LIGHT,FINE,RES,EMP
RAD,OSF,SSW,DRY,DAY,SINGLE,LIGHT,FINE,NRES,ROA
RAD,NSR,SSW,DRY,DAY,SINGLE,HEAVY,FINE,RES,EMP
BSP,OSR,N2T,DRY,DAY,SINGLE,LIGHT,FINE,NRES,ROA
XRD,NSR,SSW,DRY,DAY,SINGLE,MODERATE,FINE,RES,BUS - OTHER
RAD,MIR,SSW,DRY,DAWN,MULTI,HEAVY,FINE,RES,EMP
RAD,OSM,SSW,DRY,DAY,SINGLE,NO,FINE,RES,EMP
BSP,NSF,SSW,DRY,DAY,SINGLE,LIGHT,FINE,RES,ENV
XRD,OSF,SSW,DRY,DUSK,MULTI,HEAVY,FINE,RES,CARS TRUCKS
BSP,NSR,TAI,DRY,DAY,BUS,NO,FINE,RES,CARS TRUCKS
BSP,MIR,SSW,DRY,DAY,BUS,MODERATE,FINE,OTHERBUS,CARS TRUCKS
RAD,NSM,TBO,WET,DAY,MULTI,MODERATE,RAIN,NRES,CARS TRUCKS
RAD,NSM,SSW,DRY,DAY,SINGLE,LIGHT,FINE,RES,EMP
RAD,NSF,SSW,WET,DAY,MULTI,LIGHT,RAIN,RES,EMP
RAD,MIR,SSW,DRY,DAY,SINGLE,HEAVY,FINE,RES,EMP
RAD,NSF,SSW,DRY,DAY,MULTI,MODERATE,FINE,RES,EMP
BSP,OSR,SSW,DRY,DAY,SINGLE,LIGHT,FINE,NRES,BUS - OTHER
RAD,OSR,SSW,DRY,DAY,MULTI,MODERATE,FINE,UN3PAR,CARS TRUCKS
RAD,OSR,SSW,DRY,DAY,SINGLE,NO,FINE,RES,EMP
RBT,OSM,SSW,WET,DAY,SINGLE,HEAVY,RAIN,RES,EMP
TIN,NSM,SSW,WET,NIGHT,MULTI,LIGHT,RAIN,RES,EMP
BSP,OSR,SSW,DRY,DUSK,SINGLE,LIGHT,FINE,RES,EMP
RBT,NSF,SSW,WET,DAY,SINGLE,HEAVY,RAIN,INCIDENT,ENV
RAD,OSF,SSW,DRY,DAY,MULTI,LIGHT,FINE,RES,EMP
RAD,NSR,TAI,DRY,DUSK,MULTI,HEAVY,FINE,RES,EMP
RAD,OSM,SSW,DRY,DUSK,SINGLE,MODERATE,FINE,INCIDENT,GEN
DEPOT,NSF,BTMO,DRY,DAY,SINGLE,LIGHT,FINE,RES,EMP
BSP,NSR,TAI,DRY,DAY,SINGLE,LIGHT,FINE,RES,EMP
XRD,NSR,SSW,DRY,DAY,SINGLE,LIGHT,FINE,RES,EMP
RAD,MIR,SSW,DRY,DAY,MULTI,HEAVY,FINE,NRES,CARS TRUCKS
RAD,NSR,TBO,DRY,DAY,MULTI,LIGHT,FINE,RES,CARS TRUCKS
RAD,MIR,HON,DRY,DAY,MULTI,LIGHT,FINE,RES,CARS TRUCKS
BSP,NSR,SSW,DRY,DAY,SINGLE,MODERATE,FINE,RES,EMP
TIN,MIR,SSW,DRY,DAY,MULTI,LIGHT,FINE,UN3PAR,EMP
XRD,MIR,SSW,DRY,DAY,MULTI,MODERATE,FINE,UN3PAR,CARS TRUCKS
RAD,REAR,SSW,DRY,DAY,SINGLE,LIGHT,FINE,NRES,EMP
XRD,FRNT,N2T,DRY,NIGHT,MULTI,LIGHT,FINE,RES,EMP
XRD,OSR,TAI,WET,DAY,MULTI,HEAVY,RAIN,RES,EMP
RAD,NSF,SSW,DRY,DAY,SINGLE,NO,FINE,NRES,ROA
BSP,NSR,SSW,DRY,DAY,SINGLE,LIGHT,FINE,RES,EMP
BSP,REAR,N2T,WET,DAY,MULTI,MODERATE,RAIN,NRES,ROA
BSP,OSR,BTMO,DRY,DAY,MULTI,LIGHT,FINE,NRES,ROA
RAD,FRNT,N2T,DRY,DUSK,MULTI,HEAVY,FINE,RES,EMP
XRD,NSF,SSW,DRY,DAY,MULTI,HEAVY,FINE,RES,EMP
RAD,NSR,TAI,DRY,DAY,SINGLE,LIGHT,FINE,RES,BUS - OTHER
RAD,NSR,TAI,DRY,DAY,MULTI,LIGHT,FINE,RES,EMP
RAD,NSR,SSW,DRY,DAY,SINGLE,LIGHT,FINE,RES,EMP
RBT,NSR,BTMO,SLIP,NIGHT,SINGLE,NO,RAIN,INCIDENT,CARS TRUCKS
RAD,WSRE,BTMO,DRY,DAWN,SINGLE,NO,FINE,INCIDENT,CARS TRUCKS
RAD,NSR,SSW,DRY,DAY,SINGLE,NO,FINE,RES,EMP
XRD,FRNT,TBO,DRY,DAY,SINGLE,LIGHT,FINE,RES,EMP
RAD,NSF,SSW,DRY,DAY,SINGLE,LIGHT,FINE,RES,EMP
XRD,MIR,SSW,DRY,DAY,MULTI,MODERATE,FINE,UN3PAR,GEN
XRD,OSF,SSW,DRY,DAY,MULTI,HEAVY,FINE,UN3PAR,CARS TRUCKS
BSP,NSR,SSW,DRY,DAY,SINGLE,HEAVY,FINE,NRES,CARS TRUCKS
BSP,OSR,N2T,DRY,DAY,MULTI,MODERATE,FINE,UN3PAR,ROA
XRD,NSR,SSW,DRY,NIGHT,SINGLE,HEAVY,FINE,RES,CARS TRUCKS
RBT,MIR,SSW,DRY,DAY,SINGLE,LIGHT,SUN,RES,EMP
TIN,NSR,TAI,DRY,DAY,SINGLE,LIGHT,FINE,RES,CARS TRUCKS
BSP,NSF,SSW,WET,DUSK,MULTI,MODERATE,FINE,NRES,CARS TRUCKS
BSP,NSR,TAI,DRY,DAY,MULTI,HEAVY,FINE,RES,EMP
RAD,OSR,SSW,DRY,DAY,SINGLE,NO,FINE,RES,EMP
RAD,OSR,TAI,DRY,DAY,SINGLE,LIGHT,FINE,RES,EMP
RAD,FRNT,HON,DRY,DAY,SINGLE,LIGHT,FINE,RES,EMP
RAD,NSF,SSW,DRY,DAY,SINGLE,LIGHT,FINE,RES,CARS TRUCKS
RAD,OSF,SSW,DRY,DAY,MULTI,LIGHT,FINE,NRES,EMP
XRD,OSM,SSW,DRY,STREET,SINGLE,NO,FINE,RES,EMP
BSP,REAR,SSW,DRY,NIGHT,SINGLE,LIGHT,FINE,RES,EMP
BSP,NSR,SSW,DRY,DAY,MULTI,LIGHT,FINE,RES,EMP
RAD,NSM,SSW,DRY,DAY,SINGLE,LIGHT,FINE,UNREP,OTH
XRD,OSR,REVERSING,DRY,DUSK,SINGLE,LIGHT,FINE,RES,BUS - OTHER
RAD,OSM,SSW,DRY,NIGHT,SINGLE,NO,FINE,RES,BUS - OTHER
BSP,NSR,TAI,DRY,DAY,SINGLE,LIGHT,FINE,RES,EMP
RAD,REAR,REVERSING,DRY,DAY,SINGLE,NO,FINE,RES,EMP
BSP,NSR,TAI,DRY,DAY,SINGLE,LIGHT,FINE,RES,BUS - OTHER
RAD,NSR,SSW,DRY,DAY,SINGLE,LIGHT,FINE,NRES,EMP
RAD,NSF,SSW,DRY,DAY,SINGLE,LIGHT,FINE,RES,EMP
RAD,NSR,REVERSING,DRY,DAY,SINGLE,NO,FINE,RES,EMP
RAD,OSR,SSW,DRY,DAY,MULTI,HEAVY,FINE,RES,CARS TRUCKS
DEPOT,NSR,N2T,DRY,NIGHT,SINGLE,NO,FINE,NRES,BUS - OTHER
TIN,NSR,SSW,DRY,DAY,MULTI,LIGHT,FINE,RES,EMP
RAD,MIR,SSW,DRY,DAY,MULTI,LIGHT,FINE,RES,EMP
BSP,MIR,ROO,DRY,DAY,MULTI,LIGHT,FINE,RES,EMP
XRD,NSR,TBO,DRY,DAY,MULTI,LIGHT,FINE,NRES,ROA
BSP,NSF,ROO,DRY,DAY,SINGLE,NO,FINE,RES,EMP
RAD,OSF,SSW,WET,DAY,SINGLE,LIGHT,RAIN,RES,ROA
RAD,OSF,SSW,DRY,DAY,MULTI,LIGHT,FINE,RES,BUS - OTHER
XRD,MIR,SSW,DRY,DAY,MULTI,MODERATE,FINE,RES,EMP
RAD,NSR,SSW,DRY,DAY,MULTI,MODERATE,FINE,RES,CARS TRUCKS
RAD,OSR,SSW,DRY,DAY,SINGLE,LIGHT,FINE,NRES,CARS TRUCKS
RAD,OSF,SSW,DRY,DAY,MULTI,LIGHT,FINE,NRES,CARS TRUCKS
RAD,OSM,SSW,DRY,DAY,SINGLE,LIGHT,FINE,RES,EMP
BSP,REAR,SSW,DRY,DAWN,MULTI,HEAVY,FINE,NRES,CARS TRUCKS
BSP,OSM,SSW,DRY,DAY,SINGLE,HEAVY,FINE,RES,EMP
BSP,NSF,SSW,DRY,DAY,SINGLE,NO,FINE,RES,EMP
BSP,FRNT,TBO,DRY,NIGHT,SINGLE,LIGHT,FINE,NRES,GEN
BSP,NSF,HON,DRY,DAY,SINGLE,LIGHT,FINE,RES,EMP
BSP,MIR,SSW,DRY,DAY,SINGLE,NO,FINE,NRES,CARS TRUCKS
BSP,REAR,N2T,DRY,DAY,BUS,MODERATE,FINE,UN3PAR,ROA
RAD,FRNT,HON,DRY,DAY,SINGLE,LIGHT,FINE,UNREP,OTH
RAD,WSRE,HON,DRY,NIGHT,SINGLE,NO,FINE,RES,CARS TRUCKS
RAD,OSF,REVERSING,DRY,DAY,SINGLE,LIGHT,FINE,NRES,ROA
BSP,NSR,SSW,DRY,DAY,SINGLE,LIGHT,FINE,RES,CARS TRUCKS
RAD,NSF,SSW,DRY,DAY,MULTI,LIGHT,FINE,NRES,CARS TRUCKS
RAD,OSR,N2T,DRY,DAY,MULTI,LIGHT,FINE,NRES,BUS BRAKING
XRD,FRNT,SSW,DRY,DAY,MULTI,LIGHT,FINE,RES,EMP
RAD,NSF,TBO,DRY,DAY,MULTI,LIGHT,FINE,NRES,GEN
RAD,NSF,N2T,DRY,DAY,MULTI,HEAVY,FINE,NRES,CARS TRUCKS
RAD,FRNT,SSW,DRY,NIGHT,SINGLE,LIGHT,FINE,UN3PAR,CARS TRUCKS
RAD,NSR,SSW,DRY,DAY,BUS,LIGHT,FINE,RES,EMP
RBT,NSR,TBO,DRY,DAY,SINGLE,LIGHT,FINE,NRES,CARS TRUCKS
DEPOT,OSR,SSW,DRY,DAY,MULTI,LIGHT,FINE,RES,CARS TRUCKS
RBT,OSF,TBO,DRY,DAY,SINGLE,LIGHT,FINE,RES,CARS TRUCKS
BSP,OSR,SSW,DRY,DAY,BUS,MODERATE,FINE,RES,EMP
RAD,OSR,SSW,DRY,DAY,MULTI,LIGHT,FINE,NRES,GEN
RAD,NSR,SSW,WET,DAY,MULTI,LIGHT,RAIN,RES,EMP
RAD,NSM,SSW,DRY,DAY,SINGLE,EXTREME,FINE,RES,CARS TRUCKS
BSP,MIR,SSW,DRY,DAY,SINGLE,LIGHT,FINE,RES,EMP
RAD,NSF,SSW,DRY,NIGHT,SINGLE,LIGHT,FINE,RES,EMP
RAD,NSF,SSW,DRY,DAY,SINGLE,LIGHT,FINE,RES,EMP
TIN,NSR,N2T,DRY,DUSK,MULTI,MODERATE,FINE,NRES,EMP
BSP,OSF,SSW,DRY,DAY,MULTI,MODERATE,FINE,NRES,ROA
RAD,NSR,TBO,DRY,DAY,MULTI,LIGHT,FINE,NRES,CARS TRUCKS
RAD,NSF,N2T,SLIP,DAY,MULTI,HEAVY,RAIN,RES,EMP
RAD,NSF,SSW,DRY,DAY,SINGLE,MODERATE,FINE,RES,CARS TRUCKS
RBT,REAR,N2T,DRY,DAY,SINGLE,LIGHT,FINE,NRES,CARS TRUCKS
XRD,OSR,SSW,DRY,DAY,SINGLE,LIGHT,FINE,RES,CARS TRUCKS
BSP,NSR,TAI,DRY,DAY,SINGLE,HEAVY,FINE,RES,CARS TRUCKS
TIN,OSM,SSW,DRY,DAY,MULTI,MODERATE,FINE,RES,CARS TRUCKS
RAD,NSF,SSW,WET,DAY,MULTI,LIGHT,RAIN,RES,EMP
RAD,WSRE,BTMO,DRY,DAY,SINGLE,NO,FINE,RES,CARS TRUCKS
RAD,MIR,SSW,DRY,DAY,MULTI,LIGHT,FINE,RES,EMP
BSP,REAR,SSW,DRY,DAY,SINGLE,LIGHT,FINE,UNREP,OTH
RAD,NSF,SSW,DRY,DAY,SINGLE,MODERATE,FINE,UN3PAR,ROA
RAD,WSRE,SSW,DRY,NIGHT,SINGLE,NO,FINE,UN3PAR,GEN
RAD,NSF,SSW,WET,DAY,MULTI,HEAVY,RAIN,RES,CARS TRUCKS
RAD,WSRE,SSW,DRY,DAY,SINGLE,LIGHT,FINE,NRES,EMP
RAD,NSF,SSW,DRY,DAY,SINGLE,LIGHT,FINE,RES,EMP
RAD,NSM,TBO,DRY,DAY,SINGLE,LIGHT,FINE,NRES,GEN
RAD,OSR,SSW,DRY,DAY,MULTI,MODERATE,FINE,RES,CARS TRUCKS