location_code,damage_code,collision_code,road_code,light_code,road_type_code,traffic_code,weather_code,emp_liability_code,kpi_cause_code
BSP,OSR,N2T,DRY,DAY,SINGLE,LIGHT,FINE,NRES,CARS TRUCKS
RAD,FRNT,N2T,DRY,NIGHT,BUS,LIGHT,FINE,NRES,CARS TRUCKS
BSP,FRNT,N2T,DRY,DAY,SINGLE,MODERATE,FINE,RES,CARS TRUCKS
TIN,OSM,SSW,DRY,NIGHT,MULTI,MODERATE,FINE,NRES,CARS TRUCKS
RAD,FRNT,N2T,DRY,DAY,SINGLE,LIGHT,FINE,RES,CARS TRUCKS
RAD,OSR,TBO,DRY,DAY,MULTI,LIGHT,FINE,NRES,CARS TRUCKS
RAD,OSM,SSW,DRY,DAY,SINGLE,HEAVY,FINE,NRES,CARS TRUCKS
BSP,OSR,REVERSING,DRY,DAWN,BUS,NO,FINE,RES,EMP
BSP,OSF,SSW,DRY,DAY,MULTI,NO,FINE,RES,EMP
RAD,REAR,REVERSING,DRY,DAY,MULTI,LIGHT,FINE,RES,EMP
RAD,REAR,N2T,DRY,DAY,MULTI,LIGHT,FINE,NRES,CARS TRUCKS
RAD,NSM,SSW,DRY,DAY,SINGLE,LIGHT,FINE,RES,EMP
RAD,FRNT,HON,DRY,DAY,BUS,LIGHT,FINE,RES,EMP
TIN,NSR,SSW,DRY,NIGHT,MULTI,LIGHT,FOG,RES,EMP
BSP,NSR,TAI,DRY,DAY,BUS,MODERATE,FINE,RES,EMP
RAD,FRNT,SSW,DRY,DAY,SINGLE,LIGHT,FINE,INCIDENT,GEN
XRD,FRNT,N2T,DRY,DAY,MULTI,LIGHT,FINE,RES,EMP
RAD,REAR,REVERSING,WET,DAWN,BUS,LIGHT,RAIN,RES,EMP
BSP,NSR,SSW,DRY,DAY,SINGLE,LIGHT,FINE,RES,EMP
RAD,NSM,SSW,DRY,DAY,SINGLE,LIGHT,FINE,RES,EMP
BSP,NSM,SSW,DRY,DAY,SINGLE,LIGHT,FINE,RES,EMP
RAD,REAR,TAI,DRY,DAY,SINGLE,LIGHT,FINE,RES,EMP
BSP,FRNT,SSW,DRY,DAY,SINGLE,LIGHT,FINE,RES,EMP
RAD,MIR,SSW,DRY,DAY,SINGLE,LIGHT,FINE,RES,CARS TRUCKS
RAD,OSR,SSW,DRY,DAY,MULTI,LIGHT,FINE,NRES,CARS TRUCKS
XRD,REAR,N2T,DRY,DUSK,MULTI,HEAVY,FINE,NRES,CARS TRUCKS
RAD,MIR,SSW,DRY,NIGHT,MULTI,NO,FINE,RES,EMP
RAD,NSR,SSW,DRY,DAY,SINGLE,LIGHT,FINE,RES,EMP
BSP,OSF,SSW,DRY,DUSK,SINGLE,HEAVY,FINE,RES,EMP
RAD,NSR,SSW,DRY,DAY,BUS,HEAVY,FINE,RES,EMP
XRD,FRNT,HON,DRY,DAY,SINGLE,LIGHT,FINE,NRES,CARS TRUCKS
RAD,OSF,SSW,DRY,DAY,MULTI,MODERATE,FINE,NRES,CARS TRUCKS
RAD,FRNT,N2T,DRY,DAY,MULTI,MODERATE,FINE,UN3PAR,EMP
BSP,MIR,HON,DRY,DAY,SINGLE,LIGHT,FINE,RES,EMP
RAD,NSR,SSW,DRY,DAY,MULTI,LIGHT,FINE,NRES,CARS TRUCKS
RAD,OSR,SSW,DRY,DAWN,SINGLE,MODERATE,FINE,RES,CARS TRUCKS
TIN,NSM,SSW,DRY,DAY,MULTI,MODERATE,FINE,RES,CARS TRUCKS
BSP,NSR,BTMO,DRY,DAY,MULTI,MODERATE,FINE,RES,EMP
RAD,OSF,SSW,WET,DAY,MULTI,HEAVY,RAIN,NRES,CARS TRUCKS
RAD,NSR,SSW,DRY,DAY,SINGLE,LIGHT,FINE,RES,CARS TRUCKS
RBT,WSRE,HON,DRY,DAY,SINGLE,LIGHT,FINE,INCIDENT,EMP
RAD,OSF,SSW,DRY,DAY,MULTI,HEAVY,FINE,UN3PAR,CARS TRUCKS
RAD,REAR,REVERSING,DRY,DUSK,SINGLE,NO,FINE,RES,EMP
BSP,OSR,N2T,DRY,DAY,MULTI,HEAVY,FINE,NRES,CARS TRUCKS
BSP,NSR,TAI,DRY,DAY,SINGLE,LIGHT,FINE,RES,CARS TRUCKS
RAD,MIR,SSW,DRY,DAWN,MULTI,NO,FINE,UN3PAR,CARS TRUCKS
RAD,OSR,N2T,WET,DUSK,MULTI,LIGHT,RAIN,NRES,CARS TRUCKS
RAD,OSR,N2T,WET,DAY,SINGLE,LIGHT,RAIN,NRES,CARS TRUCKS
RAD,OSM,SSW,DRY,DAY,SINGLE,LIGHT,FINE,PEND,EMP
TIN,FRNT,N2T,DRY,DAY,MULTI,MODERATE,FINE,RES,BUS - OTHER
DEPOT,NSM,SSW,DRY,DAY,SINGLE,MODERATE,FINE,RES,BUS - OTHER
BSP,OSM,SSW,DRY,DAY,SINGLE,LIGHT,FINE,RES,EMP
RAD,NSR,SSW,DRY,DAY,SINGLE,LIGHT,FINE,RES,EMP
RAD,NSF,SSW,DRY,DAY,MULTI,HEAVY,FINE,NRES,EMP
RAD,OSR,SSW,DRY,DAY,SINGLE,LIGHT,FINE,NRES,CARS TRUCKS
XRD,FRNT,REVERSING,DRY,DAY,MULTI,MODERATE,FINE,NRES,CARS TRUCKS
RAD,OSR,TAI,DRY,DAY,SINGLE,LIGHT,FINE,RES,EMP
RAD,REAR,REVERSING,DRY,DAY,SINGLE,LIGHT,FINE,RES,EMP
RAD,OSM,SSW,DRY,DAY,MULTI,MODERATE,FINE,NRES,CARS TRUCKS
BSP,FRNT,SSW,DRY,DAY,BUS,MODERATE,FINE,NRES,CARS TRUCKS
RAD,NSR,SSW,DRY,DAY,SINGLE,LIGHT,FINE,NRES,EMP
XRD,NSM,SSW,DRY,DAY,MULTI,MODERATE,FINE,NRES,CARS TRUCKS
RAD,OSR,SSW,DRY,DAY,MULTI,HEAVY,FINE,UN3PAR,CARS TRUCKS
RAD,NSR,SSW,DRY,DAY,SINGLE,LIGHT,FINE,RES,EMP
RAD,NSF,SSW,DRY,DAY,MULTI,MODERATE,FINE,RES,CARS TRUCKS
RAD,NSF,SSW,WET,DAY,MULTI,MODERATE,RAIN,RES,BUS - OTHER
RAD,REAR,SSW,DRY,DAY,SINGLE,NO,FINE,RES,EMP
RAD,NSM,SSW,DRY,DAY,MULTI,HEAVY,FINE,RES,CARS TRUCKS
RAD,OSF,SSW,DRY,DAY,SINGLE,LIGHT,FINE,NRES,BUS - OTHER
RAD,FRNT,SSW,DRY,DAY,SINGLE,LIGHT,FINE,RES,EMP
RAD,FRNT,SSW,DRY,DAY,SINGLE,LIGHT,FINE,RES,EMP
BSP,NSF,SSW,DRY,DAY,BUS,MODERATE,FINE,RES,OTH
RAD,REAR,REVERSING,DRY,DAY,SINGLE,NO,FINE,RES,EMP
RAD,NSR,SSW,DRY,DAY,MULTI,MODERATE,FINE,NRES,CARS TRUCKS
BSP,OSR,TAI,DRY,DAY,SINGLE,LIGHT,FINE,RES,EMP
RAD,NSR,REVERSING,DRY,DAY,SINGLE,LIGHT,FINE,RES,EMP
RAD,NSF,SSW,DRY,DAY,MULTI,HEAVY,FINE,RES,CARS TRUCKS
RAD,MIR,SSW,DRY,DAY,MULTI,MODERATE,FINE,UN3PAR,CARS TRUCKS
RAD,NSR,BTMO,DRY,DAY,SINGLE,LIGHT,FINE,RES,EMP
RBT,NSF,TAI,DRY,DAY,MULTI,MODERATE,FINE,UN3PAR,CARS TRUCKS
BSP,NSF,SSW,DRY,DAWN,SINGLE,NO,FINE,RES,EMP
RAD,NSR,SSW,DRY,DAY,SINGLE,LIGHT,FINE,UNREP,OTH
XRD,NSM,ROO,WET,NIGHT,MULTI,MODERATE,RAIN,RES,EMP
BSP,OSR,SSW,DRY,DAY,BUS,NO,FINE,RES,EMP
RAD,NSF,TBO,DRY,DAY,SINGLE,NO,FINE,NRES,CARS TRUCKS
RAD,NSM,TBO,DRY,DAY,SINGLE,LIGHT,FINE,RES,CARS TRUCKS
RAD,FRNT,N2T,DRY,DAY,SINGLE,LIGHT,FINE,RES,BUS - OTHER
BSP,NSF,HON,DRY,DAY,MULTI,LIGHT,FINE,RES,BUS - OTHER
XRD,NSM,SSW,DRY,NIGHT,MULTI,MODERATE,FOG,RES,CARS TRUCKS
XRD,NSM,SSW,DRY,DAY,MULTI,LIGHT,FINE,NRES,CARS TRUCKS
BSP,NSF,TBO,DRY,DAY,SINGLE,LIGHT,FINE,NRES,CARS TRUCKS
RAD,NSR,SSW,DRY,DAY,MULTI,HEAVY,FINE,RES,EMP
BSP,FRNT,HON,WET,DUSK,BUS,NO,RAIN,RES,EMP
RAD,NSF,SSW,DRY,DAY,SINGLE,LIGHT,FINE,RES,EMP
RAD,FRNT,N2T,DRY,DAY,MULTI,MODERATE,FINE,NRES,CARS TRUCKS
TIN,NSF,TBO,DRY,DAY,SINGLE,NO,FINE,NRES,CARS TRUCKS
RAD,NSF,SSW,DRY,DAY,SINGLE,LIGHT,FINE,NRES,EMP
RAD,FRNT,TBO,DRY,NIGHT,MULTI,LIGHT,FINE,NRES,CARS TRUCKS
RAD,OSR,SSW,DRY,DAY,MULTI,HEAVY,FINE,RES,CARS TRUCKS
RAD,MIR,SSW,WET,NIGHT,SINGLE,LIGHT,RAIN,RES,EMP
RAD,OSR,SSW,DRY,DAY,SINGLE,LIGHT,FINE,NRES,CARS TRUCKS
RAD,MIR,SSW,DRY,DAY,SINGLE,LIGHT,FINE,NRES,CARS TRUCKS
BSP,MIR,SSW,DRY,DAY,MULTI,MODERATE,FINE,NRES,CARS TRUCKS
RAD,OSM,SSW,DRY,NIGHT,SINGLE,NO,FINE,RES,EMP
RAD,OSR,TAI,DRY,DAY,MULTI,LIGHT,FINE,RES,CARS TRUCKS
BSP,WIN,TAI,DRY,DAY,BUS,LIGHT,FINE,RES,EMP
RAD,NSR,SSW,DRY,DAY,SINGLE,LIGHT,FINE,RES,EMP
RAD,OSR,SSW,DRY,DAY,MULTI,MODERATE,FINE,NRES,CARS TRUCKS
XRD,FRNT,SSW,DRY,DAY,MULTI,HEAVY,FINE,NRES,CARS TRUCKS
RAD,NSR,SSW,DRY,DAY,SINGLE,LIGHT,FINE,RES,EMP
XRD,OSF,TBO,DRY,DAY,MULTI,MODERATE,FINE,NRES,CARS TRUCKS
XRD,NSR,SSW,DRY,DAY,SINGLE,HEAVY,FINE,RES,CARS TRUCKS
BSP,NSR,TAI,DRY,DAY,SINGLE,LIGHT,FINE,RES,EMP
RAD,NSM,TBO,DRY,DAY,MULTI,HEAVY,FINE,NRES,CARS TRUCKS
RAD,OSF,TBO,DRY,DAY,MULTI,LIGHT,FINE,RES,BUS - OTHER
RAD,OSR,SSW,WET,NIGHT,SINGLE,LIGHT,RAIN,RES,EMP
BSP,OSR,SSW,DRY,DAY,SINGLE,LIGHT,FINE,NRES,CARS TRUCKS
BSP,OSR,N2T,DRY,DAY,BUS,HEAVY,FINE,NRES,CARS TRUCKS
RAD,NSR,TAI,DRY,DAY,MULTI,MODERATE,FINE,NRES,ROA
BSP,MIR,SSW,DRY,DAY,MULTI,MODERATE,FINE,RES,BUS - OTHER
RAD,NSM,SSW,DRY,DAY,SINGLE,LIGHT,FINE,RES,CARS TRUCKS
RAD,FRNT,HON,DRY,NIGHT,MULTI,EXTREME,FINE,RES,EMP
XRD,NSF,N2T,DRY,DAY,MULTI,LIGHT,FINE,RES,EMP
BSP,OSM,SSW,DRY,DAY,SINGLE,NO,FINE,RES,EMP
BSP,NSF,HON,WET,DAY,BUS,HEAVY,RAIN,RES,EMP
BSP,MIR,SSW,SLIP,DAY,SINGLE,LIGHT,FINE,RES,CARS TRUCKS
XRD,OSR,SSW,DRY,DAY,SINGLE,HEAVY,FINE,RES,EMP
RAD,NSF,N2T,DRY,DAY,MULTI,LIGHT,FINE,RES,CARS TRUCKS
RAD,OSF,SSW,DRY,DAY,SINGLE,LIGHT,FINE,NRES,EMP
RAD,NSF,SSW,DRY,DAY,MULTI,LIGHT,FINE,RES,EMP
BSP,OSR,N2T,DRY,DAY,MULTI,MODERATE,FINE,NRES,CARS TRUCKS
XRD,NSF,SSW,DRY,DUSK,MULTI,HEAVY,FINE,NRES,EMP
XRD,OSM,SSW,DRY,DAY,MULTI,EXTREME,FINE,RES,EMP
RAD,REAR,N2T,SLIP,DAY,SINGLE,MODERATE,RAIN,NRES,CARS TRUCKS
RAD,MIR,SSW,DRY,DAY,SINGLE,LIGHT,FINE,RES,EMP
RAD,NSR,TAI,DRY,DAY,SINGLE,LIGHT,FINE,RES,EMP
RAD,MIR,SSW,DRY,DAY,MULTI,LIGHT,FINE,UN3PAR,CARS TRUCKS
BSP,OSF,SSW,DRY,DAY,MULTI,HEAVY,FINE,RES,EMP
RAD,NSR,SSW,DRY,DAY,MULTI,MODERATE,FINE,RES,EMP
RAD,FRNT,N2T,DRY,DAY,MULTI,MODERATE,FINE,RES,EMP
RAD,NSF,SSW,DRY,DAY,SINGLE,LIGHT,FINE,RES,CARS TRUCKS
XRD,NSR,TAI,DRY,DAY,MULTI,MODERATE,FINE,RES,EMP
RAD,NSF,N2T,WET,DAY,SINGLE,LIGHT,RAIN,NRES,CARS TRUCKS
RAD,NSR,SSW,WET,DAY,MULTI,HEAVY,FINE,RES,EMP
BSP,NSR,TAI,DRY,DAY,SINGLE,LIGHT,FINE,RES,EMP
RAD,NSR,TAI,DRY,DAY,SINGLE,NO,FINE,RES,BUS - OTHER
RAD,NSR,SSW,DRY,DAY,SINGLE,NO,FINE,RES,CARS TRUCKS
RAD,FRNT,TBO,DRY,DAY,BUS,HEAVY,FINE,NRES,EMP
RAD,MIR,SSW,DRY,DAY,SINGLE,LIGHT,FINE,RES,EMP
TIN,NSR,TAI,DRY,DAY,SINGLE,LIGHT,FINE,RES,EMP
RAD,MIR,HON,DRY,DAY,SINGLE,LIGHT,FINE,RES,EMP
RAD,NSR,SSW,DRY,DAY,SINGLE,LIGHT,FINE,INCIDENT,EMP
RAD,NSM,SSW,DRY,DAY,SINGLE,LIGHT,FINE,UN3PAR,CARS TRUCKS
XRD,NSF,N2T,DRY,DAY,SINGLE,MODERATE,FINE,RES,EMP
BSP,FRNT,ROO,DRY,DAY,SINGLE,LIGHT,FINE,RES,EMP
RAD,NSF,TBO,DRY,DAY,MULTI,MODERATE,FINE,NRES,ROA
RAD,OSR,HON,DRY,DAY,SINGLE,HEAVY,FINE,NRES,CARS TRUCKS
BSP,NSR,SSW,DRY,DAY,MULTI,LIGHT,FINE,RES,CARS TRUCKS
RAD,NSR,TAI,DRY,DAWN,SINGLE,NO,FINE,RES,EMP
BSP,OSR,SSW,DRY,DAY,SINGLE,NO,FINE,NRES,CARS TRUCKS
RAD,NSF,SSW,DRY,DAY,SINGLE,LIGHT,FINE,NRES,CARS TRUCKS
RAD,REAR,SSW,DRY,DAY,SINGLE,LIGHT,FINE,RES,EMP
RAD,OSR,N2T,DRY,DAY,MULTI,LIGHT,FINE,NRES,EMP
RAD,NSR,TAI,DRY,DAY,SINGLE,MODERATE,FINE,RES,EMP
RAD,OSF,SSW,DRY,NIGHT,MULTI,MODERATE,FINE,NRES,CARS TRUCKS
BSP,MIR,TAI,DRY,DAY,BUS,LIGHT,FINE,OTHERBUS,EMP
XRD,NSF,N2T,DRY,DAY,MULTI,HEAVY,FINE,RES,EMP
RAD,NSM,SSW,DRY,DAY,SINGLE,HEAVY,FINE,RES,CARS TRUCKS
BSP,NSF,ROO,DRY,DAWN,MULTI,LIGHT,FINE,RES,EMP
RAD,NSM,TBO,DRY,DAY,MULTI,MODERATE,FINE,NRES,CARS TRUCKS
RAD,REAR,REVERSING,DRY,DAY,SINGLE,HEAVY,FINE,RES,EMP
BSP,NSF,SSW,DRY,DAY,SINGLE,LIGHT,FINE,RES,EMP
BSP,OSR,SSW,DRY,DAY,BUS,MODERATE,FINE,OTHERBUS,CARS TRUCKS
RAD,NSR,SSW,DRY,DAY,SINGLE,LIGHT,FINE,NRES,EMP
RAD,NSR,TAI,DRY,DAY,MULTI,LIGHT,FINE,RES,EMP
RAD,NSF,SSW,DRY,DAY,MULTI,HEAVY,FINE,NRES,CARS TRUCKS
RAD,FRNT,HON,DRY,NIGHT,MULTI,LIGHT,FINE,INCIDENT,OTH
BSP,MIR,SSW,DRY,DUSK,BUS,LIGHT,FINE,RES,EMP
BSP,NSR,TAI,DRY,DAY,SINGLE,LIGHT,FINE,RES,EMP
RAD,OSM,SSW,DRY,DAY,SINGLE,LIGHT,FINE,RES,EMP
RAD,NSM,REVERSING,SLIP,STREET,SINGLE,LIGHT,FINE,RES,EMP
BSP,NSR,TAI,DRY,DAY,SINGLE,LIGHT,FINE,RES,EMP
RAD,MIR,SSW,DRY,DAY,MULTI,HEAVY,FINE,NRES,CARS TRUCKS
BSP,NSM,SSW,DRY,DAWN,SINGLE,NO,FINE,RES,EMP
BSP,OSR,SSW,DRY,DAY,MULTI,LIGHT,FINE,NRES,CARS TRUCKS
RAD,NSR,SSW,DRY,DAY,SINGLE,LIGHT,FINE,RES,CARS TRUCKS
RAD,NSF,SSW,DRY,DAY,SINGLE,LIGHT,FINE,NRES,EMP
BSP,NSR,SSW,DRY,DAY,SINGLE,LIGHT,FINE,RES,EMP
RAD,NSF,SSW,DRY,NIGHT,SINGLE,MODERATE,FINE,RES,CARS TRUCKS
RAD,NSF,SSW,DRY,DAY,SINGLE,LIGHT,FINE,NRES,EMP
RAD,OSF,SSW,DRY,NIGHT,MULTI,LIGHT,FINE,RES,EMP
RAD,MIR,SSW,DRY,DAY,SINGLE,NO,FINE,RES,CARS TRUCKS
RAD,MIR,SSW,WET,NIGHT,MULTI,LIGHT,RAIN,UN3PAR,CARS TRUCKS
BSP,REAR,REVERSING,DRY,DAY,BUS,NO,FINE,RES,CARS TRUCKS
RAD,OSM,SSW,DRY,DAY,MULTI,LIGHT,FINE,NRES,CARS TRUCKS
RAD,NSF,SSW,DRY,DAY,SINGLE,LIGHT,FINE,RES,EMP
RAD,OSF,SSW,DRY,DAY,SINGLE,LIGHT,FINE,RES,EMP
RAD,OSR,TAI,WET,DUSK,MULTI,EXTREME,RAIN,NRES,CARS TRUCKS
RAD,NSM,SSW,DRY,DAY,MULTI,MODERATE,FINE,INCIDENT,OTH
RAD,NSR,SSW,DRY,DAY,SINGLE,LIGHT,FINE,RES,CARS TRUCKS
RAD,NSR,SSW,DRY,DAY,MULTI,MODERATE,FINE,NRES,ROA
XRD,NSM,SSW,DRY,DAY,MULTI,LIGHT,FINE,NRES,CARS TRUCKS
XRD,NSM,SSW,WET,DAY,MULTI,HEAVY,RAIN,RES,EMP
RAD,NSR,SSW,DRY,DAY,MULTI,HEAVY,FINE,RES,BUS - OTHER
TIN,MIR,SSW,DRY,DAY,SINGLE,LIGHT,FINE,RES,EMP
RAD,OSR,SSW,DRY,DAY,SINGLE,LIGHT,FINE,NRES,EMP
RAD,OSR,SSW,DRY,DAY,BUS,HEAVY,FINE,INCIDENT,PL&EQ
BSP,REAR,N2T,DRY,DAY,BUS,MODERATE,FINE,NRES,EMP
RAD,FRNT,SSW,SLIP,DAY,MULTI,HEAVY,FINE,INCIDENT,OTH
XRD,FRNT,N2T,DRY,DAY,MULTI,MODERATE,FINE,RES,EMP
RAD,OSF,SSW,DRY,DAY,MULTI,MODERATE,FINE,NRES,CARS TRUCKS
BSP,REAR,TAI,WET,DUSK,MULTI,MODERATE,RAIN,RES,EMP
RAD,OSF,SSW,DRY,DAY,SINGLE,LIGHT,FINE,NRES,EMP
XRD,NSF,SSW,DRY,DAY,MULTI,HEAVY,FINE,RES,BUS - OTHER
RAD,NSR,SSW,DRY,DAY,SINGLE,HEAVY,FINE,RES,EMP
RAD,NSM,SSW,DRY,DAY,SINGLE,LIGHT,FINE,PEND,EMP
RAD,NSR,SSW,DRY,DAY,SINGLE,NO,FINE,RES,EMP
RAD,MIR,SSW,DRY,DAY,MULTI,MODERATE,FINE,RES,EMP
RAD,OSR,SSW,DRY,DAY,SINGLE,HEAVY,FINE,RES,EMP
BSP,OSR,N2T,DRY,DAY,MULTI,HEAVY,FINE,NRES,EMP
RAD,NSR,SSW,DRY,DAY,MULTI,LIGHT,FINE,RES,EMP
RAD,OSF,SSW,DRY,DAY,MULTI,EXTREME,FINE,NRES,CARS TRUCKS
RAD,OSM,SSW,DRY,DAY,SINGLE,LIGHT,FINE,NRES,CARS TRUCKS
XRD,REAR,SSW,WET,DAY,MULTI,LIGHT,FINE,INCIDENT,EMP
RBT,WSRE,BTMO,DRY,DAY,SINGLE,NO,FINE,INCIDENT,OTH
RAD,NSF,HON,DRY,DAWN,SINGLE,NO,FINE,RES,EMP
RAD,NSR,SSW,DRY,DAY,SINGLE,LIGHT,FINE,RES,BUS - OTHER
XRD,FRNT,SSW,DRY,DAY,SINGLE,LIGHT,FINE,RES,CARS TRUCKS
BSP,FRNT,HON,DRY,DAY,MULTI,HEAVY,FINE,RES,EMP
BSP,OSR,N2T,WET,DAY,MULTI,LIGHT,RAIN,NRES,CARS TRUCKS
RAD,NSR,SSW,DRY,DAY,MULTI,NO,FINE,NRES,CARS TRUCKS
RAD,NSM,SSW,DRY,DAY,SINGLE,MODERATE,FINE,NRES,CARS TRUCKS
BSP,MIR,SSW,DRY,DAY,MULTI,LIGHT,FINE,RES,EMP
BSP,NSF,SSW,DRY,DAY,MULTI,LIGHT,FINE,NRES,GEN
RAD,WIN,SSW,DRY,DAY,MULTI,HEAVY,FINE,NRES,CARS TRUCKS
RAD,OSR,SSW,DRY,DAY,SINGLE,LIGHT,FINE,NRES,EMP
XRD,FRNT,HON,DRY,DAY,SINGLE,LIGHT,FINE,RES,CARS TRUCKS
RAD,FRNT,N2T,DRY,DAY,MULTI,MODERATE,FINE,RES,BUS - OTHER
XRD,OSF,BTMO,DRY,DAY,SINGLE,NO,FINE,RES,EMP
XRD,NSR,SSW,DRY,DAY,MULTI,HEAVY,FINE,RES,EMP
RAD,NSR,SSW,DRY,DAY,BUS,HEAVY,FINE,RES,EMP
RAD,NSF,SSW,DRY,DAY,SINGLE,LIGHT,FINE,RES,EMP
BSP,OSM,SSW,DRY,DAY,MULTI,LIGHT,FINE,RES,BUS - OTHER
BSP,OSM,SSW,DRY,DAY,MULTI,LIGHT,FINE,NRES,EMP
BSP,MIR,SSW,DRY,DAY,SINGLE,LIGHT,FINE,RES,EMP
BSP,NSR,SSW,DRY,DAY,SINGLE,NO,FINE,RES,EMP
XRD,NSM,TBO,DRY,DAY,SINGLE,LIGHT,FINE,NRES,CARS TRUCKS
RAD,NSM,SSW,DRY,DAY,SINGLE,MODERATE,FINE,RES,EMP
BSP,NSF,SSW,DRY,DUSK,MULTI,LIGHT,FINE,RES,EMP
RAD,OSR,TAI,DRY,DAY,SINGLE,LIGHT,FINE,RES,CARS TRUCKS
RAD,NSF,SSW,DRY,DAWN,SINGLE,LIGHT,FINE,RES,EMP
XRD,NSM,SSW,DRY,DAY,SINGLE,LIGHT,FINE,RES,EMP
BSP,FRNT,N2T,WET,NIGHT,MULTI,MODERATE,RAIN,RES,EMP
XRD,OSR,SSW,DRY,DAY,MULTI,HEAVY,FINE,RES,EMP
XRD,NSM,SSW,WET,DUSK,MULTI,HEAVY,RAIN,RES,EMP
RAD,NSM,SSW,DRY,DAY,SINGLE,HEAVY,FINE,RES,EMP
RAD,NSM,SSW,DRY,DAY,SINGLE,NO,FINE,RES,BUS - OTHER
RAD,NSR,TAI,DRY,DAY,MULTI,HEAVY,FINE,RES,EMP
BSP,NSR,SSW,WET,DAY,BUS,LIGHT,RAIN,RES,BUS - OTHER
RAD,FRNT,TBO,DRY,DAY,SINGLE,LIGHT,FINE,NRES,EMP
RAD,OSF,SSW,DRY,DAY,SINGLE,NO,FINE,NRES,CARS TRUCKS
XRD,NSR,SSW,DRY,DAY,MULTI,LIGHT,FINE,NRES,EMP
RAD,FRNT,HON,DRY,DAY,MULTI,HEAVY,FINE,RES,EMP
RAD,OSM,SSW,DRY,DAY,MULTI,HEAVY,FINE,NRES,CARS TRUCKS
XRD,OSM,SSW,DRY,DUSK,SINGLE,MODERATE,FINE,RES,EMP
BSP,NSR,SSW,DRY,DAY,BUS,MODERATE,FINE,RES,EMP
BSP,NSR,TAI,DRY,DAWN,SINGLE,LIGHT,FINE,RES,CARS TRUCKS
RAD,OSR,SSW,DRY,DAY,SINGLE,NO,FINE,NRES,CARS TRUCKS
RAD,OSR,TAI,DRY,DAY,SINGLE,LIGHT,FINE,RES,EMP
RAD,MIR,HON,DRY,DAY,MULTI,LIGHT,FINE,RES,CARS TRUCKS
BSP,OSR,SSW,DRY,DAY,SINGLE,LIGHT,FINE,NRES,CARS TRUCKS
XRD,OSR,TAI,DRY,DAY,MULTI,LIGHT,FINE,RES,EMP
BSP,MIR,SSW,DRY,DAY,BUS,NO,FINE,RES,EMP
RAD,MIR,SSW,DRY,DAY,SINGLE,NO,FINE,INCIDENT,EMP
RAD,MIR,SSW,DRY,DAY,MULTI,MODERATE,FINE,RES,EMP
RAD,OSF,SSW,DRY,DAY,MULTI,LIGHT,FINE,RES,EMP
RAD,NSR,SSW,DRY,DAY,SINGLE,MODERATE,FINE,RES,EMP
BSP,MIR,SSW,DRY,DAY,MULTI,HEAVY,FINE,RES,EMP
RAD,NSR,SSW,DRY,DAY,SINGLE,LIGHT,FINE,NRES,EMP
RAD,OSR,SSW,WET,STREET,MULTI,HEAVY,RAIN,RES,EMP
RAD,FRNT,HON,DRY,NIGHT,SINGLE,LIGHT,FINE,RES,EMP
XRD,NSR,N2T,DRY,DUSK,MULTI,HEAVY,FINE,RES,EMP
RAD,NSM,SSW,WET,NIGHT,SINGLE,LIGHT,RAIN,RES,ENV
RAD,WIN,SSW,WET,DAY,SINGLE,HEAVY,RAIN,RES,EMP
BSP,OSR,SSW,DRY,DAY,MULTI,MODERATE,FINE,NRES,CARS TRUCKS
XRD,NSR,SSW,DRY,DAY,MULTI,HEAVY,FINE,NRES,EMP
RAD,NSR,SSW,DRY,DAY,MULTI,LIGHT,FINE,RES,BUS - OTHER
BSP,NSR,SSW,DRY,DUSK,SINGLE,HEAVY,FINE,UN3PAR,CARS TRUCKS
RAD,NSR,N2T,DRY,DAY,SINGLE,MODERATE,FINE,RES,EMP
RAD,NSR,SSW,DRY,DAY,MULTI,MODERATE,FINE,RES,EMP
BSP,OSR,N2T,DRY,NIGHT,SINGLE,LIGHT,FINE,NRES,CARS TRUCKS
RAD,NSR,SSW,DRY,DAY,SINGLE,LIGHT,FINE,RES,EMP
BSP,MIR,SSW,DRY,DAWN,SINGLE,NO,FINE,RES,EMP
BSP,NSR,SSW,DRY,DAY,SINGLE,MODERATE,FINE,NRES,CARS TRUCKS
RAD,OSF,SSW,DRY,DAY,SINGLE,LIGHT,FINE,RES,EMP
RAD,OSR,SSW,DRY,DAY,SINGLE,LIGHT,FINE,NRES,EMP
XRD,NSF,SSW,DRY,DAY,SINGLE,MODERATE,FINE,NRES,GEN
RAD,OSR,SSW,DRY,DAY,SINGLE,LIGHT,FINE,RES,EMP
RAD,NSF,SSW,DRY,DAY,SINGLE,LIGHT,FINE,RES,EMP
RAD,NSR,TAI,DRY,DAY,SINGLE,LIGHT,FINE,INCIDENT,OTH
RAD,REAR,SSW,DRY,DAY,SINGLE,LIGHT,FINE,RES,EMP
RAD,NSR,SSW,DRY,DAY,SINGLE,LIGHT,FINE,RES,EMP
XRD,FRNT,TBO,DRY,DAY,SINGLE,LIGHT,FINE,NRES,CARS TRUCKS