location_code,damage_code,collision_code,road_code,light_code,road_type_code,traffic_code,weather_code,emp_liability_code,kpi_cause_code
RAD,FRNT,SSW,DRY,DAY,SINGLE,LIGHT,FINE,RES,EMP
RAD,NSF,SSW,DRY,DAY,SINGLE,LIGHT,FINE,RES,EMP
RAD,NSR,SSW,DRY,NIGHT,MULTI,LIGHT,FINE,INCIDENT,BUS - OTHER
BSP,NSR,TAI,DRY,DAY,BUS,MODERATE,FINE,RES,BUS - OTHER
RAD,FRNT,N2T,WET,DAY,MULTI,HEAVY,RAIN,RES,EMP
RAD,NSF,SSW,DRY,DAY,SINGLE,MODERATE,FINE,RES,EMP
RAD,NSR,N2T,DRY,DAY,SINGLE,LIGHT,FINE,NRES,CARS TRUCKS
BSP,NSR,TBO,DRY,NIGHT,MULTI,LIGHT,FINE,NRES,CARS TRUCKS
BSP,NSR,TBO,DRY,DAWN,MULTI,LIGHT,FINE,NRES,CARS TRUCKS
RAD,NSF,SSW,DRY,NIGHT,MULTI,LIGHT,FINE,NRES,EMP
RAD,NSM,SSW,DRY,DAY,SINGLE,LIGHT,FINE,NRES,EMP
XRD,NSR,REVERSING,DRY,DAY,SINGLE,LIGHT,FINE,RES,EMP
BSP,OSR,SSW,DRY,DAY,SINGLE,LIGHT,FINE,NRES,EMP
RAD,NSF,N2T,DRY,DAY,SINGLE,HEAVY,FINE,RES,EMP
RAD,OSF,SSW,DRY,DAY,SINGLE,LIGHT,FINE,NRES,EMP
BSP,TOPF,ROO,DRY,NIGHT,SINGLE,MODERATE,FINE,RES,CARS TRUCKS
BSP,NSR,TBO,DRY,DAY,MULTI,MODERATE,FINE,NRES,CARS TRUCKS
BSP,NSF,SSW,DRY,DAY,MULTI,LIGHT,FINE,NRES,EMP
BSP,NSR,TAI,DRY,DAY,SINGLE,LIGHT,FINE,RES,EMP
RAD,NSF,TBO,DRY,DAY,MULTI,MODERATE,FINE,NRES,ROA
RAD,NSR,SSW,DRY,DAY,SINGLE,EXTREME,FINE,RES,EMP
BSP,NSR,SSW,DRY,DAY,SINGLE,NO,FINE,RES,EMP
RAD,REAR,REVERSING,DRY,DAY,BUS,LIGHT,FINE,RES,EMP
RBT,OSF,SSW,DRY,DAY,SINGLE,NO,FINE,RES,EMP
XRD,MIR,SSW,DRY,DAY,MULTI,HEAVY,FINE,NRES,CARS TRUCKS
RAD,FRNT,SSW,DRY,DAY,MULTI,MODERATE,FINE,UN3PAR,EMP
BSP,NSR,TAI,DRY,DAY,SINGLE,LIGHT,FINE,RES,EMP
TIN,MIR,SSW,DRY,DAY,MULTI,LIGHT,FINE,RES,EMP
BSP,NSF,SSW,WET,NIGHT,MULTI,LIGHT,RAIN,RES,EMP
RAD,OSF,SSW,DRY,DAY,SINGLE,LIGHT,FINE,RES,BUS - OTHER
RAD,NSF,SSW,DRY,DAY,SINGLE,LIGHT,FINE,NRES,CARS TRUCKS
RAD,OSF,SSW,DRY,DAY,SINGLE,LIGHT,FINE,NRES,EMP
BSP,OSF,SSW,DRY,DAY,BUS,MODERATE,FINE,NRES,EMP
RAD,NSM,SSW,DRY,DAY,MULTI,MODERATE,FINE,NRES,CARS TRUCKS
RAD,FRNT,REVERSING,DRY,DAY,SINGLE,LIGHT,FINE,NRES,CARS TRUCKS
RAD,OSR,REVERSING,DRY,DAY,SINGLE,LIGHT,FINE,RES,BUS - OTHER
RAD,FRNT,BTMO,DRY,NIGHT,MULTI,MODERATE,FINE,INCIDENT,EMP
RAD,WSRE,SSW,DRY,DAY,SINGLE,LIGHT,FINE,INCIDENT,EMP
RAD,FRNT,N2T,DRY,DAY,SINGLE,MODERATE,FINE,RES,CARS TRUCKS
RAD,NSR,SSW,DRY,DAY,SINGLE,LIGHT,FINE,RES,BUS - OTHER
RAD,NSM,SSW,DRY,DAY,SINGLE,HEAVY,FINE,RES,EMP
RAD,NSF,N2T,DRY,NIGHT,MULTI,LIGHT,FINE,UN3PAR,EMP
RAD,NSF,BTMO,WET,NIGHT,MULTI,LIGHT,RAIN,INCIDENT,ENV
BSP,NSF,SSW,DRY,NIGHT,SINGLE,LIGHT,FINE,RES,EMP
BSP,NSF,N2T,DRY,DAY,BUS,MODERATE,FINE,RES,BUS - OTHER
RAD,FRNT,SSW,DRY,DAWN,SINGLE,LIGHT,FINE,RES,EMP
RAD,NSF,SSW,DRY,DAY,SINGLE,LIGHT,FINE,RES,EMP
RAD,NSM,SSW,DRY,DAY,SINGLE,LIGHT,FINE,RES,EMP
RAD,NSR,SSW,DRY,DAY,SINGLE,LIGHT,FINE,RES,EMP
BSP,MIR,SSW,DRY,DAY,SINGLE,LIGHT,FINE,RES,EMP
BSP,REAR,SSW,DRY,DAY,SINGLE,NO,FINE,RES,EMP
RAD,NSR,REVERSING,WET,DAY,SINGLE,LIGHT,RAIN,NRES,CARS TRUCKS
XRD,OSF,SSW,DRY,DAY,MULTI,MODERATE,FINE,RES,EMP
RAD,NSR,SSW,DRY,DAY,SINGLE,LIGHT,FINE,NRES,CARS TRUCKS
RAD,NSR,SSW,DRY,DAY,SINGLE,LIGHT,FINE,NRES,EMP
BSP,OSM,SSW,DRY,DAY,SINGLE,LIGHT,FINE,RES,EMP
RAD,NSM,SSW,DRY,DAY,SINGLE,LIGHT,FINE,INCIDENT,CARS TRUCKS
RAD,WSRE,BTMO,DRY,DAY,SINGLE,LIGHT,FINE,INCIDENT,EMP
RAD,NSR,SSW,DRY,DAY,MULTI,HEAVY,FINE,NRES,CARS TRUCKS
RAD,FRNT,N2T,DRY,DUSK,MULTI,MODERATE,FINE,INCIDENT,CARS TRUCKS
BSP,NSM,SSW,DRY,DAY,BUS,NO,FINE,RES,BUS - OTHER
XRD,NSM,SSW,DRY,DAY,SINGLE,LIGHT,FINE,RES,BUS - OTHER
RAD,NSF,SSW,DRY,DAY,SINGLE,LIGHT,FINE,PEND,EMP
RAD,NSF,SSW,DRY,DAY,SINGLE,LIGHT,FINE,RES,EMP
RAD,REAR,SSW,DRY,DAY,SINGLE,LIGHT,FINE,NRES,EMP
RAD,NSR,SSW,DRY,DAY,SINGLE,LIGHT,FINE,NRES,EMP
RAD,OSR,SSW,WET,DAY,SINGLE,MODERATE,RAIN,UN3PAR,CARS TRUCKS
RAD,NSR,SSW,DRY,DAY,SINGLE,LIGHT,FINE,PEND,EMP
BSP,NSM,SSW,DRY,DAY,BUS,NO,FINE,RES,EMP
RBT,OSR,REVERSING,DRY,DAY,SINGLE,MODERATE,FINE,RES,EMP
XRD,NSF,HON,DRY,DAY,SINGLE,NO,FINE,NRES,CARS TRUCKS
RAD,NSF,SSW,DRY,DAY,SINGLE,LIGHT,FINE,RES,EMP
RAD,WIN,SSW,DRY,DAY,SINGLE,LIGHT,FINE,NRES,EMP
RAD,OSR,TAI,DRY,DAY,MULTI,EXTREME,FINE,RES,EMP
RAD,NSF,SSW,DRY,DAY,SINGLE,LIGHT,FINE,RES,EMP
RAD,NSM,SSW,DRY,DAY,SINGLE,LIGHT,FINE,NRES,EMP
RAD,NSM,SSW,DRY,DAY,SINGLE,HEAVY,FINE,RES,EMP
TIN,OSM,SSW,WET,NIGHT,SINGLE,NO,RAIN,RES,EMP
RAD,FRNT,SSW,DRY,DAY,SINGLE,LIGHT,FINE,PEND,EMP
BSP,NSM,SSW,DRY,DAY,MULTI,NO,FINE,UN3PAR,GEN
RAD,OSR,SSW,DRY,DAY,SINGLE,LIGHT,FINE,PEND,EMP
RAD,FRNT,ROO,DRY,DAY,SINGLE,LIGHT,FINE,INCIDENT,OTH
BSP,NSF,REVERSING,DRY,DAY,MULTI,LIGHT,FINE,NRES,CARS TRUCKS
BSP,NSR,SSW,DRY,DAY,SINGLE,LIGHT,FINE,RES,EMP
RAD,FRNT,REVERSING,DRY,DAY,SINGLE,NO,FINE,NRES,CARS TRUCKS
XRD,FRNT,SSW,DRY,DUSK,SINGLE,LIGHT,FINE,RES,EMP
BSP,OSM,SSW,DRY,DAY,SINGLE,LIGHT,FINE,RES,CARS TRUCKS
RAD,FRNT,SSW,DRY,NIGHT,MULTI,LIGHT,FINE,RES,EMP
BSP,TOPM,ROO,DRY,DAY,SINGLE,LIGHT,FINE,RES,CARS TRUCKS
TIN,OSM,SSW,DRY,DAY,MULTI,LIGHT,FINE,RES,EMP
RAD,OSM,SSW,DRY,DAY,MULTI,LIGHT,FINE,RES,EMP
RAD,NSR,SSW,DRY,DAY,MULTI,LIGHT,FINE,NRES,EMP
RAD,OSF,SSW,DRY,DAY,SINGLE,LIGHT,FINE,NRES,CARS TRUCKS
RAD,MIR,SSW,DRY,DAY,SINGLE,LIGHT,FINE,NRES,EMP
BSP,MIR,HON,DRY,DAY,SINGLE,LIGHT,FINE,RES,EMP
RAD,NSR,SSW,DRY,DUSK,MULTI,LIGHT,FINE,NRES,EMP
RAD,NSR,SSW,DRY,DAY,SINGLE,LIGHT,FINE,UNREP,EMP
RAD,NSR,SSW,DRY,DAY,MULTI,HEAVY,FINE,NRES,CARS TRUCKS
RAD,NSF,TBO,WET,DAY,SINGLE,MODERATE,RAIN,NRES,CARS TRUCKS
RAD,MIR,SSW,DRY,DAY,MULTI,LIGHT,FINE,UN3PAR,CARS TRUCKS
RAD,OSF,SSW,DRY,DAY,SINGLE,LIGHT,FINE,PEND,EMP
RAD,WSRE,SSW,DRY,DAY,MULTI,LIGHT,FINE,INCIDENT,EMP
RAD,OSM,SSW,DRY,DAY,SINGLE,LIGHT,FINE,RES,EMP
RAD,NSR,TBO,DRY,DAY,BUS,NO,FINE,NRES,CARS TRUCKS
RAD,OSR,SSW,WET,DAY,SINGLE,HEAVY,FINE,RES,EMP
BSP,NSF,SSW,DRY,DAY,SINGLE,LIGHT,FINE,RES,EMP
BSP,NSR,TAI,DRY,DAY,SINGLE,LIGHT,FINE,RES,EMP
RAD,NSR,SSW,DRY,DAY,SINGLE,LIGHT,FINE,PEND,EMP
RAD,OSR,SSW,DRY,DAY,SINGLE,LIGHT,FINE,RES,EMP
RAD,FRNT,SSW,DRY,DAY,SINGLE,LIGHT,FINE,PEND,EMP
XRD,NSR,TAI,DRY,NIGHT,MULTI,LIGHT,FINE,RES,BUS - OTHER
BSP,NSF,SSW,DRY,DAWN,MULTI,HEAVY,FINE,RES,EMP
RAD,FRNT,N2T,DRY,DAY,SINGLE,LIGHT,FINE,RES,EMP
RAD,NSM,SSW,DRY,DAY,SINGLE,LIGHT,FINE,RES,EMP
RAD,OSF,SSW,DRY,DAY,MULTI,HEAVY,FINE,UN3PAR,CARS TRUCKS
BSP,NSF,SSW,DRY,DAY,SINGLE,LIGHT,FINE,RES,CARS TRUCKS
RAD,NSM,SSW,DRY,DAY,SINGLE,LIGHT,FINE,NRES,CARS TRUCKS
RAD,NSM,SSW,DRY,DAY,MULTI,MODERATE,FINE,RES,EMP
RAD,OSR,SSW,DRY,DAY,MULTI,HEAVY,FINE,NRES,CARS TRUCKS
BSP,OSR,SSW,DRY,DAY,MULTI,HEAVY,FINE,NRES,ROA
BSP,MIR,SSW,DRY,DAY,MULTI,HEAVY,FINE,RES,EMP
RAD,OSM,SSW,DRY,DAY,MULTI,MODERATE,FINE,NRES,CARS TRUCKS
BSP,OSR,SSW,DRY,DAY,SINGLE,NO,FINE,NRES,CARS TRUCKS
RAD,WSRE,BTMO,DRY,DAY,MULTI,LIGHT,FOG,INCIDENT,OTH
BSP,NSM,SSW,DRY,DAY,SINGLE,LIGHT,FINE,RES,EMP
TIN,MIR,SSW,DRY,DAY,MULTI,MODERATE,FINE,NRES,CARS TRUCKS
XRD,MIR,SSW,WET,DAY,MULTI,MODERATE,RAIN,UN3PAR,CARS TRUCKS
BSP,NSR,SSW,DRY,DAY,SINGLE,NO,FINE,RES,EMP
TIN,NSM,SSW,DRY,DAY,SINGLE,MODERATE,FINE,RES,EMP
RAD,NSR,SSW,DRY,DAY,SINGLE,LIGHT,FINE,PEND,EMP
RAD,FRNT,SSW,DRY,DAY,SINGLE,LIGHT,FINE,PEND,EMP
XRD,OSR,SSW,DRY,DAY,MULTI,HEAVY,FINE,RES,EMP
RAD,NSM,TBO,DRY,DAY,SINGLE,LIGHT,FINE,RES,CARS TRUCKS
RAD,OSR,SSW,DRY,DAY,SINGLE,LIGHT,FINE,RES,EMP
RAD,OSF,SSW,DRY,DAY,MULTI,MODERATE,FINE,RES,EMP
RAD,NSF,N2T,WET,NIGHT,SINGLE,NO,RAIN,NRES,CARS TRUCKS
RAD,NSF,SSW,DRY,DAY,SINGLE,LIGHT,FINE,PEND,EMP
RAD,NSF,SSW,DRY,DAY,MULTI,MODERATE,FINE,NRES,CARS TRUCKS
RAD,OSR,SSW,DRY,DUSK,MULTI,HEAVY,FINE,NRES,CARS TRUCKS
RBT,FRNT,SSW,DRY,DAY,SINGLE,HEAVY,FINE,RES,EMP
RAD,NSR,SSW,DRY,DAY,SINGLE,LIGHT,FINE,PEND,EMP
DEPOT,NSF,SSW,DRY,DAY,SINGLE,LIGHT,FINE,RES,EMP
RAD,NSR,SSW,DRY,DAY,SINGLE,NO,FINE,RES,CARS TRUCKS
RAD,OSR,SSW,DRY,DAY,BUS,NO,FINE,NRES,CARS TRUCKS
RAD,REAR,SSW,DRY,DAY,SINGLE,LIGHT,FINE,PEND,EMP
BSP,NSF,SSW,DRY,DAY,SINGLE,LIGHT,FINE,RES,EMP
TIN,NSR,SSW,DRY,DAY,SINGLE,LIGHT,FINE,RES,BUS - OTHER
RAD,NSR,SSW,WET,DAY,MULTI,HEAVY,RAIN,RES,CARS TRUCKS
BSP,OSF,SSW,DRY,DAY,MULTI,MODERATE,FINE,NRES,CARS TRUCKS
BSP,MIR,HON,DRY,DAY,BUS,NO,FINE,RES,EMP
BSP,NSR,TAI,DRY,DAY,SINGLE,LIGHT,FINE,RES,CARS TRUCKS
BSP,NSF,SSW,DRY,DAY,MULTI,LIGHT,FINE,RES,EMP
BSP,MIR,HON,DRY,DAY,SINGLE,NO,FINE,RES,EMP
RAD,NSR,SSW,DRY,DAY,MULTI,MODERATE,FINE,RES,EMP
RAD,NSF,SSW,DRY,DAY,SINGLE,LIGHT,FINE,RES,EMP
RAD,NSR,SSW,DRY,NIGHT,MULTI,LIGHT,FINE,RES,EMP
RAD,NSR,SSW,DRY,DAY,SINGLE,LIGHT,FINE,RES,EMP
XRD,NSF,SSW,WET,DAY,MULTI,MODERATE,RAIN,RES,EMP
BSP,MIR,SSW,DRY,DAY,MULTI,HEAVY,FINE,RES,EMP
RAD,NSF,SSW,WET,DAY,MULTI,HEAVY,RAIN,RES,CARS TRUCKS
RAD,OSF,SSW,WET,NIGHT,MULTI,MODERATE,FINE,UN3PAR,CARS TRUCKS
RAD,NSR,TAI,DRY,DAWN,SINGLE,LIGHT,FINE,RES,EMP
BSP,NSR,SSW,SLIP,DAY,SINGLE,LIGHT,RAIN,NRES,CARS TRUCKS
RAD,REAR,SSW,DRY,DAY,SINGLE,LIGHT,FINE,RES,EMP
BSP,FRNT,SSW,DRY,DAY,SINGLE,LIGHT,SUN,NRES,EMP
RAD,OSR,SSW,DRY,DAY,MULTI,HEAVY,FINE,NRES,ROA
RAD,NSR,TAI,DRY,DUSK,SINGLE,MODERATE,FINE,RES,EMP
XRD,OSM,SSW,DRY,DAY,SINGLE,EXTREME,FINE,RES,EMP
RAD,WIN,SSW,WET,NIGHT,SINGLE,NO,RAIN,NRES,EMP
BSP,MIR,SSW,DRY,NIGHT,SINGLE,LIGHT,FINE,RES,EMP
RAD,NSF,SSW,DRY,DAY,MULTI,LIGHT,FINE,NRES,EMP
XRD,NSR,TBO,DRY,DAY,SINGLE,LIGHT,FINE,NRES,GEN
RAD,NSF,SSW,DRY,DAY,SINGLE,NO,FINE,RES,EMP
RAD,MIR,SSW,DRY,DAY,SINGLE,LIGHT,FINE,RES,EMP
RAD,NSF,SSW,DRY,DAY,MULTI,MODERATE,FINE,NRES,CARS TRUCKS
BSP,NSM,SSW,DRY,DAWN,SINGLE,LIGHT,FINE,RES,EMP
RAD,NSF,SSW,DRY,DAY,SINGLE,LIGHT,FINE,PEND,EMP
RAD,OSF,TBO,WET,NIGHT,MULTI,MODERATE,FINE,NRES,CARS TRUCKS
RAD,NSF,SSW,DRY,DAY,MULTI,HEAVY,FINE,RES,CARS TRUCKS
RAD,NSM,SSW,DRY,DAY,MULTI,MODERATE,FINE,RES,EMP
RAD,OSM,SSW,DRY,NIGHT,SINGLE,HEAVY,FINE,RES,CARS TRUCKS
XRD,NSR,TBO,DRY,DAY,SINGLE,LIGHT,FINE,NRES,EMP
RAD,FRNT,SSW,WET,DUSK,SINGLE,HEAVY,RAIN,RES,EMP
RAD,NSR,SSW,DRY,DAY,SINGLE,MODERATE,FINE,RES,EMP
BSP,NSR,SSW,DRY,DAY,SINGLE,LIGHT,FINE,RES,EMP
RAD,REAR,SSW,DRY,DAY,SINGLE,LIGHT,FINE,RES,EMP
RAD,NSF,SSW,DRY,DAY,MULTI,LIGHT,FINE,RES,CARS TRUCKS
BSP,NSR,SSW,WET,DUSK,MULTI,HEAVY,RAIN,RES,EMP
BSP,NSF,SSW,DRY,DAY,MULTI,LIGHT,FINE,RES,EMP
XRD,OSR,SSW,DRY,DAY,MULTI,LIGHT,FINE,RES,CARS TRUCKS
RBT,NSR,SSW,DRY,DAY,SINGLE,NO,FINE,RES,EMP
RAD,FRNT,N2T,DRY,DAY,MULTI,LIGHT,FINE,RES,EMP
RBT,MIR,SSW,DRY,DAY,MULTI,MODERATE,FINE,NRES,ROA
RAD,NSR,SSW,DRY,DAY,MULTI,MODERATE,FINE,NRES,CARS TRUCKS
RAD,REAR,N2T,DRY,DAY,MULTI,HEAVY,FINE,NRES,EMP
BSP,MIR,SSW,DRY,DAY,SINGLE,NO,FINE,RES,EMP
DEPOT,NSM,SSW,WET,DAY,SINGLE,MODERATE,RAIN,RES,BUS - OTHER
BSP,FRNT,SSW,DRY,DAWN,SINGLE,NO,FINE,RES,EMP
RAD,NSM,SSW,DRY,DAY,BUS,NO,FINE,RES,EMP
RAD,NSF,SSW,DRY,DAY,SINGLE,LIGHT,FINE,PEND,EMP
RAD,NSF,SSW,DRY,DAY,MULTI,HEAVY,FINE,NRES,CARS TRUCKS
BSP,TOPF,HON,DRY,DAY,MULTI,HEAVY,FINE,RES,CARS TRUCKS
RAD,FRNT,SSW,DRY,DAY,SINGLE,NO,FINE,RES,EMP
RAD,REAR,SSW,DRY,DAY,SINGLE,LIGHT,FINE,RES,EMP
BSP,REAR,N2T,DRY,DAY,SINGLE,LIGHT,FINE,OTHERBUS,CARS TRUCKS
BSP,NSR,SSW,DRY,DAY,SINGLE,MODERATE,FINE,NRES,CARS TRUCKS
XRD,REAR,N2T,DRY,DAY,MULTI,HEAVY,FINE,NRES,EMP
RAD,NSM,SSW,DRY,DAY,SINGLE,LIGHT,FINE,NRES,EMP
RAD,NSF,SSW,DRY,DAY,SINGLE,LIGHT,FINE,RES,EMP
TIN,OSR,TAI,DRY,DAY,SINGLE,MODERATE,FINE,RES,EMP
RAD,OSR,SSW,DRY,DAY,SINGLE,HEAVY,FINE,NRES,EMP
RAD,OSM,SSW,DRY,DAWN,MULTI,HEAVY,FINE,NRES,EMP
RAD,NSR,SSW,DRY,DAY,MULTI,HEAVY,FINE,RES,EMP
BSP,REAR,N2T,DRY,DUSK,MULTI,MODERATE,FINE,NRES,CARS TRUCKS
RAD,NSR,SSW,DRY,DAY,SINGLE,LIGHT,FINE,RES,EMP
RAD,FRNT,HON,DRY,DAY,SINGLE,NO,FINE,RES,EMP
TIN,NSF,SSW,DRY,DAWN,SINGLE,LIGHT,FINE,RES,EMP
RAD,OSR,SSW,DRY,DAY,SINGLE,LIGHT,FINE,NRES,EMP
BSP,MIR,HON,DRY,DAY,SINGLE,NO,FINE,RES,EMP
RAD,NSR,SSW,DRY,DAY,SINGLE,LIGHT,FINE,RES,EMP
TIN,NSF,N2T,DRY,DAY,MULTI,HEAVY,FINE,RES,EMP
RAD,OSM,SSW,DRY,DAY,SINGLE,NO,FINE,RES,EMP
RAD,NSR,SSW,DRY,DAY,SINGLE,LIGHT,FINE,NRES,EMP
RAD,NSR,SSW,DRY,DAY,SINGLE,LIGHT,FINE,RES,EMP
RAD,NSF,SSW,DRY,DAY,SINGLE,LIGHT,FINE,RES,EMP
RAD,MIR,SSW,WET,DAWN,MULTI,HEAVY,RAIN,UN3PAR,ROA
BSP,NSM,SSW,DRY,DAY,MULTI,HEAVY,FINE,RES,EMP
BSP,NSR,REVERSING,DRY,DAY,BUS,NO,FINE,NRES,CARS TRUCKS
RAD,NSM,TBO,DRY,DAY,SINGLE,LIGHT,FINE,NRES,EMP
BSP,REAR,REVERSING,DRY,DAY,SINGLE,LIGHT,FINE,RES,EMP
BSP,NSR,TAI,DRY,DAY,SINGLE,LIGHT,FINE,RES,EMP
RAD,NSM,SSW,DRY,DAY,SINGLE,MODERATE,FINE,INCIDENT,ENV
RAD,REAR,SSW,DRY,DAY,SINGLE,LIGHT,FINE,NRES,EMP
BSP,MIR,SSW,DRY,DAWN,SINGLE,MODERATE,FINE,RES,EMP
RAD,OSR,SSW,DRY,DAY,SINGLE,LIGHT,FINE,RES,EMP
RAD,MIR,SSW,DRY,DAY,MULTI,LIGHT,FINE,UN3PAR,EMP
RAD,OSM,SSW,DRY,DAY,MULTI,MODERATE,FINE,NRES,CARS TRUCKS
RAD,REAR,N2T,DRY,STREET,MULTI,NO,FINE,NRES,EMP
RAD,NSR,SSW,WET,DAY,MULTI,MODERATE,FINE,RES,EMP
RAD,FRNT,HON,WET,DAWN,MULTI,LIGHT,FINE,RES,CARS TRUCKS
BSP,NSR,TAI,DRY,DUSK,SINGLE,NO,FINE,RES,EMP
RAD,NSF,SSW,DRY,DAY,SINGLE,LIGHT,FINE,NRES,EMP
XRD,NSF,HON,DRY,DAY,SINGLE,HEAVY,FINE,NRES,GEN
RAD,NSF,SSW,DRY,DAY,SINGLE,LIGHT,FINE,RES,EMP
TIN,OSM,SSW,DRY,DAY,SINGLE,HEAVY,FINE,RES,EMP
RAD,NSF,SSW,DRY,DAY,SINGLE,LIGHT,FINE,RES,EMP
RAD,REAR,SSW,DRY,DAY,SINGLE,HEAVY,FINE,RES,EMP
RBT,OSM,SSW,DRY,DAY,SINGLE,MODERATE,FINE,RES,EMP
RAD,FRNT,SSW,WET,DAY,MULTI,LIGHT,FINE,RES,EMP
RAD,NSM,SSW,DRY,DAY,SINGLE,LIGHT,FINE,RES,EMP
RAD,OSR,SSW,DRY,DAY,SINGLE,LIGHT,FINE,UN3PAR,EMP
RAD,NSR,REVERSING,DRY,DUSK,SINGLE,LIGHT,FINE,RES,CARS TRUCKS
TIN,REAR,SSW,DRY,DAY,SINGLE,MODERATE,FINE,NRES,EMP
RBT,FRNT,TBO,DRY,DAY,SINGLE,NO,SUN,RES,EMP
XRD,NSM,SSW,DRY,DAY,MULTI,HEAVY,FINE,RES,CARS TRUCKS
RAD,NSF,HON,DRY,DAY,SINGLE,MODERATE,FINE,RES,EMP
BSP,NSR,SSW,DRY,DAY,SINGLE,LIGHT,FINE,NRES,EMP
XRD,NSF,SSW,DRY,NIGHT,MULTI,HEAVY,FINE,RES,EMP
RAD,WSRE,SSW,DRY,DAY,SINGLE,LIGHT,FINE,NRES,EMP
RAD,OSF,SSW,DRY,DAY,SINGLE,LIGHT,FINE,NRES,EMP
RAD,NSF,SSW,DRY,DAY,SINGLE,LIGHT,FINE,RES,EMP
RAD,NSF,SSW,DRY,DAY,SINGLE,LIGHT,FINE,RES,EMP
RAD,FRNT,SSW,DRY,DAY,SINGLE,LIGHT,FINE,NRES,EMP
BSP,OSR,TAI,DRY,NIGHT,SINGLE,NO,FINE,RES,EMP
RBT,FRNT,HON,DRY,DAY,SINGLE,NO,FINE,RES,EMP
RAD,NSF,SSW,DRY,DUSK,MULTI,LIGHT,FINE,NRES,EMP
RAD,FRNT,N2T,DRY,DAY,MULTI,HEAVY,FINE,RES,BUS BRAKING
RAD,FRNT,N2T,DRY,DAY,SINGLE,LIGHT,FINE,RES,EMP
RAD,NSM,SSW,DRY,DAY,SINGLE,NO,FINE,RES,EMP
RAD,NSR,SSW,DRY,DAY,SINGLE,LIGHT,FINE,NRES,EMP
BSP,MIR,SSW,DRY,DAY,MULTI,HEAVY,FINE,UN3PAR,CARS TRUCKS
RAD,OSR,SSW,DRY,DAY,SINGLE,LIGHT,FINE,RES,EMP
RAD,NSF,SSW,DRY,DAY,SINGLE,LIGHT,FINE,NRES,EMP
BSP,OSF,SSW,DRY,DAY,BUS,NO,FINE,NRES,CARS TRUCKS
RAD,FRNT,HON,DRY,DAY,SINGLE,LIGHT,FINE,NRES,CARS TRUCKS
RAD,NSF,N2T,WET,DAY,MULTI,MODERATE,RAIN,RES,EMP
RAD,NSM,SSW,DRY,DAY,SINGLE,LIGHT,FINE,NRES,CARS TRUCKS
RBT,OSM,SSW,DRY,DAY,MULTI,LIGHT,FINE,NRES,EMP
RAD,FRNT,N2T,WET,NIGHT,MULTI,MODERATE,RAIN,RES,EMP
XRD,NSR,SSW,DRY,DUSK,SINGLE,NO,FINE,RES,EMP
RAD,FRNT,N2T,DRY,DAY,MULTI,LIGHT,FINE,INCIDENT,EMP
BSP,MIR,SSW,DRY,DAY,MULTI,HEAVY,FINE,UN3PAR,ROA
TIN,WSRE,SSW,DRY,NIGHT,SINGLE,NO,FINE,RES,EMP
RAD,NSF,SSW,WET,DAY,MULTI,LIGHT,RAIN,INCIDENT,ENV
RAD,NSR,SSW,DRY,DAY,SINGLE,LIGHT,FINE,RES,EMP
RAD,OSM,SSW,DRY,DAY,SINGLE,HEAVY,FINE,RES,EMP
BSP,OSF,SSW,DRY,DAY,MULTI,LIGHT,FINE,NRES,ROA
RAD,NSF,SSW,WET,DUSK,SINGLE,MODERATE,RAIN,INCIDENT,OTH
RAD,NSF,SSW,DRY,DAY,SINGLE,LIGHT,FINE,RES,EMP
RAD,FRNT,SSW,DRY,DAY,BUS,MODERATE,FINE,RES,OTH
RAD,NSR,SSW,DRY,STREET,MULTI,MODERATE,FINE,RES,EMP
RAD,NSM,SSW,DRY,DAY,MULTI,HEAVY,FINE,NRES,CARS TRUCKS
RAD,NSR,SSW,DRY,DAY,MULTI,EXTREME,FINE,NRES,EMP
RAD,MIR,SSW,DRY,DAY,SINGLE,LIGHT,FINE,NRES,CARS TRUCKS
BSP,NSR,SSW,DRY,DAY,SINGLE,LIGHT,FINE,RES,CARS TRUCKS
RAD,OSM,SSW,DRY,NIGHT,SINGLE,NO,FINE,RES,EMP
RAD,FRNT,SSW,DRY,DAY,SINGLE,LIGHT,FINE,RES,EMP
RAD,NSF,SSW,DRY,DAY,SINGLE,LIGHT,FINE,NRES,EMP
BSP,NSR,TAI,DRY,DUSK,MULTI,NO,FINE,RES,EMP
RAD,NSF,SSW,DRY,DAY,SINGLE,LIGHT,FINE,RES,EMP
BSP,NSR,TAI,DRY,DAY,SINGLE,LIGHT,FINE,NRES,BUS - OTHER
RAD,FRNT,TBO,DRY,DAY,SINGLE,NO,FINE,NRES,EMP
RAD,MIR,SSW,DRY,DAY,MULTI,LIGHT,FINE,NRES,EMP
RAD,NSM,SSW,DRY,DAY,SINGLE,LIGHT,FINE,RES,EMP
RAD,OSF,SSW,DRY,DAY,SINGLE,LIGHT,FINE,NRES,EMP
RAD,NSR,SSW,DRY,DAY,SINGLE,LIGHT,FINE,RES,EMP
RAD,OSR,SSW,DRY,NIGHT,MULTI,LIGHT,FINE,NRES,CARS TRUCKS
RAD,NSR,SSW,DRY,DAWN,SINGLE,LIGHT,FINE,INCIDENT,OTH