location_code,damage_code,collision_code,road_code,light_code,road_type_code,traffic_code,weather_code,emp_liability_code,kpi_cause_code
RAD,FRNT,N2T,DRY,DAY,MULTI,LIGHT,FINE,RES,BUS BRAKING
BSP,REAR,N2T,DRY,DAY,MULTI,MODERATE,FINE,NRES,ROA
BSP,NSR,N2T,DRY,DAY,SINGLE,LIGHT,FINE,NRES,GEN
RAD,MIR,SSW,DRY,DAY,MULTI,MODERATE,FINE,RES,CARS TRUCKS
BSP,FRNT,SSW,DRY,DAY,SINGLE,LIGHT,FINE,INCIDENT,OTH
XRD,FRNT,HON,DRY,DAY,MULTI,EXTREME,FINE,RES,EMP
RAD,OSR,BTMO,DRY,DAY,SINGLE,LIGHT,FINE,UN3PAR,EMP
XRD,NSR,SSW,DRY,DAY,SINGLE,HEAVY,FINE,NRES,ROA
TIN,NSR,SSW,DRY,DAY,SINGLE,HEAVY,FINE,RES,EMP
XRD,FRNT,N2T,WET,NIGHT,MULTI,MODERATE,RAIN,RES,EMP
RAD,NSF,SSW,DRY,DAY,SINGLE,LIGHT,FINE,RES,EMP
BSP,NSM,SSW,DRY,NIGHT,SINGLE,LIGHT,FINE,RES,EMP
BSP,NSR,TAI,DRY,DAY,SINGLE,MODERATE,FINE,RES,EMP
BSP,REAR,N2T,DRY,DAY,MULTI,MODERATE,FINE,NRES,CARS TRUCKS
RAD,NSF,SSW,DRY,DAY,SINGLE,LIGHT,FINE,NRES,EMP
RAD,NSF,SSW,DRY,DAY,SINGLE,LIGHT,FINE,RES,EMP
RAD,FRNT,N2T,DRY,DAY,MULTI,MODERATE,FINE,RES,EMP
RAD,NSR,SSW,WET,DAY,SINGLE,NO,FINE,RES,CARS TRUCKS
RAD,MIR,SSW,DRY,DUSK,MULTI,HEAVY,FINE,UN3PAR,CARS TRUCKS
RAD,OSF,SSW,DRY,DAY,SINGLE,LIGHT,FINE,NRES,EMP
XRD,NSF,HON,DRY,NIGHT,MULTI,LIGHT,FINE,NRES,CARS TRUCKS
BSP,OSF,SSW,DRY,NIGHT,MULTI,LIGHT,FINE,NRES,CARS TRUCKS
BSP,NSR,REVERSING,DRY,NIGHT,SINGLE,NO,FINE,RES,CARS TRUCKS
RAD,NSF,SSW,DRY,DAY,SINGLE,LIGHT,FINE,INCIDENT,GEN
BSP,REAR,SSW,DRY,DUSK,BUS,LIGHT,FINE,NRES,EMP
RAD,NSR,SSW,DRY,DAY,SINGLE,LIGHT,FINE,RES,EMP
XRD,OSF,SSW,DRY,DAY,SINGLE,LIGHT,FINE,NRES,EMP
BSP,OSF,SSW,DRY,DAY,BUS,NO,FINE,NRES,EMP
BSP,MIR,SSW,DRY,DAY,SINGLE,NO,FINE,RES,EMP
RAD,NSF,SSW,DRY,DAY,SINGLE,LIGHT,FINE,RES,EMP
RAD,OSM,SSW,WET,NIGHT,SINGLE,LIGHT,RAIN,RES,EMP
RAD,NSF,SSW,DRY,DAY,SINGLE,NO,FINE,RES,EMP
RAD,NSR,SSW,DRY,DAY,SINGLE,HEAVY,FINE,RES,CARS TRUCKS
RAD,NSF,SSW,DRY,DAY,SINGLE,LIGHT,FINE,NRES,EMP
RAD,NSF,SSW,DRY,DAY,SINGLE,LIGHT,FINE,RES,EMP
BSP,NSR,SSW,DRY,DAY,SINGLE,LIGHT,FINE,RES,EMP
RAD,NSR,SSW,DRY,DAY,MULTI,LIGHT,FINE,RES,BUS - OTHER
RAD,MIR,SSW,DRY,DAY,MULTI,MODERATE,FINE,NRES,CARS TRUCKS
BSP,OSR,SSW,DRY,DAY,MULTI,HEAVY,FINE,RES,EMP
RBT,OSM,SSW,DRY,DAY,SINGLE,NO,FINE,RES,EMP
RAD,NSF,SSW,DRY,NIGHT,MULTI,LIGHT,FINE,RES,CARS TRUCKS
RAD,NSR,SSW,DRY,DAY,SINGLE,LIGHT,FINE,RES,EMP
RAD,FRNT,N2T,DRY,NIGHT,MULTI,LIGHT,FINE,RES,EMP
RAD,OSR,SSW,DRY,DAWN,MULTI,LIGHT,FINE,RES,CARS TRUCKS
BSP,OSR,SSW,WET,DAY,BUS,NO,RAIN,UN3PAR,CARS TRUCKS
RBT,NSF,SSW,DRY,DAY,MULTI,LIGHT,FINE,RES,CARS TRUCKS
BSP,MIR,SSW,DRY,DAY,MULTI,MODERATE,FINE,UN3PAR,CARS TRUCKS
BSP,MIR,HON,DRY,DAY,SINGLE,MODERATE,FINE,RES,EMP
RAD,OSM,SSW,DRY,DAY,SINGLE,LIGHT,FINE,RES,CARS TRUCKS
RAD,NSF,SSW,DRY,DAY,SINGLE,LIGHT,FINE,RES,EMP
TIN,NSR,SSW,DRY,DAWN,SINGLE,LIGHT,FINE,RES,EMP
RAD,NSR,SSW,DRY,DAY,SINGLE,MODERATE,FINE,RES,EMP
BSP,OSR,SSW,DRY,DAY,SINGLE,HEAVY,FINE,NRES,CARS TRUCKS
RBT,FRNT,SSW,DRY,DAY,SINGLE,LIGHT,FINE,RES,EMP
RAD,NSR,N2T,WET,DAY,MULTI,LIGHT,RAIN,RES,EMP
RAD,OSF,HON,DRY,DAY,SINGLE,MODERATE,FINE,RES,EMP
BSP,MIR,SSW,DRY,DAY,SINGLE,HEAVY,FINE,NRES,EMP
RAD,NSF,SSW,DRY,DAY,SINGLE,NO,FINE,RES,EMP
RAD,NSR,SSW,DRY,DAY,SINGLE,LIGHT,FINE,NRES,EMP
RAD,OSR,SSW,DRY,DAY,MULTI,HEAVY,FINE,NRES,EMP
RAD,MIR,SSW,DRY,DAY,MULTI,LIGHT,FINE,RES,EMP
RAD,NSF,SSW,DRY,DAY,SINGLE,LIGHT,FINE,PEND,EMP
BSP,TOPF,SSW,DRY,DAY,MULTI,MODERATE,FINE,RES,EMP
XRD,OSF,SSW,DRY,DAY,MULTI,HEAVY,FINE,NRES,EMP
XRD,FRNT,TBO,SLIP,DAY,SINGLE,MODERATE,FINE,RES,EMP
RAD,NSF,SSW,WET,DAY,SINGLE,LIGHT,RAIN,RES,EMP
BSP,MIR,SSW,DRY,DAY,MULTI,MODERATE,FINE,RES,EMP
RAD,OSR,SSW,DRY,DAY,SINGLE,LIGHT,FINE,NRES,EMP
RAD,NSR,SSW,DRY,DAY,SINGLE,LIGHT,FINE,RES,EMP
BSP,NSR,HON,DRY,DAY,SINGLE,LIGHT,FINE,OTHERBUS,BUS - OTHER
RAD,NSF,SSW,DRY,DAY,SINGLE,LIGHT,FINE,RES,EMP
RAD,REAR,SSW,DRY,DAY,SINGLE,LIGHT,FINE,NRES,EMP
RAD,NSR,SSW,WET,DAY,SINGLE,HEAVY,RAIN,RES,EMP
XRD,MIR,SSW,DRY,DAY,SINGLE,LIGHT,FINE,UN3PAR,EMP
XRD,NSM,SSW,DRY,DAY,MULTI,MODERATE,FINE,RES,EMP
XRD,OSM,SSW,DRY,DAY,SINGLE,HEAVY,FINE,RES,EMP
RAD,NSR,TBO,DRY,DAY,SINGLE,LIGHT,FINE,NRES,EMP
BSP,NSR,TAI,WET,DAY,SINGLE,NO,RAIN,RES,EMP
RAD,NSR,SSW,DRY,DAY,MULTI,LIGHT,FINE,RES,EMP
RBT,FRNT,REVERSING,DRY,DAY,SINGLE,LIGHT,FINE,NRES,CARS TRUCKS
RAD,NSF,SSW,WET,DAY,SINGLE,MODERATE,FINE,RES,EMP
RAD,NSM,SSW,DRY,DAY,SINGLE,LIGHT,FINE,NRES,EMP
BSP,MIR,HON,WET,DAY,SINGLE,LIGHT,RAIN,RES,CARS TRUCKS
RBT,OSF,HON,DRY,DAY,SINGLE,NO,FINE,NRES,EMP
RAD,OSF,SSW,DRY,DAY,SINGLE,NO,FINE,RES,EMP
RAD,OSM,SSW,WET,DAY,SINGLE,NO,FINE,RES,EMP
RAD,FRNT,N2T,DRY,DAY,MULTI,LIGHT,FINE,RES,EMP
RAD,NSR,SSW,WET,DAY,MULTI,LIGHT,RAIN,UN3PAR,CARS TRUCKS
RAD,OSR,SSW,DRY,DAY,SINGLE,LIGHT,FINE,NRES,EMP
RAD,OSF,SSW,DRY,DAY,MULTI,HEAVY,FINE,NRES,CARS TRUCKS
RAD,NSR,SSW,DRY,DAY,SINGLE,NO,FINE,RES,EMP
RAD,OSF,SSW,DRY,DAY,SINGLE,LIGHT,FINE,NRES,EMP
RAD,NSR,SSW,DRY,DAY,SINGLE,LIGHT,FINE,RES,EMP
BSP,FRNT,SSW,DRY,DAY,SINGLE,MODERATE,FINE,INCIDENT,EMP
RAD,NSR,SSW,DRY,DAY,SINGLE,LIGHT,FINE,RES,EMP
RAD,MIR,SSW,DRY,DAY,MULTI,LIGHT,FINE,UN3PAR,CARS TRUCKS
RAD,NSF,SSW,DRY,DAY,SINGLE,HEAVY,FINE,NRES,EMP
RAD,MIR,SSW,DRY,DAY,SINGLE,NO,FINE,RES,EMP
RAD,NSR,BTMO,DRY,DAY,SINGLE,LIGHT,FINE,INCIDENT,EMP
BSP,NSR,SSW,WET,NIGHT,BUS,NO,FINE,RES,CARS TRUCKS
RAD,NSF,SSW,DRY,DAY,SINGLE,LIGHT,FINE,RES,EMP
RAD,OSM,SSW,WET,NIGHT,SINGLE,NO,RAIN,RES,CARS TRUCKS
BSP,OSR,SSW,DRY,DAY,SINGLE,NO,FINE,OTHERBUS,CARS TRUCKS
XRD,NSR,REVERSING,DRY,DAY,SINGLE,NO,FINE,RES,EMP
RAD,FRNT,SSW,DRY,DAY,SINGLE,LIGHT,FINE,RES,EMP
BSP,NSF,ROO,WET,DUSK,MULTI,HEAVY,RAIN,RES,EMP
RAD,REAR,N2T,WET,DAY,MULTI,HEAVY,RAIN,NRES,ROA
RAD,OSF,SSW,DRY,DAY,MULTI,MODERATE,FINE,RES,CARS TRUCKS
RAD,NSR,SSW,DRY,DAY,SINGLE,LIGHT,FINE,RES,CARS TRUCKS
RAD,NSF,SSW,DRY,DAY,SINGLE,LIGHT,FINE,NRES,EMP
TIN,NSM,SSW,DRY,NIGHT,MULTI,LIGHT,FINE,RES,EMP
RAD,NSF,SSW,DRY,DAY,SINGLE,LIGHT,FINE,RES,EMP
RAD,NSM,SSW,DRY,DAY,SINGLE,LIGHT,FINE,PEND,EMP
BSP,MIR,ROO,WET,DUSK,SINGLE,MODERATE,RAIN,RES,EMP
BSP,FRNT,SSW,WET,NIGHT,BUS,LIGHT,RAIN,INCIDENT,OTH
RAD,FRNT,HON,DRY,DAY,SINGLE,LIGHT,FINE,RES,EMP
RAD,FRNT,HON,DRY,DAY,SINGLE,LIGHT,FINE,RES,EMP
RAD,NSR,SSW,DRY,DAY,MULTI,MODERATE,FINE,RES,EMP
XRD,REAR,TAI,DRY,DAY,SINGLE,LIGHT,FINE,RES,EMP
RBT,OSR,SSW,DRY,DAY,SINGLE,LIGHT,FINE,RES,EMP
BSP,NSF,SSW,DRY,DAY,SINGLE,LIGHT,FINE,RES,EMP
RAD,OSR,N2T,DRY,DAY,SINGLE,MODERATE,FINE,NRES,CARS TRUCKS
BSP,NSR,TAI,DRY,DAY,SINGLE,HEAVY,FINE,RES,EMP
RAD,FRNT,SSW,DRY,DAY,SINGLE,LIGHT,FINE,RES,EMP
TIN,FRNT,HON,DRY,DAY,SINGLE,LIGHT,FINE,RES,EMP
XRD,NSR,SSW,WET,DAY,MULTI,MODERATE,RAIN,NRES,ROA
RAD,NSR,SSW,DRY,DAY,SINGLE,LIGHT,FINE,PEND,EMP
RAD,REAR,SSW,DRY,DAY,SINGLE,LIGHT,FINE,NRES,EMP
BSP,OSR,SSW,DRY,NIGHT,SINGLE,NO,FINE,RES,ENV
RAD,NSF,SSW,DRY,DAY,SINGLE,NO,FINE,UNREP,OTH
BSP,REAR,N2T,DRY,DAY,MULTI,MODERATE,FINE,RES,EMP
RAD,NSM,SSW,DRY,DAY,SINGLE,LIGHT,FINE,RES,EMP
RAD,OSM,SSW,DRY,DAY,SINGLE,LIGHT,FINE,RES,EMP
RAD,OSF,TBO,DRY,DAY,MULTI,MODERATE,FINE,NRES,EMP
TIN,REAR,N2T,DRY,DAY,SINGLE,MODERATE,FINE,NRES,CARS TRUCKS
XRD,NSM,SSW,DRY,DAY,MULTI,LIGHT,FINE,RES,EMP
XRD,FRNT,HON,DRY,DAY,SINGLE,MODERATE,FINE,RES,EMP
BSP,FRNT,SSW,DRY,DAY,SINGLE,LIGHT,FINE,RES,EMP
RAD,NSM,SSW,DRY,DAWN,SINGLE,NO,FINE,NRES,EMP
RAD,NSR,SSW,DRY,DAY,SINGLE,LIGHT,FINE,RES,EMP
RAD,OSM,SSW,WET,DAWN,MULTI,LIGHT,RAIN,UN3PAR,EMP
BSP,NSM,SSW,DRY,DAY,MULTI,HEAVY,FINE,RES,EMP
BSP,FRNT,SSW,DRY,DAWN,SINGLE,NO,FINE,RES,CARS TRUCKS
BSP,NSR,TAI,DRY,DUSK,SINGLE,LIGHT,FINE,RES,EMP
BSP,NSF,N2T,DRY,DAY,SINGLE,NO,FINE,RES,BUS - OTHER
RAD,REAR,N2T,DRY,DAY,SINGLE,LIGHT,FINE,NRES,GEN
RAD,NSR,SSW,DRY,DAY,SINGLE,LIGHT,FINE,RES,EMP
RAD,REAR,SSW,DRY,DAY,SINGLE,LIGHT,FINE,NRES,EMP
RAD,REAR,SSW,DRY,DAY,SINGLE,LIGHT,FINE,RES,EMP
RAD,NSM,TBO,DRY,DAY,SINGLE,MODERATE,FINE,NRES,GEN
RAD,OSR,HON,DRY,DAY,MULTI,MODERATE,FINE,NRES,CARS TRUCKS
RAD,NSM,SSW,DRY,DAY,SINGLE,LIGHT,FINE,NRES,GEN
BSP,NSF,SSW,DRY,DAY,SINGLE,NO,FINE,RES,EMP
RAD,MIR,SSW,DRY,DAY,SINGLE,NO,FINE,RES,EMP
RAD,NSR,SSW,DRY,DAY,MULTI,MODERATE,FINE,UN3PAR,EMP
TIN,NSR,SSW,SLIP,NIGHT,SINGLE,NO,FINE,RES,EMP
RAD,REAR,N2T,DRY,DAY,SINGLE,LIGHT,FINE,NRES,EMP
RAD,MIR,SSW,DRY,NIGHT,SINGLE,LIGHT,FINE,RES,EMP
RAD,REAR,SSW,DRY,DAY,SINGLE,LIGHT,FINE,NRES,CARS TRUCKS
BSP,OSF,SSW,DRY,DAY,MULTI,MODERATE,FINE,NRES,CARS TRUCKS
RAD,NSM,SSW,DRY,DAY,SINGLE,LIGHT,FINE,RES,EMP
RAD,NSF,SSW,DRY,DAY,SINGLE,LIGHT,FINE,RES,EMP
RAD,REAR,SSW,DRY,DAY,SINGLE,LIGHT,FINE,NRES,EMP
XRD,NSR,SSW,DRY,DAY,MULTI,LIGHT,FINE,RES,EMP
XRD,OSF,SSW,DRY,NIGHT,SINGLE,NO,FINE,NRES,ROA
RBT,NSR,TBO,DRY,DAY,SINGLE,NO,FINE,NRES,EMP
RAD,NSR,SSW,DRY,DAY,SINGLE,LIGHT,FINE,RES,EMP
RAD,NSM,SSW,DRY,DAY,SINGLE,LIGHT,FINE,RES,EMP
BSP,REAR,REVERSING,DRY,DAY,SINGLE,LIGHT,FINE,RES,EMP
RAD,NSM,SSW,DRY,DAY,SINGLE,NO,FINE,RES,EMP
RAD,OSR,SSW,DRY,DAY,SINGLE,LIGHT,FINE,RES,EMP
RAD,Minor scratch o,SSW,DRY,DAY,SINGLE,LIGHT,FINE,NRES,EMP
BSP,NSR,N2T,DRY,DAY,MULTI,MODERATE,FINE,NRES,CARS TRUCKS
RAD,NSR,SSW,DRY,DAY,BUS,LIGHT,FINE,NRES,EMP
RAD,OSR,SSW,DRY,DAY,SINGLE,LIGHT,FINE,NRES,EMP
RAD,OSR,SSW,DRY,DAY,SINGLE,LIGHT,FINE,NRES,EMP
RAD,FRNT,SSW,DRY,DAY,SINGLE,LIGHT,FINE,NRES,EMP
RAD,NSR,REVERSING,WET,NIGHT,SINGLE,NO,RAIN,RES,EMP
BSP,OSF,SSW,DRY,DAY,SINGLE,MODERATE,FINE,NRES,BUS - OTHER
RAD,OSM,SSW,DRY,DAY,SINGLE,MODERATE,FINE,UN3PAR,GEN
RAD,OSR,SSW,DRY,DAY,SINGLE,LIGHT,FINE,RES,EMP
BSP,OSM,SSW,DRY,DUSK,SINGLE,LIGHT,FINE,NRES,CARS TRUCKS
RAD,FRNT,SSW,DRY,DAY,SINGLE,LIGHT,FINE,RES,EMP
BSP,NSR,REVERSING,WET,STREET,BUS,NO,FINE,RES,GEN
RAD,WIN,SSW,DRY,NIGHT,MULTI,NO,FINE,INCIDENT,ENV
RAD,WIN,SSW,DRY,DAY,MULTI,MODERATE,FINE,INCIDENT,GEN
RAD,OSR,TAI,DRY,DAY,MULTI,MODERATE,FINE,RES,EMP
RAD,REAR,N2T,DRY,DAY,SINGLE,LIGHT,FINE,NRES,GEN
RAD,OSF,SSW,DRY,DAY,SINGLE,NO,SUN,RES,EMP
RAD,OSF,HON,WET,DAY,SINGLE,LIGHT,RAIN,RES,CARS TRUCKS
RAD,OSR,N2T,DRY,DAY,MULTI,LIGHT,FINE,NRES,BUS - OTHER
RAD,FRNT,SSW,DRY,DAY,SINGLE,LIGHT,FINE,INCIDENT,EMP
RAD,MIR,HON,DRY,DAY,SINGLE,MODERATE,FINE,RES,CARS TRUCKS
RAD,NSR,SSW,DRY,DAY,SINGLE,LIGHT,FINE,RES,CARS TRUCKS
BSP,OSR,N2T,DRY,DAY,SINGLE,HEAVY,FINE,NRES,CARS TRUCKS
RAD,NSR,SSW,DRY,DAY,SINGLE,HEAVY,FINE,RES,CARS TRUCKS
BSP,MIR,SSW,DRY,DAY,SINGLE,LIGHT,FINE,RES,EMP
RAD,NSR,SSW,DRY,DAY,SINGLE,LIGHT,FINE,RES,EMP
RAD,OSF,N2T,DRY,NIGHT,MULTI,MODERATE,FINE,RES,EMP
BSP,NSR,SSW,DRY,DAY,MULTI,NO,FINE,RES,EMP
RAD,OSM,SSW,DRY,DAY,SINGLE,LIGHT,FINE,RES,EMP
RAD,NSR,SSW,DRY,DAY,SINGLE,LIGHT,FINE,RES,EMP
BSP,FRNT,SSW,DRY,DAY,SINGLE,HEAVY,FINE,RES,EMP
RAD,NSF,SSW,DRY,DAY,SINGLE,MODERATE,FINE,RES,EMP
RAD,NSR,SSW,DRY,DAY,SINGLE,LIGHT,SUN,INCIDENT,GEN
RAD,NSM,SSW,DRY,DAY,SINGLE,LIGHT,FINE,NRES,EMP
BSP,TOPF,HON,DRY,DAY,SINGLE,LIGHT,FINE,RES,EMP
RAD,NSR,SSW,DRY,DAY,SINGLE,MODERATE,FINE,RES,EMP
RAD,NSR,SSW,DRY,DAY,SINGLE,LIGHT,FINE,RES,CARS TRUCKS
BSP,NSR,SSW,DRY,DAY,SINGLE,LIGHT,FINE,RES,EMP
RAD,REAR,N2T,DRY,DAY,MULTI,MODERATE,FINE,NRES,CARS TRUCKS
BSP,NSR,REVERSING,WET,NIGHT,BUS,NO,FINE,RES,EMP
RAD,NSR,SSW,DRY,NIGHT,SINGLE,LIGHT,FINE,RES,EMP
RAD,REAR,SSW,DRY,DAY,SINGLE,LIGHT,FINE,RES,EMP
BSP,WSRE,BTMO,WET,DAY,SINGLE,NO,FINE,RES,EMP
BSP,OSR,SSW,DRY,NIGHT,SINGLE,LIGHT,FINE,RES,EMP
BSP,MIR,SSW,WET,DAY,SINGLE,NO,RAIN,RES,EMP
XRD,OSR,SSW,DRY,DAY,MULTI,MODERATE,FINE,RES,EMP
BSP,NSM,SSW,DRY,DAY,MULTI,LIGHT,FINE,RES,EMP
RAD,FRNT,SSW,DRY,DAY,SINGLE,LIGHT,FINE,PEND,EMP
RAD,NSR,SSW,DRY,DAY,SINGLE,LIGHT,FINE,PEND,EMP
RAD,NSR,SSW,DRY,DAY,MULTI,HEAVY,FINE,NRES,ROA
RAD,NSF,SSW,DRY,DAY,SINGLE,LIGHT,FINE,NRES,CARS TRUCKS
RAD,FRNT,HON,DRY,DAY,SINGLE,NO,FINE,RES,EMP
RAD,OSR,SSW,WET,DAY,SINGLE,MODERATE,RAIN,UN3PAR,ROA
RAD,NSF,SSW,DRY,DAY,SINGLE,LIGHT,FINE,UNREP,OTH
RAD,MIR,SSW,DRY,DAY,MULTI,MODERATE,FINE,NRES,CARS TRUCKS
RAD,NSR,SSW,DRY,DAY,SINGLE,LIGHT,FINE,RES,EMP
TIN,NSR,SSW,DRY,DAY,SINGLE,HEAVY,FINE,RES,CARS TRUCKS
RAD,OSF,SSW,DRY,NIGHT,MULTI,NO,FINE,RES,EMP
RAD,NSR,SSW,DRY,DAY,SINGLE,LIGHT,FINE,NRES,ROA
RAD,NSM,SSW,DRY,DAY,SINGLE,LIGHT,FINE,RES,EMP
RAD,OSR,N2T,DRY,DAY,SINGLE,HEAVY,FINE,NRES,ROA
BSP,FRNT,N2T,DRY,DAY,BUS,NO,FINE,RES,EMP
RAD,FRNT,HON,DRY,DAY,SINGLE,LIGHT,FINE,NRES,EMP
RAD,WIN,SSW,DRY,DAY,SINGLE,LIGHT,FINE,NRES,EMP
RAD,OSR,SSW,DRY,DAY,SINGLE,LIGHT,FINE,RES,EMP
BSP,NSF,SSW,DRY,DAY,SINGLE,LIGHT,FINE,RES,EMP
RAD,NSM,SSW,DRY,DAWN,FREE,MODERATE,FINE,NRES,CARS TRUCKS
RAD,NSR,SSW,DRY,DAY,MULTI,LIGHT,FINE,RES,EMP
RAD,NSF,SSW,DRY,DAY,SINGLE,LIGHT,FINE,NRES,EMP
RAD,FRNT,TBO,DRY,DAY,BUS,LIGHT,FINE,NRES,CARS TRUCKS
RAD,NSR,SSW,DRY,DAY,MULTI,MODERATE,FINE,NRES,CARS TRUCKS
RAD,NSF,SSW,DRY,DAY,SINGLE,LIGHT,FINE,NRES,GEN
BSP,NSF,SSW,DRY,DAY,MULTI,NO,FINE,RES,CARS TRUCKS
RAD,OSR,SSW,DRY,DAY,SINGLE,LIGHT,FINE,UN3PAR,CARS TRUCKS
RAD,WIN,SSW,DRY,DAWN,SINGLE,LIGHT,FINE,INCIDENT,ENV
RAD,OSF,HON,DRY,DAY,SINGLE,LIGHT,FINE,NRES,EMP
RAD,OSR,TAI,SLIP,DUSK,SINGLE,LIGHT,FINE,RES,BUS - OTHER
RAD,NSR,SSW,DRY,DAY,BUS,LIGHT,FINE,NRES,CARS TRUCKS
BSP,NSR,SSW,DRY,DAY,SINGLE,LIGHT,FINE,RES,EMP
RAD,NSM,SSW,DRY,DAY,SINGLE,LIGHT,FINE,RES,EMP
RAD,NSF,SSW,DRY,DAY,MULTI,MODERATE,FINE,RES,EMP
RAD,MIR,SSW,WET,NIGHT,MULTI,MODERATE,RAIN,NRES,CARS TRUCKS
BSP,OSR,SSW,DRY,DAY,SINGLE,LIGHT,FINE,NRES,EMP
RAD,NSR,SSW,DRY,DAY,SINGLE,LIGHT,FINE,RES,EMP
RAD,FRNT,TBO,DRY,DAY,MULTI,MODERATE,FINE,NRES,CARS TRUCKS
RAD,FRNT,SSW,DRY,DAY,SINGLE,LIGHT,FINE,RES,EMP
RAD,NSR,N2T,DRY,DAY,MULTI,MODERATE,FINE,RES,CARS TRUCKS
RAD,OSR,REVERSING,DRY,DAY,SINGLE,NO,FINE,RES,EMP
RAD,NSF,SSW,DRY,DAY,SINGLE,LIGHT,FINE,RES,EMP
RAD,FRNT,SSW,DRY,DAY,SINGLE,LIGHT,FINE,RES,EMP
RAD,FRNT,HON,DRY,DAY,SINGLE,NO,FINE,RES,EMP
RAD,FRNT,TBO,DRY,DAY,MULTI,MODERATE,FINE,UN3PAR,CARS TRUCKS
XRD,OSF,HON,DRY,DAY,MULTI,HEAVY,FINE,NRES,EMP
BSP,NSR,TAI,DRY,DAY,SINGLE,LIGHT,FINE,RES,EMP
BSP,NSF,SSW,DRY,DAY,SINGLE,LIGHT,FINE,RES,EMP
RAD,REAR,N2T,DRY,DAY,SINGLE,LIGHT,FINE,NRES,ROA
RAD,NSF,SSW,DRY,DAY,MULTI,LIGHT,FINE,NRES,CARS TRUCKS
XRD,NSF,SSW,DRY,DAY,SINGLE,LIGHT,FINE,NRES,CARS TRUCKS
RAD,NSF,TBO,WET,DAY,MULTI,LIGHT,RAIN,NRES,CARS TRUCKS
BSP,NSR,TAI,DRY,NIGHT,MULTI,LIGHT,FINE,RES,EMP
BSP,MIR,HON,WET,NIGHT,BUS,MODERATE,RAIN,RES,EMP
RBT,OSR,SSW,DRY,DAY,SINGLE,LIGHT,FINE,RES,EMP
XRD,NSM,SSW,DRY,NIGHT,MULTI,LIGHT,FINE,NRES,CARS TRUCKS
RAD,FRNT,N2T,DRY,DAY,SINGLE,LIGHT,FINE,NRES,CARS TRUCKS
BSP,OSR,SSW,DRY,NIGHT,SINGLE,LIGHT,FINE,NRES,ROA
RAD,OSR,SSW,DRY,DAY,SINGLE,LIGHT,FINE,RES,EMP
RAD,OSM,SSW,DRY,DAY,SINGLE,LIGHT,FINE,RES,CARS TRUCKS
RAD,NSF,SSW,DRY,DAY,SINGLE,NO,FINE,RES,EMP
RAD,NSR,SSW,DRY,DAY,SINGLE,HEAVY,FINE,RES,EMP
RAD,REAR,SSW,DRY,DAY,SINGLE,LIGHT,FINE,RES,EMP
BSP,REAR,N2T,DRY,DAY,MULTI,HEAVY,FINE,NRES,EMP
RAD,NSM,SSW,DRY,DAY,SINGLE,LIGHT,FINE,RES,EMP
BSP,NSF,SSW,DRY,DAY,SINGLE,LIGHT,FINE,RES,EMP
RAD,NSR,SSW,DRY,DAY,SINGLE,LIGHT,FINE,RES,EMP
RAD,OSM,SSW,DRY,DAY,SINGLE,LIGHT,FINE,RES,CARS TRUCKS
RAD,NSF,SSW,DRY,DAY,MULTI,HEAVY,FINE,NRES,EMP
BSP,NSF,SSW,DRY,DAY,MULTI,LIGHT,FINE,UN3PAR,ROA
RAD,FRNT,SSW,DRY,DAY,SINGLE,LIGHT,FINE,RES,EMP
RAD,NSF,SSW,DRY,DAY,MULTI,LIGHT,FINE,NRES,GEN
RAD,FRNT,HON,DRY,DAY,SINGLE,LIGHT,FINE,RES,EMP
BSP,NSM,SSW,DRY,DAY,SINGLE,HEAVY,FINE,RES,EMP
BSP,NSR,REVERSING,DRY,DUSK,SINGLE,NO,FINE,RES,EMP
RAD,FRNT,SSW,DRY,DAY,SINGLE,LIGHT,FINE,NRES,EMP
RAD,OSR,SSW,DRY,DAY,SINGLE,LIGHT,FINE,NRES,EMP
RAD,NSF,SSW,DRY,DAY,SINGLE,LIGHT,FINE,RES,EMP
RAD,NSF,SSW,DRY,DAY,SINGLE,LIGHT,FINE,RES,EMP
TIN,NSM,TBO,DRY,DAY,SINGLE,NO,FINE,NRES,CARS TRUCKS
RAD,OSF,SSW,DRY,DAY,SINGLE,HEAVY,FINE,UN3PAR,GEN
XRD,NSR,SSW,DRY,DAY,MULTI,HEAVY,FINE,RES,EMP
BSP,REAR,N2T,DRY,DAY,SINGLE,NO,FINE,NRES,EMP
BSP,NSM,SSW,DRY,DAY,BUS,LIGHT,FINE,RES,EMP
RAD,NSR,SSW,SLIP,NIGHT,MULTI,LIGHT,RAIN,UN3PAR,EMP
BSP,NSF,SSW,DRY,DAY,SINGLE,LIGHT,FINE,RES,EMP
RAD,NSM,HON,DRY,DAY,BUS,MODERATE,FINE,NRES,CARS TRUCKS
RAD,NSR,SSW,DRY,DAY,SINGLE,LIGHT,FINE,RES,EMP
RAD,NSF,TBO,DRY,DAY,SINGLE,LIGHT,FINE,NRES,EMP
RAD,OSM,SSW,DRY,DAY,SINGLE,LIGHT,FINE,RES,EMP
RAD,NSR,TAI,DRY,DAY,MULTI,EXTREME,FINE,RES,EMP
RAD,OSR,SSW,DRY,DAY,SINGLE,LIGHT,FINE,RES,EMP
RAD,NSR,SSW,DRY,DAY,SINGLE,MODERATE,FINE,NRES,BUS - OTHER