location_code,damage_code,collision_code,road_code,light_code,road_type_code,traffic_code,weather_code,emp_liability_code,kpi_cause_code
RAD,OSR,SSW,DRY,DAY,SINGLE,MODERATE,FINE,RES,OTH
RAD,NSF,SSW,DRY,DAY,MULTI,HEAVY,FINE,NRES,ROA
XRD,OSM,SSW,SLIP,DAY,MULTI,HEAVY,FINE,RES,EMP
XRD,NSR,SSW,DRY,DAY,SINGLE,LIGHT,FINE,RES,EMP
RAD,NSF,SSW,WET,DAY,MULTI,LIGHT,RAIN,RES,ENV
BSP,REAR,N2T,DRY,DAY,SINGLE,LIGHT,FINE,NRES,ROA
RAD,FRNT,SSW,DRY,DAY,SINGLE,LIGHT,FINE,RES,EMP
RAD,REAR,SSW,DRY,DAY,MULTI,MODERATE,FINE,RES,EMP
RAD,REAR,SSW,DRY,DAY,SINGLE,LIGHT,FINE,INCIDENT,EMP
BSP,REAR,SSW,DRY,DAY,BUS,LIGHT,FINE,UN3PAR,CARS TRUCKS
XRD,FRNT,SSW,DRY,DAY,SINGLE,MODERATE,FINE,RES,CARS TRUCKS
RAD,NSR,SSW,DRY,DAY,SINGLE,HEAVY,FINE,RES,EMP
RAD,OSF,SSW,DRY,DAY,MULTI,MODERATE,SUN,UN3PAR,CARS TRUCKS
RAD,NSF,SSW,DRY,DAY,SINGLE,LIGHT,FINE,UNREP,OTH
RAD,NSF,SSW,DRY,DAY,SINGLE,LIGHT,FINE,PEND,EMP
RAD,FRNT,SSW,DRY,DAY,SINGLE,LIGHT,FINE,PEND,EMP
BSP,FRNT,HON,WET,NIGHT,SINGLE,NO,RAIN,RES,EMP
RAD,FRNT,HON,WET,NIGHT,SINGLE,LIGHT,RAIN,RES,EMP
TIN,NSR,SSW,DRY,DAY,SINGLE,LIGHT,FINE,RES,EMP
RAD,OSM,SSW,WET,NIGHT,MULTI,MODERATE,FINE,RES,EMP
RAD,NSM,SSW,DRY,DAY,MULTI,NO,FINE,RES,EMP
RAD,OSF,SSW,DRY,DAY,SINGLE,LIGHT,FINE,PEND,EMP
XRD,NSR,N2T,DRY,DAY,MULTI,LIGHT,FINE,NRES,CARS TRUCKS
RAD,NSR,SSW,DRY,DAY,SINGLE,LIGHT,FINE,PEND,EMP
RAD,NSR,SSW,DRY,DAY,SINGLE,LIGHT,FINE,PEND,EMP
RAD,OSM,SSW,DRY,DAY,SINGLE,LIGHT,FINE,PEND,EMP
RAD,OSR,SSW,DRY,DAY,SINGLE,LIGHT,FINE,PEND,EMP
RAD,OSR,TAI,DRY,DAY,MULTI,LIGHT,FINE,RES,EMP
RAD,NSF,SSW,DRY,DAY,SINGLE,LIGHT,FINE,RES,EMP
RAD,NSR,TAI,DRY,DAY,MULTI,LIGHT,FINE,OTHERBUS,EMP
RAD,NSR,N2T,DRY,DUSK,SINGLE,HEAVY,FINE,NRES,ROA
BSP,NSR,TAI,DRY,DAY,SINGLE,LIGHT,FINE,RES,BUS - OTHER
XRD,NSF,N2T,DRY,NIGHT,MULTI,LIGHT,FINE,RES,EMP
RAD,NSM,SSW,DRY,DAY,SINGLE,LIGHT,FINE,RES,EMP
BSP,OSF,SSW,WET,DAY,MULTI,MODERATE,RAIN,OTHERBUS,EMP
BSP,FRNT,SSW,DRY,DAY,BUS,MODERATE,FINE,NRES,CARS TRUCKS
XRD,NSM,SSW,WET,DUSK,MULTI,HEAVY,RAIN,RES,EMP
RAD,NSR,SSW,DRY,DAY,SINGLE,LIGHT,FINE,RES,EMP
RAD,NSR,SSW,DRY,DAY,SINGLE,LIGHT,FINE,RES,EMP
RAD,WSRE,HON,DRY,NIGHT,SINGLE,NO,FINE,RES,CARS TRUCKS
RBT,WSRE,BTMO,DRY,DAY,SINGLE,MODERATE,FINE,RES,EMP
BSP,OSR,SSW,DRY,DAY,SINGLE,LIGHT,FINE,UN3PAR,CARS TRUCKS
RAD,NSF,SSW,DRY,DAY,SINGLE,LIGHT,FINE,RES,EMP
RAD,NSR,SSW,DRY,DAY,SINGLE,LIGHT,FINE,RES,EMP
RAD,NSM,SSW,DRY,DAY,BUS,LIGHT,FINE,RES,EMP
RAD,NSR,SSW,DRY,DAY,SINGLE,LIGHT,FINE,PEND,EMP
RAD,NSF,SSW,DRY,DAY,MULTI,MODERATE,FINE,NRES,CARS TRUCKS
RAD,OSF,SSW,DRY,DUSK,MULTI,HEAVY,FINE,NRES,CARS TRUCKS
RAD,NSM,SSW,DRY,DAY,MULTI,MODERATE,FINE,NRES,ROA
RAD,FRNT,TBO,WET,DAY,MULTI,MODERATE,RAIN,NRES,CARS TRUCKS
BSP,REAR,TAI,DRY,DAY,SINGLE,LIGHT,FINE,RES,EMP
RAD,NSF,SSW,DRY,DAY,SINGLE,LIGHT,FINE,PEND,EMP
BSP,NSF,SSW,DRY,DAY,SINGLE,LIGHT,FINE,RES,CARS TRUCKS
BSP,FRNT,HON,DRY,NIGHT,SINGLE,LIGHT,FINE,RES,BUS - OTHER
BSP,WIN,SSW,DRY,NIGHT,SINGLE,LIGHT,FINE,NRES,EMP
RAD,NSR,SSW,DRY,DAY,SINGLE,LIGHT,FINE,NRES,EMP
RAD,OSM,SSW,DRY,DAY,SINGLE,LIGHT,FINE,RES,EMP
RAD,NSR,SSW,WET,NIGHT,MULTI,LIGHT,RAIN,RES,EMP
RAD,NSR,SSW,DRY,DAY,SINGLE,LIGHT,FINE,PEND,EMP
XRD,FRNT,N2T,DRY,DAY,SINGLE,LIGHT,FINE,RES,BUS BRAKING
RAD,WSRE,HON,DRY,DAY,SINGLE,LIGHT,FINE,RES,EMP
RAD,FRNT,SSW,DRY,DAWN,MULTI,NO,SUN,INCIDENT,EMP
TIN,OSM,SSW,DRY,DAY,MULTI,LIGHT,FINE,RES,EMP
RBT,NSM,SSW,DRY,DAY,BUS,NO,FINE,RES,EMP
XRD,OSM,SSW,DRY,DAY,SINGLE,MODERATE,FINE,RES,EMP
RAD,TOPM,SSW,DRY,DUSK,BUS,MODERATE,FINE,RES,EMP
XRD,REAR,N2T,DRY,DAY,MULTI,LIGHT,FINE,NRES,EMP
RAD,REAR,TAI,DRY,DAY,SINGLE,NO,FINE,RES,EMP
BSP,NSR,BTMO,WET,DAY,SINGLE,HEAVY,RAIN,RES,EMP
RAD,FRNT,TBO,DRY,DAY,MULTI,HEAVY,FINE,RES,EMP
RAD,OSR,TAI,DRY,DAY,SINGLE,MODERATE,FINE,RES,EMP
RAD,NSR,SSW,DRY,DAY,SINGLE,HEAVY,FINE,NRES,EMP
RAD,NSM,SSW,DRY,DAY,SINGLE,MODERATE,FINE,RES,EMP
BSP,NSM,SSW,DRY,DAY,MULTI,MODERATE,FINE,INCIDENT,GEN
XRD,NSM,SSW,DRY,DAY,SINGLE,LIGHT,FINE,RES,EMP
RAD,FRNT,SSW,DRY,DAY,MULTI,LIGHT,FINE,RES,EMP
TIN,OSF,SSW,WET,DUSK,MULTI,HEAVY,RAIN,INCIDENT,PL&EQ
RAD,OSR,TAI,DRY,DAY,MULTI,MODERATE,FINE,RES,EMP
XRD,OSM,SSW,WET,DAY,SINGLE,LIGHT,RAIN,RES,EMP
TIN,OSF,SSW,DRY,DAY,SINGLE,HEAVY,FINE,RES,EMP
RAD,NSM,SSW,DRY,DAY,MULTI,MODERATE,FINE,RES,EMP
RAD,NSR,SSW,DRY,DAY,SINGLE,LIGHT,FINE,PEND,EMP
RAD,WIN,SSW,DRY,DAY,SINGLE,LIGHT,FINE,NRES,EMP
RAD,NSF,SSW,DRY,DAY,SINGLE,LIGHT,FINE,NRES,EMP
BSP,OSR,SSW,DRY,DAY,MULTI,HEAVY,FINE,NRES,ROA
RAD,NSF,SSW,DRY,DAY,MULTI,LIGHT,FINE,NRES,CARS TRUCKS
XRD,OSM,SSW,DRY,DAY,SINGLE,LIGHT,FINE,RES,EMP
RAD,OSR,SSW,DRY,DAY,MULTI,LIGHT,FINE,UN3PAR,CARS TRUCKS
RAD,OSM,SSW,DRY,DAY,SINGLE,LIGHT,FINE,RES,EMP
RAD,OSR,SSW,DRY,DAY,SINGLE,LIGHT,FINE,NRES,ROA
RAD,OSR,SSW,DRY,DAY,MULTI,HEAVY,FINE,NRES,EMP
RBT,OSM,BTMO,WET,DUSK,SINGLE,NO,RAIN,INCIDENT,EMP
RAD,NSR,SSW,DRY,DAY,MULTI,HEAVY,FINE,RES,EMP
RAD,NSF,SSW,DRY,DAY,SINGLE,LIGHT,FINE,RES,EMP
BSP,MIR,SSW,DRY,DAY,MULTI,HEAVY,FINE,RES,EMP
RAD,NSF,SSW,DRY,DAY,SINGLE,LIGHT,FINE,RES,EMP
RAD,NSF,HON,DRY,DAY,SINGLE,MODERATE,FINE,RES,EMP
RAD,OSF,SSW,DRY,DAY,MULTI,LIGHT,FINE,NRES,EMP
RAD,NSF,SSW,DRY,DAY,MULTI,HEAVY,FINE,NRES,ROA
XRD,OSR,TBO,DRY,DAY,SINGLE,LIGHT,FINE,NRES,GEN
BSP,OSR,SSW,DRY,DAY,MULTI,HEAVY,FINE,NRES,CARS TRUCKS
XRD,NSR,SSW,DRY,DAY,SINGLE,LIGHT,FINE,RES,EMP
XRD,OSM,SSW,DRY,DAY,SINGLE,LIGHT,FINE,RES,EMP
RAD,NSR,N2T,WET,DUSK,MULTI,MODERATE,RAIN,NRES,CARS TRUCKS
RAD,WSRE,SSW,DRY,DAY,SINGLE,MODERATE,FINE,INCIDENT,ENV
RAD,REAR,N2T,DRY,DAY,MULTI,LIGHT,FINE,RES,EMP
BSP,OSR,SSW,DRY,DAY,SINGLE,LIGHT,FINE,NRES,GEN
XRD,NSF,SSW,DRY,DAY,MULTI,LIGHT,FINE,NRES,CARS TRUCKS
BSP,NSR,TAI,WET,DAY,BUS,NO,RAIN,RES,EMP
BSP,OSR,SSW,DRY,DAY,BUS,NO,FINE,NRES,BUS - OTHER
RAD,OSM,SSW,DRY,DAY,MULTI,EXTREME,FINE,RES,EMP
RAD,OSR,SSW,DRY,DAY,MULTI,MODERATE,FINE,NRES,CARS TRUCKS
BSP,MIR,BTMO,DRY,DAY,BUS,LIGHT,FINE,RES,EMP
RAD,NSR,SSW,DRY,DAY,MULTI,MODERATE,FINE,RES,EMP
RAD,NSR,TAI,DRY,DAY,SINGLE,LIGHT,FINE,RES,EMP
RAD,WSRE,SSW,DRY,DAY,SINGLE,LIGHT,FINE,RES,EMP
RAD,NSR,SSW,DRY,DAY,SINGLE,LIGHT,FINE,RES,EMP
BSP,NSR,TAI,WET,DAY,BUS,HEAVY,RAIN,RES,EMP
BSP,NSM,SSW,DRY,DAY,BUS,NO,FINE,RES,EMP
RAD,NSF,SSW,DRY,DAY,MULTI,NO,FINE,RES,EMP
BSP,MIR,SSW,DRY,DAY,MULTI,HEAVY,FINE,RES,EMP
RAD,OSF,HON,DRY,DAY,SINGLE,MODERATE,FINE,NRES,CARS TRUCKS
RAD,WSRE,HON,DRY,DAY,SINGLE,LIGHT,FINE,INCIDENT,OTH
BSP,NSR,SSW,DRY,DAY,BUS,MODERATE,FINE,RES,EMP
BSP,NSR,SSW,DRY,DAY,MULTI,LIGHT,FINE,RES,EMP
RAD,MIR,SSW,DRY,DAY,MULTI,HEAVY,FINE,RES,EMP
BSP,NSF,HON,DRY,DAY,SINGLE,NO,FINE,RES,EMP
BSP,NSF,ROO,WET,DAY,BUS,LIGHT,RAIN,RES,EMP
TIN,REAR,N2T,WET,DAY,SINGLE,LIGHT,RAIN,RES,EMP
RAD,NSF,SSW,DRY,DUSK,SINGLE,HEAVY,FINE,NRES,CARS TRUCKS
RAD,FRNT,HON,DRY,DAY,MULTI,MODERATE,FINE,UN3PAR,CARS TRUCKS
RAD,WIN,SSW,DRY,DAY,SINGLE,LIGHT,FINE,NRES,EMP
RAD,OSR,SSW,DRY,DAY,MULTI,HEAVY,FINE,NRES,CARS TRUCKS
RAD,MIR,SSW,DRY,DAY,MULTI,LIGHT,FINE,RES,CARS TRUCKS
RAD,NSF,SSW,WET,DAY,MULTI,LIGHT,FINE,RES,EMP
RAD,NSR,SSW,DRY,DAY,MULTI,LIGHT,FINE,RES,CARS TRUCKS
RAD,NSR,SSW,DRY,DAY,SINGLE,LIGHT,FINE,INCIDENT,EMP
RAD,NSM,N2T,DRY,DUSK,MULTI,LIGHT,FINE,RES,EMP
RAD,NSR,SSW,DRY,DAY,BUS,LIGHT,FINE,NRES,CARS TRUCKS
RAD,NSR,REVERSING,DRY,DAY,MULTI,MODERATE,FINE,NRES,CARS TRUCKS
RAD,FRNT,HON,DRY,DAY,MULTI,MODERATE,FINE,RES,EMP
RAD,NSR,SSW,WET,DAY,SINGLE,LIGHT,RAIN,RES,EMP
RAD,NSM,SSW,DRY,DAY,SINGLE,MODERATE,FINE,RES,EMP
BSP,REAR,REVERSING,DRY,DAY,MULTI,LIGHT,FINE,RES,EMP
BSP,MIR,SSW,DRY,DAY,BUS,NO,FINE,RES,EMP
RAD,MIR,SSW,DRY,DAY,SINGLE,HEAVY,FINE,UN3PAR,CARS TRUCKS
RAD,MIR,SSW,DRY,DAY,BUS,LIGHT,FINE,RES,EMP
RAD,NSM,SSW,DRY,DAY,SINGLE,LIGHT,FINE,NRES,CARS TRUCKS
RAD,OSM,SSW,DRY,DAY,SINGLE,EXTREME,FINE,RES,EMP
RBT,OSM,SSW,DRY,DAY,SINGLE,LIGHT,FINE,RES,EMP
BSP,REAR,N2T,DRY,DAY,SINGLE,HEAVY,FINE,NRES,CARS TRUCKS
RAD,REAR,REVERSING,DRY,DAWN,SINGLE,NO,FINE,RES,EMP
XRD,OSM,SSW,DRY,DAY,SINGLE,LIGHT,FINE,NRES,CARS TRUCKS
RAD,MIR,SSW,DRY,NIGHT,SINGLE,NO,FINE,RES,CARS TRUCKS
RAD,FRNT,N2T,DRY,NIGHT,MULTI,LIGHT,FINE,RES,BUS - OTHER
RAD,NSM,SSW,DRY,DUSK,SINGLE,LIGHT,FINE,RES,EMP
BSP,NSR,SSW,DRY,DAY,BUS,LIGHT,FINE,RES,CARS TRUCKS
XRD,REAR,TAI,DRY,DAY,MULTI,MODERATE,FINE,RES,EMP
BSP,NSF,SSW,WET,DAY,MULTI,LIGHT,FINE,RES,EMP
XRD,OSR,TAI,DRY,DAY,MULTI,EXTREME,FINE,RES,EMP
XRD,NSR,TAI,WET,DAY,MULTI,MODERATE,RAIN,NRES,CARS TRUCKS
BSP,OSR,SSW,DRY,DAY,SINGLE,LIGHT,FINE,NRES,CARS TRUCKS
BSP,NSF,SSW,WET,DAY,SINGLE,LIGHT,RAIN,RES,EMP
RAD,NSF,SSW,DRY,DAY,MULTI,LIGHT,FINE,RES,EMP
BSP,OSR,SSW,DRY,DAY,BUS,NO,FINE,NRES,CARS TRUCKS
BSP,OSR,SSW,DRY,DAY,BUS,LIGHT,FINE,OTHERBUS,CARS TRUCKS
BSP,NSR,TAI,DRY,DAY,SINGLE,LIGHT,FINE,RES,CARS TRUCKS
BSP,NSF,HON,DRY,NIGHT,SINGLE,LIGHT,FINE,RES,EMP
TIN,FRNT,N2T,DRY,DUSK,SINGLE,MODERATE,FINE,RES,EMP
XRD,MIR,TAI,DRY,DAY,MULTI,LIGHT,FINE,NRES,CARS TRUCKS
BSP,OSR,TAI,DRY,DAY,SINGLE,NO,FINE,RES,EMP
TIN,NSM,SSW,DRY,DAY,BUS,MODERATE,FINE,NRES,CARS TRUCKS
XRD,FRNT,TBO,DRY,DAY,SINGLE,NO,FINE,NRES,BUS - OTHER
RAD,NSR,SSW,DRY,DAY,SINGLE,MODERATE,FINE,RES,CARS TRUCKS
RAD,REAR,REVERSING,DRY,DAY,SINGLE,LIGHT,FINE,RES,BUS - OTHER
RAD,NSF,SSW,DRY,NIGHT,MULTI,HEAVY,FINE,RES,EMP
RAD,FRNT,N2T,DRY,DAY,SINGLE,MODERATE,FINE,RES,EMP
RAD,WIN,SSW,DRY,DAY,SINGLE,LIGHT,FINE,INCIDENT,GEN
RAD,NSM,SSW,DRY,DAY,MULTI,HEAVY,FINE,RES,EMP
BSP,FRNT,N2T,DRY,DAY,SINGLE,LIGHT,FINE,RES,EMP
RAD,NSM,SSW,DRY,DAY,SINGLE,LIGHT,FINE,RES,EMP
BSP,NSR,SSW,DRY,DAY,SINGLE,LIGHT,FINE,RES,EMP
RBT,OSM,SSW,DRY,DAY,SINGLE,NO,FINE,RES,EMP
BSP,NSR,SSW,DRY,DAY,BUS,LIGHT,FINE,NRES,EMP
RAD,NSF,SSW,WET,DAY,MULTI,LIGHT,RAIN,UN3PAR,CARS TRUCKS
RAD,OSF,SSW,DRY,DAY,MULTI,LIGHT,FINE,RES,CARS TRUCKS
BSP,NSR,SSW,DRY,DAY,SINGLE,NO,FINE,RES,CARS TRUCKS
RAD,REAR,SSW,WET,DAY,SINGLE,HEAVY,RAIN,RES,EMP
TIN,NSF,SSW,DRY,DAY,MULTI,MODERATE,FINE,NRES,CARS TRUCKS
RAD,OSF,SSW,DRY,DAY,MULTI,LIGHT,FINE,NRES,CARS TRUCKS
BSP,REAR,SSW,DRY,DAY,SINGLE,LIGHT,FINE,RES,EMP
RAD,NSM,SSW,DRY,DAY,SINGLE,LIGHT,FINE,NRES,CARS TRUCKS
RAD,FRNT,SSW,DRY,DAY,SINGLE,LIGHT,FINE,RES,BUS - OTHER
RAD,WSRE,BTMO,DRY,DAWN,BUS,MODERATE,FINE,RES,ENV
RAD,NSR,SSW,DRY,DAY,SINGLE,LIGHT,FINE,UNREP,OTH
RAD,FRNT,N2T,DRY,DAY,MULTI,MODERATE,FINE,RES,EMP
RAD,OSM,SSW,DRY,DAY,SINGLE,LIGHT,FINE,UNREP,OTH
RAD,NSM,SSW,DRY,DAY,SINGLE,MODERATE,FINE,RES,EMP
RAD,NSR,SSW,DRY,DAY,BUS,MODERATE,FINE,RES,EMP
RAD,NSR,SSW,DRY,DAY,SINGLE,LIGHT,FINE,RES,EMP
RAD,FRNT,SSW,DRY,DAY,SINGLE,LIGHT,FINE,RES,EMP
RAD,NSM,SSW,DRY,DAY,SINGLE,NO,FINE,RES,EMP
XRD,NSR,TAI,DRY,DAY,MULTI,LIGHT,FINE,OTHERBUS,BUS - OTHER
XRD,MIR,SSW,DRY,DAY,MULTI,HEAVY,FINE,NRES,CARS TRUCKS
BSP,NSF,SSW,DRY,DAY,MULTI,LIGHT,FINE,RES,EMP
XRD,OSR,SSW,DRY,DAY,SINGLE,LIGHT,FINE,RES,CARS TRUCKS
XRD,OSM,SSW,DRY,DAY,MULTI,MODERATE,FINE,UN3PAR,CARS TRUCKS
RAD,NSR,SSW,DRY,DAY,SINGLE,EXTREME,FINE,RES,EMP
RAD,NSF,HON,DRY,DAY,SINGLE,LIGHT,SUN,RES,EMP
BSP,NSF,HON,DRY,DAY,SINGLE,MODERATE,FINE,RES,EMP
RAD,NSF,ROO,WET,DAY,SINGLE,LIGHT,RAIN,INCIDENT,ENV
BSP,NSR,SSW,DRY,DAY,BUS,NO,FINE,RES,EMP
RAD,NSR,SSW,DRY,DAY,MULTI,MODERATE,FINE,RES,EMP
BSP,FRNT,SSW,DRY,DAY,MULTI,HEAVY,FINE,NRES,EMP
RAD,NSM,SSW,DRY,STREET,SINGLE,NO,FINE,UN3PAR,GEN
BSP,MIR,SSW,DRY,NIGHT,SINGLE,LIGHT,FINE,RES,EMP
XRD,OSR,SSW,DRY,DAY,MULTI,EXTREME,FINE,RES,EMP
RAD,NSM,SSW,DRY,DAY,SINGLE,MODERATE,FINE,RES,EMP
RAD,NSR,N2T,DRY,DAY,MULTI,EXTREME,FINE,RES,EMP
RAD,NSF,SSW,DRY,DAY,MULTI,HEAVY,FINE,RES,EMP
RAD,NSF,SSW,WET,DAY,MULTI,MODERATE,RAIN,NRES,CARS TRUCKS
RAD,FRNT,N2T,DRY,DAY,SINGLE,LIGHT,FINE,RES,EMP
RAD,OSM,SSW,WET,DUSK,MULTI,LIGHT,FOG,RES,EMP
RAD,NSR,SSW,DRY,DAY,SINGLE,LIGHT,FINE,NRES,CARS TRUCKS
RAD,NSM,SSW,DRY,DAY,SINGLE,LIGHT,FINE,NRES,CARS TRUCKS
BSP,OSR,SSW,DRY,DAY,MULTI,MODERATE,FINE,NRES,CARS TRUCKS
DEPOT,NSR,SSW,WET,DAY,MULTI,MODERATE,RAIN,NRES,CARS TRUCKS
BSP,OSR,SSW,DRY,DAY,BUS,HEAVY,FINE,NRES,CARS TRUCKS
RBT,OSM,SSW,DRY,DAY,SINGLE,LIGHT,FINE,RES,EMP
XRD,OSM,SSW,DRY,DAY,SINGLE,HEAVY,FINE,RES,EMP
RAD,OSR,SSW,DRY,DAY,MULTI,MODERATE,FINE,NRES,CARS TRUCKS
RAD,FRNT,REVERSING,WET,DAY,MULTI,HEAVY,RAIN,NRES,CARS TRUCKS
RAD,MIR,SSW,DRY,DAY,MULTI,LIGHT,FINE,RES,EMP
RAD,REAR,REVERSING,DRY,DAY,SINGLE,LIGHT,RAIN,RES,EMP
BSP,FRNT,ROO,DRY,DAY,SINGLE,LIGHT,FINE,RES,BUS - OTHER
TIN,OSF,SSW,DRY,DAY,MULTI,LIGHT,FINE,RES,EMP
TIN,NSR,BTMO,DRY,DAY,MULTI,LIGHT,FINE,RES,EMP
RAD,NSF,SSW,DRY,DAY,SINGLE,MODERATE,FINE,NRES,CARS TRUCKS
RAD,FRNT,N2T,DRY,DAY,MULTI,HEAVY,FINE,RES,EMP
RAD,NSR,SSW,DRY,DAY,MULTI,LIGHT,FINE,RES,EMP
TIN,NSF,N2T,DRY,DAY,SINGLE,MODERATE,FINE,RES,EMP
RAD,NSR,TBO,DRY,DAY,SINGLE,LIGHT,FINE,NRES,CARS TRUCKS
RAD,OSF,SSW,DRY,DAY,SINGLE,LIGHT,FINE,INCIDENT,OTH
XRD,FRNT,N2T,WET,DAY,SINGLE,LIGHT,RAIN,NRES,CARS TRUCKS
BSP,OSM,SSW,DRY,DAY,SINGLE,LIGHT,FINE,RES,EMP
RAD,NSM,TBO,DRY,DAY,SINGLE,LIGHT,FINE,NRES,EMP
XRD,NSF,SSW,DRY,DAY,MULTI,HEAVY,FINE,RES,EMP
TIN,FRNT,TBO,DRY,DAY,SINGLE,HEAVY,FINE,NRES,CARS TRUCKS
TIN,NSM,SSW,DRY,DAY,MULTI,HEAVY,FINE,RES,EMP
RAD,TOPR,SSW,DRY,DAY,SINGLE,LIGHT,FINE,INCIDENT,PAS
XRD,NSF,SSW,DRY,DAY,MULTI,LIGHT,FINE,RES,CARS TRUCKS
RAD,OSF,SSW,DRY,DAY,MULTI,LIGHT,FINE,NRES,GEN
RAD,NSF,SSW,DRY,DAY,SINGLE,NO,FINE,RES,EMP
BSP,OSF,SSW,DRY,DAY,BUS,NO,FINE,OTHERBUS,BUS - OTHER
RAD,NSF,SSW,DRY,DAY,MULTI,MODERATE,FINE,RES,EMP
BSP,MIR,SSW,WET,DAY,BUS,LIGHT,RAIN,RES,EMP
RAD,NSF,SSW,DRY,DAY,MULTI,HEAVY,FINE,NRES,CARS TRUCKS
XRD,MIR,SSW,DRY,NIGHT,MULTI,NO,FINE,RES,EMP
BSP,NSR,REVERSING,DRY,NIGHT,BUS,LIGHT,FINE,RES,EMP
RAD,FRNT,SSW,DRY,DAY,SINGLE,LIGHT,FINE,RES,EMP
RAD,NSR,SSW,DRY,DAY,SINGLE,LIGHT,FINE,UNREP,OTH
BSP,REAR,SSW,DRY,DAY,SINGLE,EXTREME,FINE,NRES,CARS TRUCKS
RAD,NSR,SSW,DRY,DAWN,SINGLE,HEAVY,FINE,RES,EMP
BSP,MIR,SSW,WET,DAY,SINGLE,LIGHT,RAIN,RES,EMP
BSP,MIR,SSW,DRY,DAY,BUS,HEAVY,FINE,RES,BUS - OTHER
RAD,NSF,SSW,DRY,DAY,SINGLE,LIGHT,FINE,RES,EMP
RAD,NSR,SSW,WET,DAY,MULTI,HEAVY,RAIN,INCIDENT,BUS - OTHER
RAD,NSF,SSW,DRY,DAY,MULTI,HEAVY,FINE,NRES,CARS TRUCKS
RAD,NSM,SSW,DRY,DAWN,MULTI,LIGHT,FINE,NRES,CARS TRUCKS
RAD,MIR,SSW,DRY,DAY,SINGLE,MODERATE,FINE,RES,EMP
TIN,OSM,SSW,DRY,STREET,MULTI,LIGHT,FINE,RES,EMP
BSP,MIR,SSW,DRY,DAY,SINGLE,NO,FINE,RES,EMP
RAD,OSR,SSW,DRY,DAY,MULTI,MODERATE,FINE,NRES,CARS TRUCKS
XRD,OSR,TBO,WET,DAWN,MULTI,LIGHT,RAIN,UN3PAR,CARS TRUCKS
RAD,NSR,SSW,DRY,DAY,MULTI,HEAVY,FINE,RES,CARS TRUCKS
RAD,OSM,TAI,DRY,DAY,MULTI,HEAVY,FINE,NRES,CARS TRUCKS
XRD,OSR,SSW,DRY,DAY,MULTI,LIGHT,FINE,UN3PAR,CARS TRUCKS
RAD,NSF,HON,DRY,NIGHT,SINGLE,NO,FINE,RES,EMP
RAD,NSR,SSW,DRY,DAY,SINGLE,LIGHT,FINE,RES,CARS TRUCKS
TIN,OSF,SSW,DRY,DAY,SINGLE,MODERATE,FINE,RES,EMP
TIN,NSM,SSW,DRY,DAY,SINGLE,HEAVY,FINE,RES,EMP
BSP,NSR,SSW,WET,DAY,SINGLE,HEAVY,RAIN,RES,EMP
RAD,OSR,REVERSING,DRY,DAY,SINGLE,LIGHT,FINE,RES,EMP
XRD,OSF,TBO,DRY,DAY,MULTI,MODERATE,FINE,UN3PAR,CARS TRUCKS
XRD,FRNT,HON,DRY,DAY,MULTI,MODERATE,FINE,NRES,CARS TRUCKS
RAD,WSRE,BTMO,DRY,DUSK,SINGLE,NO,FINE,RES,EMP
RAD,OSR,BTMO,DRY,DAY,MULTI,LIGHT,FINE,NRES,CARS TRUCKS
RAD,NSF,SSW,DRY,DAY,SINGLE,MODERATE,FINE,NRES,CARS TRUCKS
RAD,NSF,SSW,DRY,DAY,SINGLE,HEAVY,FINE,RES,CARS TRUCKS
RAD,OSF,HON,DRY,DAY,SINGLE,MODERATE,FINE,NRES,CARS TRUCKS
RAD,OSF,SSW,DRY,DAY,MULTI,LIGHT,FINE,UN3PAR,CARS TRUCKS
RBT,NSF,SSW,DRY,DAY,SINGLE,LIGHT,FINE,RES,EMP
BSP,MIR,SSW,DRY,DAY,BUS,NO,FINE,OTHERBUS,CARS TRUCKS
RAD,NSR,SSW,DRY,DAY,SINGLE,MODERATE,FINE,RES,EMP
BSP,OSM,SSW,DRY,NIGHT,BUS,LIGHT,FINE,RES,CARS TRUCKS
RAD,MIR,HON,DRY,DAY,MULTI,LIGHT,FINE,INCIDENT,EMP
RAD,NSR,SSW,DRY,DAY,MULTI,MODERATE,SUN,RES,BUS - OTHER
TIN,NSM,TBO,DRY,DAY,SINGLE,LIGHT,FINE,RES,CARS TRUCKS
RAD,MIR,SSW,DRY,DAY,MULTI,MODERATE,FINE,RES,EMP
BSP,OSR,SSW,DRY,DAY,BUS,LIGHT,FINE,NRES,EMP
BSP,OSR,SSW,DRY,DAY,MULTI,MODERATE,FINE,NRES,CARS TRUCKS
RAD,FRNT,TAI,DRY,DAY,MULTI,LIGHT,FINE,RES,EMP
RAD,FRNT,N2T,DRY,DAY,SINGLE,LIGHT,FINE,RES,EMP
XRD,NSF,SSW,SLIP,DAY,MULTI,MODERATE,RAIN,RES,BUS BRAKING
TIN,OSR,SSW,DRY,DAY,MULTI,HEAVY,FINE,NRES,CARS TRUCKS
BSP,TOPM,SSW,DRY,DAY,SINGLE,NO,FINE,RES,EMP
RAD,NSR,SSW,DRY,DAY,MULTI,MODERATE,FINE,NRES,CARS TRUCKS