location_code,damage_code,collision_code,road_code,light_code,road_type_code,traffic_code,weather_code,emp_liability_code,kpi_cause_code
BSP,MIR,SSW,DRY,DAY,SINGLE,MODERATE,FINE,RES,EMP
RAD,OSR,SSW,DRY,DAY,SINGLE,NO,FINE,RES,EMP
RAD,OSM,SSW,DRY,DAY,SINGLE,HEAVY,FINE,NRES,CARS TRUCKS
DEPOT,NSM,SSW,DRY,DAY,SINGLE,NO,FINE,RES,CARS TRUCKS
BSP,MIR,HON,DRY,DAY,MULTI,LIGHT,FINE,RES,EMP
RAD,OSR,SSW,WET,DAY,SINGLE,LIGHT,RAIN,UN3PAR,EMP
RAD,NSR,SSW,DRY,DAY,SINGLE,LIGHT,FINE,RES,EMP
RAD,NSM,SSW,DRY,DAY,MULTI,MODERATE,FINE,RES,EMP
RAD,NSR,SSW,DRY,DAY,SINGLE,LIGHT,FINE,PEND,EMP
RAD,NSF,SSW,DRY,DAY,SINGLE,LIGHT,FINE,PEND,EMP
RAD,NSM,SSW,DRY,DAY,SINGLE,LIGHT,FINE,RES,EMP
RAD,OSF,SSW,DRY,DAY,SINGLE,LIGHT,FINE,PEND,EMP
RAD,NSM,SSW,DRY,DAY,SINGLE,LIGHT,FINE,RES,EMP
RAD,OSM,SSW,DRY,DAY,SINGLE,LIGHT,FINE,NRES,EMP
RAD,WIN,SSW,DRY,DAY,SINGLE,LIGHT,FINE,RES,EMP
RAD,NSF,SSW,DRY,DAY,SINGLE,LIGHT,FINE,NRES,EMP
RAD,OSM,SSW,DRY,DAY,SINGLE,LIGHT,FINE,NRES,EMP
RAD,NSM,SSW,DRY,DAY,SINGLE,LIGHT,FINE,NRES,EMP
RAD,NSM,SSW,DRY,DAY,SINGLE,LIGHT,FINE,NRES,EMP
RAD,TOPF,SSW,DRY,DAY,SINGLE,LIGHT,FINE,RES,EMP
RAD,OSR,SSW,DRY,DAY,SINGLE,LIGHT,FINE,RES,EMP
RAD,NSR,SSW,DRY,DAY,MULTI,HEAVY,FINE,PEND,EMP
XRD,OSR,SSW,DRY,DAY,MULTI,MODERATE,FINE,RES,CARS TRUCKS
XRD,OSF,HON,WET,DAY,MULTI,MODERATE,RAIN,NRES,BUS - OTHER
BSP,REAR,N2T,DRY,DAY,SINGLE,MODERATE,FINE,NRES,EMP
RAD,MIR,HON,DRY,DAY,MULTI,MODERATE,FINE,RES,EMP
RAD,REAR,REVERSING,DRY,NIGHT,SINGLE,NO,FINE,RES,EMP
RAD,REAR,N2T,SLIP,DAY,MULTI,MODERATE,RAIN,UN3PAR,CARS TRUCKS
RAD,MIR,SSW,WET,DAY,MULTI,MODERATE,RAIN,RES,EMP
RAD,NSM,SSW,DRY,DAY,SINGLE,NO,FINE,RES,EMP
XRD,OSM,SSW,DRY,DAY,MULTI,LIGHT,FINE,NRES,CARS TRUCKS
RAD,NSM,SSW,WET,DAY,MULTI,LIGHT,FINE,NRES,CARS TRUCKS
BSP,MIR,SSW,DRY,DAY,SINGLE,MODERATE,FINE,RES,PL&EQ
RAD,NSR,SSW,DRY,DAY,MULTI,HEAVY,FINE,RES,EMP
RAD,OSR,SSW,DRY,NIGHT,SINGLE,NO,FINE,RES,EMP
RAD,FRNT,N2T,DRY,DAY,SINGLE,LIGHT,FINE,INCIDENT,OTH
RAD,REAR,N2T,DRY,DAY,BUS,LIGHT,FINE,NRES,CARS TRUCKS
RAD,NSR,SSW,DRY,DAY,MULTI,MODERATE,FINE,RES,EMP
XRD,NSR,TAI,DRY,DAY,MULTI,LIGHT,FINE,RES,EMP
BSP,NSM,SSW,DRY,DAY,BUS,LIGHT,FINE,RES,EMP
BSP,NSF,HON,DRY,DAWN,SINGLE,NO,FINE,RES,EMP
RAD,NSM,SSW,DRY,DAY,MULTI,LIGHT,FINE,INCIDENT,GEN
RAD,MIR,SSW,DRY,DAWN,MULTI,LIGHT,FINE,RES,EMP
RAD,NSR,TAI,DRY,DAY,SINGLE,LIGHT,FINE,RES,EMP
TIN,NSR,N2T,DRY,DAY,SINGLE,LIGHT,FINE,RES,EMP
RAD,FRNT,TBO,DRY,DAY,MULTI,MODERATE,FINE,NRES,CARS TRUCKS
BSP,FRNT,HON,DRY,DAY,BUS,NO,FINE,RES,EMP
BSP,NSR,SSW,DRY,NIGHT,BUS,LIGHT,FINE,OTHERBUS,CARS TRUCKS
RAD,NSM,SSW,DRY,DAY,SINGLE,EXTREME,FINE,RES,EMP
BSP,FRNT,HON,DRY,DAY,BUS,MODERATE,FINE,RES,EMP
BSP,NSF,HON,DRY,DAY,SINGLE,NO,FINE,RES,EMP
RAD,WSRE,SSW,DRY,DAWN,SINGLE,HEAVY,FINE,NRES,CARS TRUCKS
BSP,OSR,N2T,DRY,DAY,SINGLE,MODERATE,FINE,NRES,CARS TRUCKS
XRD,OSR,TAI,DRY,DAY,SINGLE,MODERATE,FINE,RES,EMP
XRD,OSR,SSW,DRY,DAY,SINGLE,NO,FINE,RES,EMP
RAD,NSR,SSW,DRY,DAY,MULTI,HEAVY,FINE,NRES,CARS TRUCKS
TIN,NSM,SSW,DRY,DAY,SINGLE,MODERATE,FINE,RES,EMP
BSP,REAR,REVERSING,DRY,DAY,SINGLE,NO,FINE,RES,BUS - OTHER
RBT,REAR,SSW,DRY,DAY,SINGLE,LIGHT,FINE,RES,EMP
RAD,OSR,SSW,DRY,DAY,SINGLE,LIGHT,FINE,NRES,EMP
BSP,MIR,SSW,WET,DAY,MULTI,LIGHT,FINE,RES,CARS TRUCKS
RAD,NSF,SSW,DRY,DAY,MULTI,HEAVY,FINE,RES,CARS TRUCKS
BSP,OSF,REVERSING,DRY,DAY,BUS,NO,FINE,OTHERBUS,BUS - OTHER
RAD,FRNT,HON,DRY,DAY,MULTI,LIGHT,FINE,RES,EMP
RAD,REAR,SSW,DRY,DAY,SINGLE,LIGHT,FINE,RES,EMP
RAD,FRNT,SSW,DRY,DAY,SINGLE,LIGHT,FINE,RES,EMP
RAD,NSR,SSW,DRY,DAY,SINGLE,LIGHT,FINE,RES,CARS TRUCKS
XRD,NSR,SSW,DRY,DAY,SINGLE,LIGHT,FINE,RES,CARS TRUCKS
RAD,OSF,SSW,DRY,DAY,SINGLE,LIGHT,FINE,NRES,EMP
RAD,OSM,SSW,DRY,DAY,SINGLE,LIGHT,FINE,NRES,EMP
RAD,OSF,SSW,DRY,DAY,SINGLE,LIGHT,FINE,NRES,EMP
RAD,OSM,SSW,DRY,NIGHT,MULTI,LIGHT,FINE,RES,EMP
BSP,NSF,SSW,DRY,DAY,SINGLE,NO,FINE,RES,EMP
BSP,NSR,N2T,WET,DAY,MULTI,MODERATE,RAIN,NRES,ROA
RAD,NSR,SSW,DRY,DAY,SINGLE,LIGHT,FINE,RES,EMP
RAD,FRNT,SSW,DRY,DAY,SINGLE,MODERATE,FINE,NRES,ROA
RBT,FRNT,HON,DRY,DAY,SINGLE,LIGHT,FINE,RES,EMP
RAD,NSF,SSW,DRY,DAY,SINGLE,LIGHT,FINE,RES,CARS TRUCKS
BSP,NSR,SSW,DRY,DAY,SINGLE,LIGHT,FINE,RES,EMP
BSP,NSF,SSW,WET,DAY,BUS,LIGHT,FINE,RES,EMP
RAD,WSRE,HON,DRY,DAY,SINGLE,LIGHT,FINE,RES,CARS TRUCKS
RAD,NSM,SSW,DRY,DAY,SINGLE,LIGHT,FINE,RES,CARS TRUCKS
RAD,NSF,SSW,DRY,NIGHT,MULTI,LIGHT,FINE,RES,EMP
XRD,OSM,SSW,DRY,DUSK,MULTI,HEAVY,FINE,RES,EMP
RAD,NSR,SSW,DRY,DAY,SINGLE,LIGHT,FINE,RES,EMP
XRD,NSF,HON,DRY,DAY,MULTI,LIGHT,FINE,RES,EMP
RAD,NSF,SSW,DRY,DAY,SINGLE,LIGHT,FINE,RES,EMP
RAD,OSF,SSW,WET,DAY,SINGLE,HEAVY,RAIN,UN3PAR,CARS TRUCKS
RAD,NSF,SSW,DRY,DAY,SINGLE,LIGHT,FINE,RES,EMP
RAD,NSF,SSW,DRY,DAY,SINGLE,LIGHT,FINE,RES,EMP
RAD,OSM,SSW,DRY,DAY,MULTI,EXTREME,SUN,NRES,CARS TRUCKS
BSP,MIR,SSW,WET,DAY,SINGLE,LIGHT,RAIN,RES,EMP
BSP,NSF,SSW,DRY,DAY,SINGLE,LIGHT,FINE,RES,EMP
RAD,NSF,SSW,WET,DAY,MULTI,LIGHT,RAIN,INCIDENT,EMP
RAD,OSM,SSW,DRY,DAY,MULTI,LIGHT,FINE,NRES,ROA
XRD,NSR,SSW,DRY,NIGHT,MULTI,HEAVY,FINE,RES,EMP
RBT,OSR,SSW,DRY,DAY,MULTI,HEAVY,FINE,RES,BUS - OTHER
BSP,TOPR,TAI,DRY,NIGHT,SINGLE,LIGHT,FINE,RES,EMP
RAD,OSR,SSW,DRY,DAY,SINGLE,NO,FINE,RES,EMP
RAD,FRNT,N2T,DRY,DAY,SINGLE,HEAVY,FINE,RES,CARS TRUCKS
XRD,OSM,SSW,DRY,DAY,SINGLE,LIGHT,FINE,RES,EMP
RAD,WIN,SSW,DRY,DAY,SINGLE,LIGHT,FINE,NRES,EMP
RAD,FRNT,SSW,DRY,NIGHT,MULTI,LIGHT,FINE,NRES,CARS TRUCKS
RAD,Rear nearside b,SSW,DRY,DAY,SINGLE,LIGHT,FINE,RES,EMP
RAD,NSF,SSW,DRY,DAY,SINGLE,LIGHT,FINE,NRES,EMP
RAD,NSF,SSW,DRY,DAY,SINGLE,LIGHT,FINE,NRES,EMP
BSP,NSR,SSW,DRY,DAY,SINGLE,LIGHT,FINE,RES,EMP
RAD,NSR,SSW,DRY,DAY,SINGLE,LIGHT,FINE,RES,EMP
RAD,NSR,SSW,DRY,DAY,BUS,NO,FINE,RES,EMP
BSP,REAR,SSW,DRY,DAY,MULTI,LIGHT,FINE,NRES,EMP
RAD,REAR,SSW,DRY,DAY,SINGLE,LIGHT,FINE,RES,EMP
RAD,REAR,SSW,DRY,DAY,SINGLE,LIGHT,FINE,RES,EMP
RAD,NSR,BTMO,WET,DAY,SINGLE,NO,RAIN,INCIDENT,OTH
RAD,OSM,SSW,DRY,DAY,SINGLE,LIGHT,FINE,NRES,EMP
RAD,FRNT,N2T,DRY,DAY,SINGLE,LIGHT,FINE,RES,CARS TRUCKS
BSP,OSF,SSW,DRY,DAY,SINGLE,LIGHT,FINE,RES,BUS - OTHER
RAD,MIR,SSW,DRY,DAY,MULTI,MODERATE,FINE,NRES,CARS TRUCKS
RAD,NSF,SSW,DRY,DAY,SINGLE,LIGHT,FINE,RES,EMP
RAD,OSF,SSW,DRY,DAY,SINGLE,LIGHT,FINE,NRES,EMP
RAD,OSR,SSW,DRY,DAY,SINGLE,LIGHT,FINE,RES,EMP
RAD,NSM,SSW,DRY,DAY,SINGLE,LIGHT,FINE,NRES,EMP
XRD,NSM,SSW,DRY,DAY,MULTI,HEAVY,FINE,NRES,EMP
RAD,NSR,SSW,DRY,DAY,SINGLE,LIGHT,FINE,RES,EMP
RAD,OSR,TAI,DRY,DAY,SINGLE,NO,FINE,RES,EMP
RAD,OSF,SSW,DRY,DAY,SINGLE,LIGHT,FINE,RES,EMP
RAD,NSR,SSW,DRY,DAY,SINGLE,LIGHT,FINE,RES,EMP
BSP,NSF,SSW,DRY,DAWN,SINGLE,NO,FINE,RES,EMP
RAD,REAR,SSW,DRY,DAY,SINGLE,MODERATE,FINE,RES,EMP
RAD,NSR,SSW,DRY,DAY,SINGLE,LIGHT,FINE,RES,EMP
BSP,OSR,SSW,DRY,DAY,MULTI,MODERATE,FINE,UN3PAR,CARS TRUCKS
RAD,NSR,TBO,SLIP,DAY,SINGLE,LIGHT,FINE,NRES,CARS TRUCKS
RAD,NSM,SSW,DRY,DAY,MULTI,MODERATE,FINE,RES,OTH
BSP,FRNT,REVERSING,WET,DAY,SINGLE,LIGHT,FINE,NRES,BUS - OTHER
BSP,WIN,SSW,DRY,NIGHT,BUS,LIGHT,FINE,PEND,EMP
BSP,NSM,SSW,WET,NIGHT,SINGLE,LIGHT,RAIN,RES,EMP
RAD,WSRE,HON,DRY,DAY,SINGLE,LIGHT,FINE,RES,EMP
RAD,FRNT,SSW,DRY,DAY,SINGLE,HEAVY,FINE,NRES,ROA
RAD,FRNT,N2T,DRY,DAY,SINGLE,LIGHT,FINE,RES,EMP
BSP,MIR,SSW,WET,DAY,MULTI,LIGHT,FINE,NRES,EMP
BSP,MIR,SSW,WET,NIGHT,MULTI,LIGHT,RAIN,RES,EMP
XRD,FRNT,HON,DRY,DAY,MULTI,LIGHT,FINE,RES,EMP
RBT,OSM,SSW,DRY,DAY,SINGLE,LIGHT,FINE,NRES,ROA
XRD,NSM,SSW,WET,NIGHT,MULTI,MODERATE,RAIN,NRES,EMP
RAD,REAR,N2T,DRY,DAY,SINGLE,LIGHT,FINE,NRES,CARS TRUCKS
RAD,NSM,SSW,DRY,DAY,SINGLE,LIGHT,FINE,RES,EMP
RAD,OSM,SSW,DRY,DAY,SINGLE,MODERATE,FINE,RES,EMP
RAD,NSM,SSW,DRY,DAY,SINGLE,LIGHT,FINE,RES,EMP
BSP,NSR,TAI,DRY,DAY,SINGLE,HEAVY,FINE,RES,CARS TRUCKS
XRD,NSM,SSW,DRY,NIGHT,MULTI,LIGHT,FINE,RES,EMP
RAD,OSM,SSW,DRY,DAY,SINGLE,LIGHT,FINE,INCIDENT,CARS TRUCKS
BSP,MIR,SSW,DRY,DAY,BUS,MODERATE,FINE,RES,EMP
RAD,NSF,SSW,DRY,DAY,SINGLE,LIGHT,FINE,NRES,EMP
BSP,FRNT,SSW,DRY,DAY,SINGLE,NO,FINE,NRES,EMP
BSP,MIR,SSW,DRY,DAY,SINGLE,LIGHT,FINE,RES,EMP
BSP,NSR,SSW,DRY,DAY,SINGLE,NO,FINE,RES,EMP
BSP,MIR,SSW,DRY,DAY,BUS,NO,FINE,RES,EMP
RAD,OSR,SSW,WET,DAWN,MULTI,LIGHT,RAIN,RES,EMP
BSP,MIR,SSW,DRY,DUSK,BUS,HEAVY,FINE,RES,EMP
RAD,NSR,SSW,WET,NIGHT,MULTI,NO,RAIN,NRES,EMP
BSP,NSR,SSW,WET,NIGHT,SINGLE,HEAVY,RAIN,RES,EMP
RAD,OSF,SSW,DRY,DAY,SINGLE,LIGHT,FINE,RES,EMP
BSP,MIR,SSW,DRY,DAY,MULTI,HEAVY,FINE,NRES,EMP
RAD,NSR,SSW,DRY,DAY,SINGLE,NO,FINE,RES,EMP
BSP,NSM,SSW,DRY,DAY,SINGLE,EXTREME,FINE,RES,EMP
BSP,MIR,SSW,WET,DAY,BUS,EXTREME,RAIN,NRES,EMP
RAD,OSR,SSW,WET,DAY,MULTI,LIGHT,RAIN,NRES,EMP
RAD,NSF,SSW,DRY,DAY,SINGLE,LIGHT,FINE,PEND,EMP
BSP,MIR,SSW,WET,DAY,SINGLE,LIGHT,RAIN,RES,EMP
RAD,NSR,SSW,DRY,NIGHT,BUS,LIGHT,FINE,NRES,EMP
RAD,NSR,SSW,DRY,DAY,SINGLE,LIGHT,FINE,PEND,EMP
RAD,NSM,SSW,DRY,DAY,SINGLE,LIGHT,FINE,PEND,EMP
RAD,NSR,SSW,DRY,DAY,SINGLE,LIGHT,FINE,NRES,EMP
RAD,OSF,SSW,WET,STREET,FREE,MODERATE,RAIN,NRES,EMP
RAD,WIN,SSW,DRY,DAY,MULTI,LIGHT,FINE,NRES,EMP
RAD,NSR,SSW,DRY,DAY,SINGLE,LIGHT,FINE,RES,EMP
RAD,NSR,SSW,DRY,DAY,SINGLE,LIGHT,FINE,RES,EMP
XRD,FRNT,SSW,DRY,DAY,MULTI,NO,FINE,UN3PAR,EMP
BSP,NSR,SSW,DRY,DAY,SINGLE,LIGHT,FINE,RES,CARS TRUCKS
RAD,NSR,SSW,DRY,DAY,SINGLE,LIGHT,FINE,RES,EMP
RAD,OSF,SSW,DRY,DAY,SINGLE,LIGHT,FINE,INCIDENT,GEN
TIN,FRNT,HON,DRY,DAY,MULTI,LIGHT,FINE,NRES,ROA
RAD,OSF,SSW,DRY,DAY,SINGLE,LIGHT,FINE,NRES,EMP
BSP,NSR,SSW,DRY,DAY,MULTI,LIGHT,FINE,NRES,ROA
RAD,OSF,SSW,DRY,DAY,MULTI,MODERATE,FINE,RES,ROA
BSP,REAR,N2T,DRY,DAY,SINGLE,LIGHT,FINE,NRES,ROA
BSP,MIR,HON,DRY,DAY,SINGLE,MODERATE,FINE,RES,EMP
RAD,NSM,SSW,DRY,DAY,MULTI,LIGHT,FINE,RES,EMP
RAD,OSR,SSW,DRY,DAY,FREE,MODERATE,FINE,RES,EMP
BSP,NSR,TAI,DRY,DAY,SINGLE,LIGHT,FINE,RES,EMP
RAD,FRNT,SSW,DRY,DAY,SINGLE,LIGHT,FINE,RES,EMP
RAD,OSF,SSW,DRY,DAY,MULTI,HEAVY,FINE,NRES,EMP
RAD,NSR,SSW,DRY,DAY,SINGLE,LIGHT,FINE,RES,EMP
RAD,MIR,SSW,DRY,DAY,SINGLE,LIGHT,FINE,RES,EMP
RAD,FRNT,SSW,DRY,DAY,SINGLE,LIGHT,FINE,INCIDENT,EMP
RAD,OSF,SSW,DRY,DAY,SINGLE,LIGHT,FINE,NRES,EMP
TIN,FRNT,TBO,DRY,DAY,SINGLE,HEAVY,FINE,NRES,EMP
BSP,MIR,SSW,DRY,DAY,SINGLE,MODERATE,FINE,RES,EMP
RAD,FRNT,N2T,DRY,DAWN,MULTI,LIGHT,FINE,RES,EMP
RAD,NSF,SSW,DRY,NIGHT,SINGLE,NO,ICE,RES,EMP
TIN,OSM,SSW,DRY,DAY,SINGLE,HEAVY,FINE,RES,EMP
RAD,NSF,SSW,WET,DAY,MULTI,MODERATE,RAIN,RES,EMP
BSP,REAR,HON,DRY,DAY,SINGLE,LIGHT,FINE,NRES,EMP
RAD,OSF,SSW,DRY,DAY,SINGLE,LIGHT,FINE,NRES,EMP
XRD,REAR,N2T,DRY,DAY,MULTI,MODERATE,FINE,NRES,EMP
RAD,NSR,SSW,DRY,DAY,MULTI,LIGHT,FINE,NRES,EMP
RBT,OSR,SSW,DRY,DAY,MULTI,LIGHT,FINE,NRES,EMP
RAD,FRNT,SSW,DRY,DAY,MULTI,HEAVY,FINE,RES,EMP
BSP,NSF,SSW,WET,NIGHT,MULTI,LIGHT,FINE,RES,EMP
RAD,MIR,SSW,DRY,DAY,SINGLE,LIGHT,FINE,PEND,EMP
BSP,OSR,TAI,DRY,DAY,MULTI,LIGHT,FINE,RES,EMP
RAD,MIR,SSW,DRY,DAY,SINGLE,LIGHT,FINE,RES,EMP
BSP,MIR,SSW,DRY,DAY,MULTI,LIGHT,FINE,NRES,EMP
RAD,NSR,SSW,DRY,DAY,SINGLE,LIGHT,FINE,RES,EMP
XRD,OSR,SSW,DRY,DAY,MULTI,MODERATE,FINE,RES,EMP
RAD,FRNT,N2T,DRY,DAY,SINGLE,LIGHT,FINE,RES,EMP
RAD,NSM,SSW,DRY,DAY,MULTI,LIGHT,FINE,INCIDENT,EMP
RAD,MIR,SSW,DRY,DAY,SINGLE,LIGHT,FINE,RES,EMP
BSP,NSR,TAI,DRY,DAY,MULTI,HEAVY,FINE,RES,EMP
BSP,NSR,SSW,WET,DAY,BUS,LIGHT,FINE,RES,EMP
RAD,OSM,SSW,DRY,DAY,SINGLE,MODERATE,FINE,RES,EMP
RBT,NSR,SSW,DRY,DAY,MULTI,HEAVY,FINE,RES,EMP
BSP,MIR,SSW,DRY,DAY,SINGLE,LIGHT,FINE,RES,EMP
RBT,REAR,SSW,DRY,DUSK,SINGLE,LIGHT,FINE,RES,EMP
RAD,NSM,SSW,DRY,DAY,SINGLE,LIGHT,FINE,NRES,EMP
BSP,NSF,SSW,DRY,DAY,SINGLE,LIGHT,FINE,NRES,EMP
RAD,NSF,HON,DRY,DAY,SINGLE,LIGHT,FINE,NRES,EMP
XRD,NSF,SSW,DRY,DAY,SINGLE,LIGHT,FINE,NRES,EMP
RAD,MIR,SSW,DRY,DAY,SINGLE,LIGHT,FINE,NRES,EMP
RAD,OSM,TBO,DRY,DAY,SINGLE,LIGHT,FINE,NRES,ROA
XRD,MIR,HON,DRY,DAY,SINGLE,LIGHT,FINE,NRES,ROA
XRD,OSM,SSW,DRY,DAY,MULTI,HEAVY,FINE,RES,EMP
RAD,OSR,BTMO,DRY,DAY,SINGLE,NO,FINE,RES,EMP
RAD,FRNT,SSW,WET,NIGHT,MULTI,HEAVY,RAIN,NRES,EMP
RAD,NSF,SSW,DRY,DAY,SINGLE,LIGHT,FINE,NRES,EMP
RAD,OSF,SSW,DRY,DAY,MULTI,LIGHT,FINE,NRES,EMP
RAD,NSF,SSW,WET,NIGHT,MULTI,LIGHT,RAIN,INCIDENT,ENV
RAD,NSR,SSW,DRY,DAY,BUS,LIGHT,FINE,RES,EMP
BSP,OSF,SSW,DRY,DAY,MULTI,LIGHT,FINE,NRES,ROA
XRD,NSR,SSW,DRY,DAY,MULTI,HEAVY,FINE,RES,EMP
RAD,MIR,SSW,DRY,DAY,SINGLE,LIGHT,FINE,RES,EMP
RAD,OSF,SSW,DRY,DAY,SINGLE,LIGHT,FINE,RES,EMP
RAD,OSF,SSW,DRY,DAY,SINGLE,LIGHT,FINE,NRES,EMP
RAD,MIR,SSW,DRY,DAY,MULTI,LIGHT,FINE,NRES,ROA
RAD,NSF,SSW,DRY,DAY,SINGLE,LIGHT,FINE,RES,EMP
BSP,NSR,SSW,DRY,DAY,SINGLE,MODERATE,FINE,RES,EMP
RAD,WIN,SSW,DRY,DAY,SINGLE,LIGHT,FINE,RES,EMP
RAD,NSM,SSW,DRY,DUSK,SINGLE,LIGHT,FINE,RES,EMP
RAD,MIR,HON,DRY,DAY,SINGLE,LIGHT,FINE,NRES,ROA
RAD,NSF,N2T,DRY,DAY,SINGLE,HEAVY,FINE,RES,EMP
RAD,NSM,TBO,DRY,DAY,SINGLE,NO,FINE,NRES,EMP
BSP,OSR,SSW,DRY,DAY,SINGLE,LIGHT,FINE,NRES,EMP
RAD,NSR,N2T,DRY,DAY,SINGLE,LIGHT,FINE,INCIDENT,CARS TRUCKS
RAD,REAR,N2T,DRY,DAY,MULTI,LIGHT,FINE,NRES,EMP
RAD,OSM,SSW,WET,DAY,SINGLE,HEAVY,RAIN,RES,EMP
XRD,MIR,SSW,DRY,DAY,SINGLE,LIGHT,FINE,NRES,EMP
RAD,NSM,SSW,DRY,NIGHT,BUS,NO,FINE,RES,EMP
RAD,NSF,SSW,DRY,DAY,SINGLE,LIGHT,FINE,INCIDENT,EMP
TIN,OSM,SSW,DRY,DAY,MULTI,LIGHT,FINE,RES,EMP
RAD,NSM,SSW,WET,DAY,SINGLE,MODERATE,RAIN,NRES,EMP
RAD,REAR,REVERSING,DRY,DAY,MULTI,MODERATE,FINE,RES,CARS TRUCKS
RAD,NSF,SSW,DRY,DAY,SINGLE,LIGHT,FINE,NRES,EMP
BSP,REAR,SSW,DRY,DAY,MULTI,HEAVY,FINE,NRES,EMP
BSP,NSF,SSW,DRY,DAY,SINGLE,MODERATE,FINE,RES,CARS TRUCKS
BSP,MIR,SSW,DRY,DAY,SINGLE,LIGHT,FINE,RES,EMP
RAD,FRNT,HON,DRY,DAY,SINGLE,LIGHT,FINE,RES,EMP
XRD,MIR,SSW,DRY,DAY,MULTI,HEAVY,FINE,UN3PAR,EMP
XRD,NSR,SSW,DRY,DAY,SINGLE,MODERATE,FINE,RES,EMP
XRD,OSF,SSW,DRY,DAY,MULTI,HEAVY,FINE,NRES,ROA
RAD,NSF,N2T,DRY,NIGHT,SINGLE,LIGHT,FINE,RES,EMP
RAD,OSR,SSW,DRY,DAY,SINGLE,LIGHT,FINE,NRES,EMP
BSP,MIR,SSW,DRY,DAY,MULTI,LIGHT,FINE,RES,EMP
RAD,NSF,HON,DRY,DAY,MULTI,LIGHT,FINE,RES,EMP
RAD,OSM,SSW,DRY,DAY,SINGLE,LIGHT,FINE,RES,EMP
XRD,NSR,TAI,DRY,DAY,MULTI,MODERATE,FINE,NRES,EMP
RAD,NSR,TAI,DRY,DAY,SINGLE,MODERATE,RAIN,RES,CARS TRUCKS
RAD,OSF,SSW,DRY,DAY,SINGLE,LIGHT,FINE,PEND,EMP
RAD,NSM,SSW,DRY,DAY,SINGLE,LIGHT,FINE,RES,EMP
XRD,OSF,SSW,DRY,DAY,MULTI,HEAVY,FINE,NRES,CYC
XRD,OSF,SSW,DRY,DAWN,MULTI,LIGHT,FINE,NRES,EMP
RAD,OSR,SSW,DRY,DAY,SINGLE,MODERATE,FINE,RES,EMP
RAD,NSM,SSW,DRY,DAY,SINGLE,LIGHT,FINE,RES,EMP
RAD,OSF,SSW,DRY,DAY,SINGLE,LIGHT,FINE,NRES,EMP
RAD,NSR,SSW,DRY,DAY,SINGLE,LIGHT,FINE,PEND,EMP
RAD,NSM,SSW,DRY,DAY,SINGLE,HEAVY,FINE,RES,EMP
RAD,NSF,SSW,DRY,DAY,SINGLE,LIGHT,FINE,NRES,EMP
RAD,NSF,SSW,DRY,DAY,MULTI,LIGHT,FINE,NRES,ROA
RAD,OSF,SSW,DRY,DAY,SINGLE,LIGHT,FINE,RES,EMP
XRD,NSM,SSW,DRY,DAWN,SINGLE,LIGHT,FINE,RES,EMP
RAD,OSF,SSW,DRY,DAY,MULTI,HEAVY,FINE,NRES,ROA
RAD,MIR,SSW,DRY,DAY,SINGLE,LIGHT,FINE,UN3PAR,ROA
RAD,NSR,SSW,DRY,DAY,SINGLE,LIGHT,FINE,RES,CARS TRUCKS
BSP,MIR,SSW,WET,NIGHT,SINGLE,MODERATE,RAIN,RES,EMP
RAD,WSRE,HON,DRY,DAY,MULTI,MODERATE,FINE,INCIDENT,EMP
BSP,MIR,SSW,DRY,DAY,SINGLE,NO,FINE,RES,EMP
RAD,NSR,SSW,DRY,DAY,SINGLE,LIGHT,FINE,RES,EMP
RAD,NSR,SSW,DRY,DAY,SINGLE,LIGHT,FINE,RES,EMP
RAD,NSR,SSW,DRY,NIGHT,SINGLE,LIGHT,FINE,INCIDENT,GEN
BSP,OSR,SSW,DRY,DAY,SINGLE,LIGHT,FINE,RES,EMP
TIN,OSR,TBO,DRY,DAY,MULTI,LIGHT,FINE,RES,EMP
RAD,NSM,SSW,DRY,DAY,SINGLE,LIGHT,FINE,RES,EMP
RAD,NSR,SSW,DRY,DAY,SINGLE,LIGHT,FINE,RES,EMP
XRD,FRNT,HON,DRY,DAY,SINGLE,NO,FINE,RES,EMP
RAD,MIR,SSW,DRY,DAY,MULTI,LIGHT,FINE,NRES,ROA
RAD,NSF,SSW,DRY,DAY,SINGLE,LIGHT,FINE,RES,EMP
TIN,NSM,SSW,DRY,DAY,MULTI,LIGHT,FINE,RES,EMP
BSP,NSF,SSW,DRY,DAY,MULTI,LIGHT,FINE,RES,EMP
RAD,OSR,TBO,DRY,NIGHT,MULTI,LIGHT,FINE,NRES,EMP
RAD,OSR,SSW,DRY,DAY,SINGLE,LIGHT,FINE,RES,EMP
RAD,NSR,SSW,DRY,DAY,SINGLE,LIGHT,FINE,NRES,EMP
RAD,NSF,N2T,DRY,DAY,MULTI,HEAVY,FINE,RES,EMP
RAD,OSM,SSW,WET,DAY,SINGLE,HEAVY,RAIN,RES,CARS TRUCKS
RAD,NSR,SSW,DRY,DAY,SINGLE,HEAVY,FINE,NRES,ROA
RAD,NSR,SSW,DRY,DAY,SINGLE,LIGHT,FINE,RES,EMP
RAD,NSR,N2T,DRY,DAY,SINGLE,LIGHT,FINE,NRES,ROA
RAD,NSR,SSW,DRY,DAY,MULTI,HEAVY,FINE,RES,EMP
XRD,OSM,SSW,DRY,DAY,MULTI,HEAVY,FINE,NRES,EMP
RAD,OSF,TBO,DRY,DAY,MULTI,HEAVY,FINE,NRES,EMP