location_code,damage_code,collision_code,road_code,light_code,road_type_code,traffic_code,weather_code,emp_liability_code,kpi_cause_code
XRD,OSF,SSW,WET,DAY,SINGLE,MODERATE,RAIN,RES,EMP
BSP,NSF,SSW,DRY,DAY,SINGLE,LIGHT,FINE,RES,EMP
RAD,NSF,SSW,DRY,DAY,SINGLE,HEAVY,FINE,RES,EMP
RAD,MIR,SSW,DRY,DAY,SINGLE,LIGHT,FINE,RES,EMP
BSP,MIR,SSW,DRY,STREET,MULTI,LIGHT,FINE,RES,EMP
BSP,MIR,SSW,DRY,DAY,BUS,NO,FINE,RES,EMP
BSP,NSR,SSW,DRY,DAY,SINGLE,LIGHT,FINE,RES,EMP
RAD,NSR,SSW,DRY,DAY,SINGLE,HEAVY,FINE,RES,EMP
XRD,NSM,SSW,DRY,DAY,MULTI,LIGHT,FINE,RES,EMP
BSP,NSM,SSW,DRY,DAY,SINGLE,LIGHT,FINE,RES,EMP
BSP,NSR,SSW,DRY,DAY,SINGLE,LIGHT,FINE,RES,EMP
RAD,NSM,SSW,DRY,DAY,SINGLE,LIGHT,FINE,RES,EMP
BSP,NSM,SSW,DRY,DAY,SINGLE,LIGHT,FINE,RES,EMP
RAD,NSF,SSW,DRY,DAY,SINGLE,LIGHT,FINE,RES,EMP
XRD,FRNT,N2T,WET,DAY,MULTI,LIGHT,RAIN,RES,EMP
BSP,OSF,SSW,DRY,DAY,MULTI,LIGHT,FINE,RES,EMP
RAD,NSF,N2T,DRY,DAY,SINGLE,LIGHT,FINE,RES,EMP
XRD,OSR,SSW,WET,DAY,MULTI,LIGHT,RAIN,RES,EMP
RAD,NSR,SSW,DRY,DAY,SINGLE,LIGHT,FINE,RES,EMP
XRD,FRNT,N2T,DRY,DAY,MULTI,MODERATE,FINE,RES,EMP
RAD,NSF,SSW,DRY,DAY,MULTI,LIGHT,FINE,RES,EMP
RAD,NSF,HON,DRY,DAY,SINGLE,LIGHT,FINE,RES,EMP
RAD,REAR,N2T,DRY,DAY,MULTI,LIGHT,FINE,NRES,EMP
BSP,NSR,SSW,DRY,DAY,MULTI,MODERATE,FINE,NRES,EMP
RAD,MIR,SSW,WET,DAY,MULTI,MODERATE,RAIN,RES,EMP
RAD,OSM,SSW,WET,DUSK,SINGLE,NO,RAIN,RES,EMP
RAD,REAR,SSW,DRY,DAY,SINGLE,LIGHT,FINE,RES,EMP
RAD,NSR,SSW,DRY,NIGHT,SINGLE,NO,FINE,UN3PAR,EMP
RAD,NSR,SSW,DRY,DAY,SINGLE,LIGHT,FINE,UN3PAR,EMP
BSP,MIR,SSW,DRY,DAY,SINGLE,LIGHT,SUN,RES,EMP
BSP,FRNT,HON,WET,DAY,SINGLE,LIGHT,RAIN,RES,EMP
RAD,OSF,HON,WET,DAY,MULTI,HEAVY,RAIN,NRES,EMP
XRD,OSR,SSW,DRY,DAY,BUS,LIGHT,FINE,NRES,EMP
RAD,FRNT,HON,DRY,NIGHT,MULTI,LIGHT,FINE,RES,EMP
RAD,NSF,SSW,DRY,DAY,MULTI,MODERATE,FINE,RES,EMP
RAD,NSR,SSW,DRY,DAY,SINGLE,LIGHT,FINE,RES,EMP
RAD,NSR,SSW,DRY,DAY,SINGLE,LIGHT,FINE,NRES,EMP
RAD,NSR,SSW,DRY,DAY,SINGLE,LIGHT,FINE,UN3PAR,EMP
RAD,NSR,SSW,DRY,DAY,SINGLE,LIGHT,FINE,RES,EMP
RAD,NSR,SSW,DRY,DAY,SINGLE,LIGHT,FINE,RES,EMP
RAD,WSRE,SSW,DRY,DAY,SINGLE,LIGHT,FINE,UN3PAR,EMP
RAD,MIR,SSW,DRY,DAY,SINGLE,HEAVY,FINE,RES,EMP
RAD,NSR,HON,DRY,DAY,SINGLE,LIGHT,FINE,RES,EMP
BSP,NSR,SSW,DRY,DAY,SINGLE,LIGHT,FINE,RES,EMP
BSP,NSF,SSW,DRY,DAY,MULTI,HEAVY,FINE,RES,EMP
RAD,MIR,SSW,DRY,DAWN,MULTI,LIGHT,FINE,RES,EMP
RAD,REAR,TBO,WET,NIGHT,SINGLE,LIGHT,RAIN,RES,EMP
RAD,NSR,SSW,DRY,DAY,SINGLE,NO,FINE,RES,EMP
TIN,OSR,TBO,DRY,DAY,SINGLE,LIGHT,FINE,NRES,EMP
RAD,NSR,SSW,WET,DAY,MULTI,EXTREME,RAIN,NRES,EMP
BSP,MIR,SSW,DRY,DAY,SINGLE,LIGHT,FINE,RES,EMP
TIN,NSM,SSW,WET,DAY,BUS,HEAVY,FINE,RES,EMP
XRD,OSR,SSW,WET,DAY,MULTI,MODERATE,FINE,RES,EMP
TIN,NSF,SSW,WET,DAY,BUS,MODERATE,RAIN,RES,EMP
XRD,OSM,SSW,DRY,DAY,SINGLE,LIGHT,FINE,RES,EMP
RAD,NSM,SSW,DRY,DAY,SINGLE,HEAVY,FINE,RES,EMP
RAD,NSR,SSW,DRY,DAY,SINGLE,LIGHT,FINE,RES,EMP
XRD,OSR,SSW,WET,DAY,MULTI,LIGHT,RAIN,RES,EMP
RAD,NSR,SSW,DRY,DAY,SINGLE,LIGHT,FINE,RES,EMP
RAD,OSM,TBO,WET,DUSK,MULTI,HEAVY,RAIN,NRES,EMP
BSP,MIR,SSW,DRY,DAY,SINGLE,HEAVY,FINE,NRES,EMP
RAD,NSR,N2T,DRY,DAY,SINGLE,LIGHT,FINE,NRES,EMP
RBT,NSR,SSW,DRY,DAY,SINGLE,NO,FINE,RES,EMP
BSP,OSM,SSW,DRY,DUSK,BUS,LIGHT,FINE,RES,EMP
RAD,OSR,SSW,DRY,DAY,SINGLE,LIGHT,SUN,RES,EMP
XRD,NSM,SSW,DRY,DAWN,MULTI,HEAVY,FINE,RES,EMP
BSP,MIR,SSW,DRY,DAY,MULTI,MODERATE,FINE,RES,EMP
BSP,REAR,N2T,DRY,DAY,SINGLE,MODERATE,FINE,NRES,EMP
BSP,NSR,SSW,DRY,DAY,BUS,EXTREME,FINE,RES,EMP
BSP,NSR,SSW,DRY,DAY,SINGLE,LIGHT,FINE,RES,EMP
RAD,NSR,SSW,DRY,DAY,SINGLE,MODERATE,FINE,RES,EMP
BSP,NSR,SSW,WET,DAY,SINGLE,LIGHT,FINE,RES,EMP
RAD,NSM,SSW,DRY,DAY,MULTI,LIGHT,FINE,NRES,EMP
XRD,FRNT,N2T,DRY,DAY,SINGLE,LIGHT,FINE,RES,EMP
RAD,OSR,SSW,WET,NIGHT,SINGLE,LIGHT,RAIN,RES,EMP
RAD,FRNT,SSW,DRY,DAY,SINGLE,LIGHT,FINE,UN3PAR,EMP
RAD,NSF,SSW,DRY,DAY,SINGLE,LIGHT,FINE,RES,EMP
RAD,OSR,SSW,DRY,DAY,BUS,MODERATE,FINE,RES,EMP
BSP,OSM,SSW,DRY,DAY,SINGLE,LIGHT,FINE,RES,EMP
BSP,NSR,SSW,DRY,DAY,BUS,NO,FINE,RES,EMP
BSP,OSR,SSW,DRY,DAY,SINGLE,LIGHT,FINE,RES,EMP
RAD,OSM,SSW,DRY,DAY,SINGLE,LIGHT,FINE,NRES,EMP
BSP,OSM,SSW,SLIP,DAY,MULTI,MODERATE,FINE,NRES,EMP
RAD,NSR,SSW,DRY,DAY,SINGLE,LIGHT,FINE,UN3PAR,EMP
BSP,NSF,SSW,DRY,DAY,MULTI,MODERATE,FINE,RES,EMP
XRD,OSF,TBO,WET,DAY,MULTI,LIGHT,RAIN,NRES,EMP
BSP,TOPF,SSW,DRY,DAY,MULTI,HEAVY,FINE,RES,EMP
TIN,NSR,SSW,DRY,DAY,SINGLE,HEAVY,FINE,RES,EMP
TIN,NSM,TBO,DRY,DAY,SINGLE,MODERATE,FINE,NRES,EMP
RAD,FRNT,N2T,DRY,DAY,MULTI,LIGHT,FINE,RES,EMP
BSP,NSR,TAI,DRY,NIGHT,SINGLE,LIGHT,FINE,RES,EMP
TIN,NSR,SSW,WET,DAY,SINGLE,LIGHT,RAIN,RES,EMP
RAD,OSM,SSW,WET,DAY,SINGLE,MODERATE,RAIN,NRES,EMP
XRD,TOPM,SSW,DRY,DAY,SINGLE,LIGHT,FINE,RES,EMP
RAD,NSR,SSW,WET,DAY,SINGLE,HEAVY,RAIN,RES,EMP
TIN,NSM,SSW,DRY,DAY,MULTI,MODERATE,FINE,NRES,EMP
BSP,NSF,SSW,DRY,NIGHT,SINGLE,NO,FINE,RES,EMP
BSP,MIR,SSW,DRY,DAY,BUS,LIGHT,FINE,RES,EMP
TIN,NSR,SSW,DRY,DAY,SINGLE,MODERATE,FINE,RES,EMP
BSP,OSF,SSW,DRY,DAY,BUS,NO,FINE,RES,EMP
RBT,OSF,N2T,WET,NIGHT,SINGLE,NO,RAIN,RES,EMP
RAD,OSF,SSW,DRY,DAY,SINGLE,LIGHT,FINE,NRES,EMP
RAD,NSM,SSW,DRY,DAY,MULTI,LIGHT,FINE,RES,EMP
RAD,FRNT,TBO,DRY,NIGHT,MULTI,NO,FINE,NRES,EMP
RAD,MIR,SSW,DRY,NIGHT,MULTI,HEAVY,FINE,RES,EMP
RAD,WSRE,SSW,DRY,NIGHT,SINGLE,LIGHT,FINE,UN3PAR,EMP
RAD,NSR,SSW,DRY,DAY,SINGLE,MODERATE,FINE,RES,EMP
XRD,OSR,SSW,DRY,DAY,BUS,LIGHT,FINE,RES,EMP
RAD,FRNT,N2T,DRY,DAY,SINGLE,LIGHT,FINE,RES,EMP
RAD,NSM,SSW,DRY,DAY,SINGLE,NO,FINE,RES,EMP
RAD,FRNT,SSW,DRY,DAY,SINGLE,MODERATE,FINE,INCIDENT,EMP
BSP,OSR,SSW,DRY,DAY,SINGLE,NO,FINE,RES,EMP
RAD,OSR,SSW,DRY,DAY,SINGLE,LIGHT,FINE,NRES,EMP
RBT,WSRE,BTMO,DRY,DUSK,SINGLE,HEAVY,FINE,RES,EMP
XRD,NSM,SSW,DRY,DAY,SINGLE,LIGHT,FINE,NRES,EMP
RAD,OSF,SSW,DRY,DAY,MULTI,MODERATE,FINE,NRES,EMP
RAD,OSM,TBO,DRY,DAY,MULTI,LIGHT,FINE,NRES,EMP
RAD,OSF,SSW,DRY,DAY,SINGLE,HEAVY,FINE,NRES,EMP
RAD,TOPM,SSW,DRY,DAY,SINGLE,LIGHT,FINE,RES,EMP
RAD,NSF,TBO,WET,DAY,BUS,HEAVY,RAIN,NRES,EMP
XRD,NSR,SSW,DRY,DAY,SINGLE,LIGHT,FINE,RES,EMP
RBT,OSM,SSW,DRY,DAY,SINGLE,LIGHT,FINE,RES,EMP
RAD,OSR,SSW,DRY,DAY,SINGLE,LIGHT,FINE,NRES,EMP
XRD,OSM,SSW,DRY,DAY,SINGLE,HEAVY,FINE,RES,EMP
RAD,NSR,SSW,WET,DAY,SINGLE,LIGHT,RAIN,NRES,EMP
BSP,NSR,SSW,DRY,DAY,MULTI,LIGHT,FINE,RES,EMP
RAD,NSR,SSW,DRY,DAY,MULTI,HEAVY,FOG,RES,EMP
RAD,OSF,TBO,DRY,NIGHT,SINGLE,MODERATE,FINE,NRES,EMP
RAD,NSF,N2T,DRY,DAY,SINGLE,LIGHT,FINE,NRES,EMP
RAD,REAR,N2T,WET,DAY,MULTI,MODERATE,RAIN,NRES,EMP
RBT,NSR,SSW,DRY,DAY,SINGLE,LIGHT,FINE,RES,EMP
RAD,OSR,SSW,DRY,NIGHT,MULTI,HEAVY,FINE,NRES,EMP
BSP,NSR,SSW,DRY,DAY,MULTI,LIGHT,FINE,NRES,EMP
RAD,OSR,TAI,DRY,DAY,SINGLE,LIGHT,FINE,RES,EMP
TIN,NSM,SSW,WET,DAY,SINGLE,LIGHT,RAIN,RES,EMP
RBT,NSF,HON,WET,DUSK,SINGLE,MODERATE,RAIN,RES,EMP
XRD,OSF,SSW,DRY,DAY,SINGLE,MODERATE,FINE,RES,EMP
RAD,NSR,SSW,DRY,DAY,SINGLE,LIGHT,FINE,RES,EMP
RBT,NSM,SSW,WET,NIGHT,SINGLE,LIGHT,RAIN,RES,EMP
XRD,NSR,SSW,DRY,DAY,SINGLE,MODERATE,FINE,NRES,EMP
XRD,TOPF,SSW,DRY,DAY,SINGLE,LIGHT,FINE,RES,EMP
TIN,OSR,SSW,DRY,DAY,MULTI,LIGHT,FINE,RES,EMP
RAD,NSF,HON,DRY,DAY,SINGLE,HEAVY,FINE,NRES,EMP
BSP,NSR,SSW,DRY,DAY,SINGLE,LIGHT,FINE,RES,EMP
BSP,NSM,SSW,DRY,DAY,SINGLE,MODERATE,FINE,NRES,EMP
BSP,NSR,TAI,DRY,DAY,MULTI,MODERATE,FINE,RES,EMP
RAD,REAR,N2T,SLIP,NIGHT,MULTI,MODERATE,RAIN,UN3PAR,EMP
RAD,MIR,SSW,DRY,STREET,MULTI,MODERATE,FINE,RES,EMP
XRD,FRNT,TBO,WET,DAY,SINGLE,LIGHT,FINE,NRES,EMP
RAD,NSR,TBO,DRY,DAY,MULTI,LIGHT,FINE,NRES,EMP
RAD,FRNT,HON,DRY,DAY,SINGLE,LIGHT,FINE,UN3PAR,EMP
RAD,NSR,SSW,DRY,DAY,SINGLE,LIGHT,FINE,NRES,EMP
RAD,WIN,SSW,DRY,DAY,SINGLE,LIGHT,FINE,NRES,EMP
RAD,OSM,SSW,DRY,DAY,SINGLE,LIGHT,FINE,NRES,EMP
RAD,OSM,SSW,DRY,DAY,SINGLE,LIGHT,FINE,NRES,EMP
XRD,FRNT,N2T,WET,DAY,MULTI,MODERATE,FINE,NRES,EMP
XRD,REAR,SSW,WET,DAY,MULTI,LIGHT,FINE,NRES,EMP
RAD,NSR,SSW,DRY,DAY,SINGLE,LIGHT,FINE,UNREP,EMP
RAD,REAR,SSW,DRY,DAY,SINGLE,LIGHT,FINE,NRES,EMP
RAD,NSM,TBO,DRY,DAY,SINGLE,LIGHT,FINE,NRES,EMP
RAD,MIR,SSW,WET,DAY,MULTI,LIGHT,RAIN,RES,EMP
RAD,OSF,SSW,DRY,DAY,SINGLE,NO,FINE,RES,EMP
RAD,OSR,N2T,WET,DAY,SINGLE,MODERATE,RAIN,NRES,EMP
RAD,NSF,SSW,DRY,DAY,SINGLE,LIGHT,FINE,RES,EMP
RAD,NSR,SSW,DRY,DAY,MULTI,HEAVY,FINE,RES,EMP
RAD,OSM,SSW,DRY,DAY,SINGLE,LIGHT,FINE,PEND,EMP
RAD,NSM,SSW,DRY,DAY,SINGLE,LIGHT,FINE,NRES,EMP
RAD,NSR,SSW,DRY,NIGHT,SINGLE,LIGHT,FINE,RES,EMP
RBT,OSR,SSW,SLIP,DAWN,MULTI,HEAVY,RAIN,RES,EMP
RAD,OSR,SSW,DRY,DUSK,MULTI,HEAVY,FINE,UN3PAR,EMP
BSP,NSF,N2T,DRY,DAY,BUS,HEAVY,FINE,RES,CARS TRUCKS
RAD,NSM,SSW,DRY,DAY,SINGLE,LIGHT,FINE,UN3PAR,EMP
BSP,MIR,HON,DRY,DAY,MULTI,MODERATE,FINE,RES,EMP
BSP,MIR,SSW,WET,DUSK,SINGLE,LIGHT,RAIN,RES,EMP
RAD,OSM,SSW,WET,NIGHT,SINGLE,MODERATE,ICE,RES,EMP
RAD,Nil,SSW,DRY,DAY,SINGLE,LIGHT,FINE,NRES,EMP
RAD,FRNT,SSW,DRY,DAY,SINGLE,LIGHT,FINE,PEND,EMP
RAD,OSR,SSW,DRY,DAY,SINGLE,LIGHT,FINE,NRES,EMP
BSP,MIR,SSW,DRY,DAY,SINGLE,LIGHT,FINE,RES,EMP
RAD,MIR,SSW,DRY,DAY,SINGLE,MODERATE,FINE,UN3PAR,EMP
BSP,NSR,TAI,DRY,DAY,BUS,MODERATE,FINE,RES,EMP
RAD,NSR,SSW,DRY,DAY,SINGLE,LIGHT,FINE,RES,EMP
BSP,OSM,SSW,DRY,DAY,SINGLE,NO,FINE,RES,EMP
RAD,OSM,SSW,DRY,DAY,SINGLE,LIGHT,FINE,RES,EMP
RBT,OSF,SSW,DRY,DAY,MULTI,HEAVY,FINE,NRES,EMP
RAD,NSF,SSW,WET,DAY,MULTI,MODERATE,RAIN,INCIDENT,ENV
BSP,NSR,SSW,WET,NIGHT,SINGLE,MODERATE,RAIN,RES,EMP
RAD,NSR,SSW,DRY,DAY,MULTI,MODERATE,FINE,NRES,EMP
TIN,NSM,SSW,DRY,DAY,MULTI,MODERATE,FINE,NRES,EMP
RAD,NSF,HON,DRY,DAY,MULTI,MODERATE,FINE,NRES,EMP
XRD,NSF,SSW,DRY,DAY,MULTI,MODERATE,FINE,RES,EMP
BSP,NSR,SSW,DRY,DAY,SINGLE,NO,FINE,NRES,ROA
XRD,OSR,SSW,DRY,DAY,SINGLE,MODERATE,FINE,NRES,EMP
RAD,FRNT,HON,DRY,DAY,SINGLE,LIGHT,FINE,UN3PAR,EMP
BSP,FRNT,N2T,WET,DAY,SINGLE,LIGHT,RAIN,NRES,EMP
RAD,NSM,SSW,DRY,DAWN,SINGLE,LIGHT,FINE,RES,EMP
BSP,NSR,SSW,DRY,DAY,SINGLE,LIGHT,FINE,UN3PAR,EMP
BSP,NSR,TAI,DRY,DAY,SINGLE,MODERATE,FINE,RES,EMP
RAD,OSR,BTMO,DRY,DAY,SINGLE,LIGHT,FINE,RES,EMP
RAD,NSR,SSW,DRY,DAY,MULTI,MODERATE,FINE,RES,EMP
RAD,NSF,SSW,DRY,DAY,SINGLE,LIGHT,FINE,RES,EMP
RAD,NSR,SSW,DRY,DAY,MULTI,HEAVY,FINE,RES,EMP
RAD,WIN,SSW,DRY,DAY,SINGLE,LIGHT,FINE,RES,EMP
RAD,OSR,SSW,DRY,NIGHT,MULTI,LIGHT,FINE,NRES,EMP
TIN,OSF,N2T,DRY,DAY,MULTI,LIGHT,FINE,RES,EMP
RAD,NSF,SSW,DRY,NIGHT,MULTI,MODERATE,FINE,UN3PAR,EMP
RAD,NSF,SSW,WET,NIGHT,MULTI,LIGHT,RAIN,UN3PAR,EMP
RAD,NSM,SSW,DRY,DAY,SINGLE,HEAVY,FINE,NRES,EMP
RAD,NSR,SSW,DRY,DAY,SINGLE,LIGHT,FINE,RES,EMP
BSP,NSF,SSW,DRY,DUSK,MULTI,MODERATE,FINE,RES,EMP
BSP,FRNT,SSW,WET,DAY,MULTI,LIGHT,RAIN,NRES,EMP
XRD,NSR,SSW,DRY,DAY,MULTI,LIGHT,FINE,NRES,EMP
RAD,FRNT,HON,DRY,DAY,SINGLE,LIGHT,FINE,RES,EMP
BSP,NSR,SSW,WET,DAY,SINGLE,NO,RAIN,RES,EMP
BSP,NSR,TAI,DRY,DAY,SINGLE,NO,FINE,RES,EMP
BSP,MIR,SSW,DRY,DAY,SINGLE,LIGHT,FINE,RES,EMP
XRD,MIR,SSW,DRY,DUSK,SINGLE,HEAVY,FINE,RES,EMP
BSP,OSR,SSW,DRY,DAY,SINGLE,NO,FINE,NRES,EMP
XRD,OSF,BTMO,WET,DAY,SINGLE,LIGHT,RAIN,RES,EMP
TIN,FRNT,N2T,DRY,DAY,MULTI,MODERATE,FINE,RES,EMP
RAD,MIR,SSW,DRY,DAY,SINGLE,LIGHT,FINE,RES,EMP
RAD,OSR,SSW,DRY,NIGHT,SINGLE,MODERATE,FINE,RES,EMP
RAD,OSR,SSW,DRY,DAY,SINGLE,LIGHT,FINE,RES,EMP
BSP,NSR,SSW,DRY,DUSK,SINGLE,HEAVY,SUN,RES,EMP
RAD,NSM,SSW,DRY,DAY,SINGLE,MODERATE,FINE,NRES,EMP
RAD,OSF,SSW,DRY,DAY,SINGLE,LIGHT,FINE,NRES,EMP
RAD,NSR,SSW,DRY,DAY,SINGLE,LIGHT,FINE,RES,EMP
BSP,MIR,SSW,DRY,DAY,SINGLE,NO,FINE,RES,EMP
XRD,OSF,SSW,DRY,DAY,MULTI,HEAVY,FINE,NRES,EMP
TIN,NSR,SSW,DRY,DAY,MULTI,HEAVY,FINE,RES,EMP
RAD,NSM,SSW,DRY,DAY,SINGLE,HEAVY,FINE,RES,EMP
RAD,NSR,SSW,WET,DUSK,SINGLE,HEAVY,RAIN,NRES,EMP
RAD,OSF,SSW,DRY,DAY,MULTI,LIGHT,FINE,NRES,EMP
BSP,FRNT,SSW,DRY,NIGHT,MULTI,HEAVY,FINE,RES,EMP
RAD,NSR,SSW,DRY,DAY,MULTI,LIGHT,FINE,RES,EMP
XRD,REAR,N2T,DRY,DAY,MULTI,MODERATE,FINE,NRES,EMP
XRD,FRNT,N2T,DRY,DAY,MULTI,HEAVY,FINE,RES,EMP
RAD,NSR,SSW,DRY,DAY,SINGLE,LIGHT,FINE,UN3PAR,EMP
XRD,OSF,SSW,DRY,DAY,MULTI,HEAVY,FINE,NRES,EMP
RAD,NSR,SSW,DRY,DUSK,MULTI,LIGHT,FINE,NRES,ROA
RAD,NSR,SSW,DRY,DAY,MULTI,HEAVY,FINE,RES,EMP
TIN,REAR,SSW,DRY,DAY,SINGLE,LIGHT,FINE,UN3PAR,CARS TRUCKS
RAD,MIR,SSW,DRY,NIGHT,MULTI,LIGHT,FINE,RES,EMP
RAD,NSR,SSW,DRY,DAY,SINGLE,LIGHT,FINE,RES,EMP
RAD,NSM,SSW,WET,DAWN,MULTI,LIGHT,FOG,RES,EMP
XRD,NSR,BTMO,WET,DAY,MULTI,LIGHT,FINE,RES,EMP
RAD,MIR,SSW,DRY,DAY,SINGLE,LIGHT,FINE,RES,CARS TRUCKS
TIN,NSF,N2T,DRY,DAY,SINGLE,LIGHT,FINE,RES,EMP
RAD,NSF,SSW,DRY,DAY,MULTI,MODERATE,FINE,RES,EMP
XRD,NSR,SSW,DRY,DAY,MULTI,MODERATE,FINE,RES,EMP
RBT,OSM,SSW,DRY,DUSK,MULTI,MODERATE,FINE,RES,EMP
BSP,NSR,SSW,DRY,DAY,SINGLE,LIGHT,FINE,RES,EMP
RAD,OSR,SSW,DRY,DAY,SINGLE,LIGHT,FINE,RES,EMP
BSP,FRNT,SSW,DRY,DAY,SINGLE,LIGHT,FINE,RES,EMP
RAD,NSR,SSW,DRY,DAY,SINGLE,LIGHT,FINE,RES,EMP
RAD,NSR,SSW,DRY,DAY,SINGLE,LIGHT,FINE,NRES,EMP
BSP,REAR,SSW,DRY,DAY,SINGLE,LIGHT,FINE,NRES,EMP
XRD,OSR,SSW,DRY,DAY,SINGLE,EXTREME,FINE,RES,EMP
RAD,FRNT,HON,DRY,DAY,SINGLE,NO,FINE,INCIDENT,EMP
RAD,MIR,SSW,DRY,DAY,MULTI,LIGHT,FINE,RES,EMP
RAD,OSM,TBO,DRY,DAY,MULTI,HEAVY,FINE,UN3PAR,EMP
BSP,NSR,SSW,DRY,DAY,SINGLE,LIGHT,FINE,RES,EMP
RAD,NSR,SSW,DRY,DAY,SINGLE,NO,FINE,RES,EMP
RBT,FRNT,SSW,DRY,DAY,SINGLE,NO,FINE,RES,EMP
RAD,NSM,SSW,DRY,DAY,SINGLE,LIGHT,FINE,PEND,EMP
RAD,NSR,SSW,DRY,DAY,SINGLE,LIGHT,FINE,PEND,EMP
DEPOT,OSR,SSW,DRY,NIGHT,SINGLE,NO,FINE,RES,EMP
RAD,REAR,N2T,DRY,DAY,MULTI,HEAVY,FINE,NRES,EMP
RAD,OSF,TBO,DRY,DAY,MULTI,LIGHT,FINE,NRES,EMP
RAD,FRNT,SSW,WET,DAY,SINGLE,LIGHT,RAIN,RES,EMP
BSP,NSF,HON,WET,DAY,MULTI,LIGHT,RAIN,RES,EMP
RAD,OSF,SSW,DRY,DAY,SINGLE,LIGHT,FINE,NRES,EMP
RAD,NSR,SSW,DRY,DAY,MULTI,MODERATE,FINE,RES,EMP
RAD,MIR,SSW,DRY,NIGHT,MULTI,LIGHT,FINE,RES,EMP
BSP,TOPF,SSW,DRY,DAY,SINGLE,NO,FINE,RES,EMP
BSP,FRNT,N2T,DRY,DAY,BUS,MODERATE,FINE,RES,EMP
BSP,NSR,N2T,DRY,DAY,BUS,MODERATE,FINE,NRES,EMP
RAD,REAR,SSW,DRY,DUSK,SINGLE,NO,FINE,RES,EMP
BSP,NSF,HON,DRY,DAY,SINGLE,LIGHT,FINE,RES,EMP
RAD,NSR,SSW,DRY,DAY,SINGLE,LIGHT,FINE,RES,EMP
XRD,OSM,SSW,DRY,DAY,MULTI,LIGHT,FINE,RES,EMP
TIN,NSF,SSW,DRY,DAY,MULTI,LIGHT,FINE,NRES,EMP
XRD,NSR,TAI,DRY,DAY,MULTI,MODERATE,FINE,RES,EMP
TIN,NSR,SSW,WET,DAY,MULTI,HEAVY,RAIN,RES,EMP
RAD,NSR,SSW,DRY,DAY,SINGLE,LIGHT,FINE,NRES,EMP
RAD,REAR,SSW,DRY,NIGHT,MULTI,LIGHT,FINE,INCIDENT,EMP
RAD,OSR,SSW,WET,NIGHT,MULTI,LIGHT,RAIN,RES,EMP
BSP,MIR,HON,DRY,NIGHT,SINGLE,LIGHT,FINE,RES,EMP
XRD,OSM,SSW,DRY,DAY,MULTI,LIGHT,FINE,RES,EMP
RBT,NSM,SSW,DRY,DAY,SINGLE,LIGHT,FINE,NRES,EMP
BSP,OSR,N2T,DRY,DAY,MULTI,LIGHT,FINE,NRES,EMP
BSP,FRNT,HON,DRY,DAY,BUS,LIGHT,FINE,RES,EMP
RBT,OSF,SSW,DRY,DAY,SINGLE,LIGHT,FINE,RES,EMP
RAD,NSR,SSW,DRY,DAY,SINGLE,LIGHT,FINE,RES,EMP
RAD,OSR,TAI,DRY,DAY,MULTI,HEAVY,FINE,NRES,ROA
XRD,OSM,SSW,DRY,NIGHT,MULTI,HEAVY,FINE,RES,EMP
BSP,OSR,SSW,DRY,NIGHT,SINGLE,LIGHT,FINE,RES,EMP
XRD,NSR,SSW,DRY,NIGHT,MULTI,LIGHT,FINE,NRES,EMP
RAD,NSR,SSW,DRY,DAY,SINGLE,LIGHT,FINE,INCIDENT,EMP
RAD,NSF,SSW,DRY,DAY,MULTI,LIGHT,FINE,RES,EMP
XRD,NSM,SSW,DRY,DAY,SINGLE,LIGHT,FINE,RES,EMP
RAD,NSF,SSW,DRY,DAY,MULTI,LIGHT,FINE,RES,EMP
RAD,MIR,SSW,DRY,DAY,SINGLE,NO,FINE,RES,EMP
RAD,NSR,SSW,DRY,DAY,SINGLE,LIGHT,FINE,RES,EMP
RAD,NSR,SSW,DRY,DAY,MULTI,HEAVY,FINE,NRES,EMP
XRD,OSF,SSW,DRY,DAY,MULTI,MODERATE,FINE,NRES,EMP
XRD,MIR,HON,DRY,DAY,MULTI,NO,FINE,RES,EMP
BSP,REAR,REVERSING,DRY,DAY,BUS,NO,FINE,RES,EMP
RAD,NSR,SSW,DRY,DAY,SINGLE,LIGHT,FINE,RES,EMP
RBT,OSF,SSW,DRY,DAY,SINGLE,LIGHT,FINE,RES,EMP
DEPOT,OSR,TAI,DRY,DUSK,SINGLE,NO,FINE,RES,EMP
BSP,FRNT,SSW,DRY,DAY,SINGLE,MODERATE,FINE,RES,EMP
RAD,NSM,SSW,DRY,DAY,SINGLE,MODERATE,FINE,RES,EMP
XRD,OSF,SSW,WET,DAY,MULTI,HEAVY,FINE,NRES,EMP
RAD,OSF,SSW,DRY,DAY,SINGLE,LIGHT,FINE,NRES,EMP
RAD,OSF,SSW,DRY,DAY,MULTI,LIGHT,FINE,UN3PAR,EMP
BSP,MIR,SSW,DRY,DAY,SINGLE,LIGHT,FINE,RES,EMP
RBT,NSR,SSW,DRY,DAY,SINGLE,NO,FINE,RES,EMP
TIN,OSM,SSW,DRY,DAY,SINGLE,MODERATE,SUN,NRES,EMP
BSP,NSF,SSW,DRY,DUSK,MULTI,MODERATE,FINE,RES,EMP
RAD,NSF,TBO,DRY,DAY,SINGLE,HEAVY,FINE,NRES,EMP
RAD,OSM,TAI,DRY,DAY,SINGLE,HEAVY,FINE,RES,EMP
RAD,NSM,SSW,DRY,DAY,SINGLE,LIGHT,FINE,RES,EMP
RAD,OSM,SSW,DRY,DAY,SINGLE,LIGHT,FINE,NRES,EMP