location_code,damage_code,collision_code,road_code,light_code,road_type_code,traffic_code,weather_code,emp_liability_code,kpi_cause_code
RAD,NSR,SSW,DRY,DAY,SINGLE,LIGHT,FINE,RES,EMP
RAD,NSF,SSW,DRY,DAY,SINGLE,LIGHT,FINE,RES,EMP
RAD,OSF,SSW,DRY,DAY,SINGLE,LIGHT,FINE,NRES,EMP
RAD,OSF,SSW,DRY,DAY,SINGLE,LIGHT,FINE,NRES,EMP
RAD,NSR,SSW,DRY,DAY,SINGLE,MODERATE,FINE,RES,EMP
RAD,OSR,SSW,DRY,DAY,MULTI,LIGHT,FINE,RES,EMP
RAD,NSF,SSW,DRY,DAY,SINGLE,LIGHT,FINE,RES,EMP
RAD,NSR,SSW,DRY,DAY,MULTI,HEAVY,FINE,NRES,EMP
RAD,NSF,SSW,DRY,DAY,SINGLE,LIGHT,FINE,RES,EMP
RAD,NSM,SSW,DRY,DAY,SINGLE,LIGHT,FINE,PEND,EMP
BSP,MIR,HON,DRY,NIGHT,SINGLE,LIGHT,FINE,RES,EMP
RAD,NSM,SSW,DRY,DAY,SINGLE,LIGHT,FINE,RES,EMP
RAD,MIR,SSW,DRY,DAY,MULTI,MODERATE,FINE,RES,EMP
DEPOT,OSM,SSW,DRY,DAY,SINGLE,MODERATE,FINE,RES,EMP
RAD,NSM,SSW,DRY,DAY,SINGLE,LIGHT,FINE,RES,EMP
RBT,OSF,SSW,DRY,DAY,SINGLE,HEAVY,FINE,RES,EMP
RAD,REAR,REVERSING,DRY,DAY,SINGLE,LIGHT,FINE,RES,EMP
RAD,OSF,SSW,DRY,DAY,SINGLE,LIGHT,FINE,RES,EMP
RAD,NSR,SSW,DRY,DAY,SINGLE,LIGHT,FINE,RES,EMP
RAD,FRNT,HON,DRY,DAY,SINGLE,LIGHT,FINE,RES,EMP
RAD,MIR,SSW,DRY,DAY,MULTI,HEAVY,FINE,RES,CARS TRUCKS
RAD,WSRE,BTMO,DRY,NIGHT,SINGLE,LIGHT,FINE,UN3PAR,EMP
BSP,MIR,SSW,DRY,DAY,MULTI,MODERATE,FINE,RES,EMP
BSP,NSR,TAI,DRY,DUSK,SINGLE,LIGHT,FINE,RES,EMP
RAD,NSR,SSW,DRY,DAY,SINGLE,LIGHT,FINE,NRES,EMP
RAD,NSR,SSW,DRY,DAY,SINGLE,LIGHT,FINE,NRES,EMP
RAD,OSM,SSW,WET,DAY,MULTI,MODERATE,RAIN,NRES,EMP
RAD,OSF,SSW,DRY,DAY,SINGLE,LIGHT,FINE,UN3PAR,EMP
BSP,NSR,SSW,DRY,NIGHT,SINGLE,LIGHT,FINE,NRES,EMP
RAD,FRNT,SSW,DRY,DAY,SINGLE,LIGHT,FINE,NRES,EMP
BSP,NSR,SSW,DRY,DAY,SINGLE,LIGHT,FINE,RES,EMP
TIN,NSM,SSW,DRY,DAY,SINGLE,MODERATE,FINE,RES,EMP
RBT,OSM,SSW,DRY,DAY,SINGLE,LIGHT,FINE,RES,EMP
TIN,NSR,TBO,DRY,DAY,SINGLE,LIGHT,FINE,UN3PAR,EMP
RAD,NSF,SSW,DRY,DAY,SINGLE,LIGHT,FINE,PEND,EMP
RAD,FRNT,N2T,DRY,DAY,MULTI,LIGHT,FINE,RES,EMP
RAD,REAR,SSW,DRY,DAY,SINGLE,LIGHT,FINE,PEND,EMP
BSP,NSR,TAI,DRY,DAY,SINGLE,LIGHT,FINE,RES,EMP
RAD,MIR,SSW,DRY,DAY,SINGLE,LIGHT,FINE,RES,EMP
BSP,NSM,SSW,DRY,DAY,MULTI,HEAVY,FINE,NRES,ROA
RAD,NSM,SSW,DRY,DAY,SINGLE,LIGHT,FINE,RES,EMP
RAD,OSF,SSW,DRY,DAY,SINGLE,LIGHT,FINE,NRES,EMP
RAD,FRNT,SSW,DRY,DAY,SINGLE,LIGHT,FINE,PEND,EMP
RAD,NSR,SSW,DRY,DAY,SINGLE,HEAVY,FINE,RES,EMP
BSP,NSR,SSW,DRY,DUSK,SINGLE,MODERATE,FINE,RES,EMP
RAD,REAR,SSW,DRY,DAY,SINGLE,LIGHT,FINE,RES,EMP
RAD,NSM,SSW,DRY,DAY,SINGLE,LIGHT,FINE,NRES,EMP
RAD,OSR,TBO,WET,NIGHT,SINGLE,HEAVY,RAIN,NRES,EMP
RAD,OSF,SSW,DRY,DAY,MULTI,LIGHT,FINE,UN3PAR,ROA
RAD,NSF,SSW,DRY,DAY,SINGLE,MODERATE,FINE,RES,EMP
XRD,NSR,SSW,DRY,DAWN,MULTI,NO,FINE,NRES,EMP
BSP,REAR,TAI,DRY,DAY,SINGLE,LIGHT,FINE,RES,EMP
RAD,FRNT,SSW,DRY,DAY,SINGLE,LIGHT,FINE,NRES,EMP
RAD,OSR,HON,DRY,DAY,SINGLE,LIGHT,FINE,NRES,EMP
RAD,NSR,SSW,DRY,DAY,SINGLE,MODERATE,FINE,RES,EMP
BSP,NSF,SSW,SLIP,DAY,SINGLE,LIGHT,FINE,INCIDENT,EMP
BSP,NSF,SSW,DRY,DAY,SINGLE,LIGHT,FINE,RES,CARS TRUCKS
RAD,MIR,SSW,DRY,DAY,MULTI,LIGHT,FINE,UN3PAR,ROA
RAD,NSR,SSW,DRY,DAY,MULTI,HEAVY,FINE,NRES,EMP
RAD,OSR,SSW,DRY,DAY,SINGLE,LIGHT,FINE,NRES,EMP
RAD,REAR,SSW,DRY,DAY,SINGLE,LIGHT,FINE,PEND,EMP
TIN,OSM,TAI,DRY,DAY,SINGLE,LIGHT,FINE,NRES,EMP
TIN,NSR,TAI,DRY,DAY,SINGLE,LIGHT,FINE,NRES,EMP
RAD,FRNT,SSW,DRY,DAY,SINGLE,LIGHT,FINE,RES,EMP
RAD,NSR,SSW,DRY,NIGHT,SINGLE,HEAVY,FINE,INCIDENT,EMP
RAD,TOPM,SSW,DRY,DAY,SINGLE,LIGHT,FINE,RES,EMP
RAD,OSR,SSW,DRY,DAY,MULTI,HEAVY,FINE,NRES,EMP
RAD,REAR,N2T,DRY,DAY,SINGLE,LIGHT,FINE,NRES,EMP
RAD,NSR,SSW,DRY,DAY,SINGLE,HEAVY,FINE,RES,EMP
RAD,OSM,SSW,WET,DAY,SINGLE,LIGHT,RAIN,NRES,ROA
BSP,FRNT,SSW,DRY,STREET,SINGLE,LIGHT,FINE,UN3PAR,EMP
RAD,NSR,SSW,DRY,DAY,SINGLE,LIGHT,FINE,RES,EMP
RAD,OSR,SSW,DRY,DAY,SINGLE,LIGHT,FINE,NRES,EMP
RAD,FRNT,N2T,DRY,NIGHT,MULTI,LIGHT,FINE,RES,EMP
RAD,NSF,TBO,DRY,DAY,MULTI,HEAVY,FINE,RES,EMP
RAD,OSR,SSW,DRY,DAY,SINGLE,LIGHT,FINE,RES,EMP
RBT,NSM,SSW,DRY,NIGHT,MULTI,LIGHT,FINE,RES,EMP
RAD,NSR,SSW,DRY,DAY,SINGLE,LIGHT,FINE,NRES,EMP
RAD,MIR,HON,DRY,DAY,SINGLE,HEAVY,FINE,NRES,EMP
XRD,NSR,SSW,DRY,DAY,MULTI,LIGHT,FINE,RES,EMP
RAD,NSM,SSW,DRY,DAY,SINGLE,LIGHT,FINE,RES,EMP
XRD,OSF,TBO,DRY,DAY,SINGLE,LIGHT,FINE,RES,EMP
BSP,NSM,SSW,WET,DAY,SINGLE,NO,RAIN,RES,EMP
RAD,NSF,HON,DRY,DAY,SINGLE,LIGHT,FINE,RES,EMP
BSP,OSF,HON,DRY,DAY,SINGLE,HEAVY,SUN,RES,EMP
RAD,NSF,SSW,DRY,DAY,SINGLE,LIGHT,FINE,RES,CARS TRUCKS
RAD,OSR,SSW,DRY,DAY,SINGLE,LIGHT,FINE,NRES,EMP
RAD,OSF,SSW,DRY,DAY,SINGLE,LIGHT,FINE,NRES,EMP
RAD,OSF,SSW,DRY,DAY,SINGLE,LIGHT,FINE,RES,EMP
RAD,REAR,SSW,DRY,DAY,SINGLE,LIGHT,FINE,RES,EMP
RAD,TOPR,SSW,DRY,DUSK,SINGLE,LIGHT,FINE,UN3PAR,EMP
XRD,FRNT,N2T,DRY,DUSK,MULTI,MODERATE,FINE,RES,EMP
BSP,NSR,SSW,DRY,DAY,SINGLE,LIGHT,FINE,RES,EMP
BSP,NSR,SSW,DRY,DAY,SINGLE,LIGHT,FINE,NRES,EMP
BSP,OSR,SSW,DRY,DAY,BUS,LIGHT,FINE,RES,EMP
XRD,WIN,SSW,DRY,DAY,SINGLE,HEAVY,FINE,UN3PAR,EMP
RAD,NSR,TAI,DRY,DAY,MULTI,HEAVY,FINE,RES,EMP
RAD,OSF,SSW,DRY,DAY,SINGLE,LIGHT,FINE,NRES,EMP
TIN,OSR,TAI,DRY,DAY,SINGLE,LIGHT,FINE,PEND,EMP
RAD,NSR,SSW,DRY,DAY,SINGLE,LIGHT,FINE,RES,EMP
RAD,NSR,SSW,DRY,DAY,MULTI,HEAVY,FINE,RES,EMP
RAD,NSM,TBO,DRY,DAY,SINGLE,LIGHT,FINE,NRES,EMP
BSP,OSM,SSW,DRY,DAY,BUS,NO,FINE,RES,EMP
RAD,NSR,SSW,DRY,DAY,SINGLE,LIGHT,FINE,RES,EMP
XRD,NSM,SSW,DRY,DAY,MULTI,MODERATE,SUN,NRES,EMP
RBT,NSR,SSW,DRY,DAY,SINGLE,LIGHT,FINE,NRES,EMP
RAD,NSF,SSW,DRY,DAY,SINGLE,LIGHT,FINE,RES,EMP
RAD,OSF,SSW,DRY,DAY,SINGLE,LIGHT,FINE,PEND,EMP
RAD,OSR,SSW,DRY,DAY,SINGLE,LIGHT,FINE,PEND,EMP
BSP,OSR,SSW,DRY,DAY,MULTI,HEAVY,FINE,NRES,EMP
RAD,OSF,SSW,DRY,DAY,SINGLE,LIGHT,FINE,RES,EMP
BSP,OSF,SSW,DRY,DAY,MULTI,HEAVY,FINE,NRES,EMP
BSP,NSR,TAI,DRY,DAY,SINGLE,LIGHT,FINE,RES,EMP
BSP,NSR,TAI,DRY,DAWN,SINGLE,LIGHT,FINE,RES,EMP
BSP,MIR,SSW,DRY,DAY,BUS,LIGHT,FINE,NRES,EMP
RAD,NSR,SSW,DRY,DAY,SINGLE,LIGHT,FINE,RES,EMP
RAD,NSR,SSW,DRY,DAY,SINGLE,LIGHT,FINE,PEND,EMP
BSP,NSM,SSW,DRY,DAY,BUS,LIGHT,FINE,RES,EMP
XRD,NSR,SSW,DRY,DAY,MULTI,LIGHT,FINE,RES,EMP
BSP,REAR,SSW,DRY,DAY,MULTI,LIGHT,FINE,UN3PAR,EMP
BSP,NSR,SSW,DRY,DAY,SINGLE,LIGHT,FINE,RES,EMP
XRD,OSR,TAI,DRY,DAWN,SINGLE,NO,FOG,RES,EMP
RBT,OSR,SSW,DRY,DAY,SINGLE,NO,FINE,RES,EMP
XRD,NSM,SSW,DRY,DAY,SINGLE,LIGHT,FINE,RES,EMP
XRD,FRNT,SSW,DRY,DAY,MULTI,MODERATE,FINE,RES,EMP
RAD,MIR,SSW,DRY,DAWN,MULTI,LIGHT,FINE,RES,CARS TRUCKS
BSP,OSF,SSW,WET,NIGHT,MULTI,HEAVY,RAIN,UN3PAR,EMP
XRD,REAR,TAI,DRY,DAY,MULTI,HEAVY,FINE,RES,EMP
RAD,OSR,SSW,DRY,DAY,SINGLE,LIGHT,FINE,NRES,EMP
RAD,OSF,SSW,DRY,DAY,SINGLE,LIGHT,FINE,NRES,EMP
RAD,MIR,SSW,DRY,DAY,MULTI,HEAVY,FINE,UN3PAR,ROA
BSP,OSF,SSW,DRY,DAY,BUS,LIGHT,FINE,RES,EMP
RAD,NSF,SSW,WET,DAY,SINGLE,MODERATE,RAIN,RES,EMP
BSP,NSR,SSW,WET,DAY,SINGLE,LIGHT,RAIN,RES,EMP
RAD,MIR,SSW,DRY,DAY,SINGLE,LIGHT,FINE,NRES,EMP
BSP,OSR,SSW,DRY,DAY,SINGLE,LIGHT,FINE,NRES,GEN
RAD,NSR,SSW,DRY,DAY,SINGLE,LIGHT,FINE,RES,EMP
RAD,NSF,SSW,WET,DAY,MULTI,HEAVY,RAIN,RES,EMP
RAD,FRNT,REVERSING,DRY,DAY,MULTI,MODERATE,FINE,NRES,EMP
RAD,WSRE,HON,DRY,DAY,SINGLE,LIGHT,FINE,RES,EMP
TIN,NSM,SSW,DRY,DAY,SINGLE,LIGHT,FINE,RES,EMP
RAD,REAR,REVERSING,WET,NIGHT,SINGLE,NO,RAIN,RES,EMP
RAD,NSF,SSW,DRY,DAY,SINGLE,LIGHT,FINE,UNREP,OTH
RAD,NSM,SSW,DRY,DAY,SINGLE,HEAVY,FINE,RES,EMP
RAD,OSF,SSW,DRY,DAY,SINGLE,LIGHT,FINE,RES,EMP
RAD,NSM,SSW,DRY,DAY,SINGLE,LIGHT,FINE,PEND,EMP
RAD,NSM,SSW,DRY,DAY,SINGLE,LIGHT,FINE,NRES,ROA
RAD,NSF,SSW,DRY,DAY,SINGLE,LIGHT,FINE,PEND,EMP
RAD,NSF,SSW,DRY,DAY,SINGLE,LIGHT,FINE,PEND,EMP
RAD,OSR,SSW,DRY,DAY,SINGLE,LIGHT,FINE,NRES,EMP
RAD,FRNT,SSW,DRY,DAY,SINGLE,LIGHT,FINE,NRES,EMP
RAD,NSF,SSW,DRY,DAY,SINGLE,LIGHT,FINE,RES,EMP
RAD,NSF,SSW,DRY,DAY,SINGLE,LIGHT,FINE,RES,EMP
RAD,OSM,SSW,DRY,DAY,SINGLE,HEAVY,FINE,RES,EMP
DEPOT,REAR,REVERSING,DRY,DAY,SINGLE,LIGHT,FINE,RES,EMP
RAD,NSM,SSW,DRY,DAY,SINGLE,LIGHT,FINE,UNREP,OTH
BSP,NSM,SSW,DRY,DAY,MULTI,HEAVY,FINE,NRES,EMP
BSP,NSR,SSW,DRY,DAY,BUS,LIGHT,FINE,RES,EMP
RAD,MIR,SSW,DRY,DAY,SINGLE,HEAVY,FINE,UN3PAR,EMP
RAD,NSM,TBO,DRY,DAY,SINGLE,NO,FINE,NRES,EMP
RAD,NSF,SSW,DRY,DAY,SINGLE,LIGHT,FINE,RES,CARS TRUCKS
TIN,FRNT,N2T,DRY,DAY,MULTI,MODERATE,FINE,RES,EMP
BSP,MIR,SSW,DRY,DAY,MULTI,HEAVY,FINE,RES,EMP
BSP,NSR,TAI,DRY,DAY,SINGLE,LIGHT,FINE,RES,EMP
BSP,OSR,N2T,DRY,DAY,MULTI,HEAVY,FINE,NRES,EMP
RAD,NSR,SSW,DRY,DAY,MULTI,LIGHT,FINE,RES,EMP
RAD,NSR,SSW,DRY,DAY,SINGLE,LIGHT,FINE,NRES,EMP
RBT,NSR,SSW,DRY,DAY,SINGLE,MODERATE,FINE,RES,EMP
RAD,OSF,SSW,DRY,DAY,SINGLE,LIGHT,FINE,NRES,EMP
RAD,REAR,SSW,DRY,NIGHT,SINGLE,NO,FINE,RES,EMP
TIN,OSF,SSW,DRY,DAY,SINGLE,LIGHT,FINE,NRES,EMP
RAD,NSR,SSW,DRY,DAY,MULTI,EXTREME,FINE,RES,EMP
BSP,NSR,SSW,DRY,DAY,SINGLE,MODERATE,FINE,RES,EMP
BSP,NSR,SSW,DRY,DAY,SINGLE,HEAVY,FINE,RES,EMP
DEPOT,OSR,TAI,DRY,DAY,SINGLE,LIGHT,FINE,RES,CARS TRUCKS
RAD,OSR,SSW,DRY,DAY,SINGLE,LIGHT,FINE,NRES,EMP
BSP,REAR,N2T,DRY,DAY,MULTI,LIGHT,FINE,NRES,ROA
RAD,FRNT,REVERSING,DRY,NIGHT,SINGLE,HEAVY,FINE,NRES,EMP
TIN,NSR,SSW,DRY,DAY,SINGLE,EXTREME,FINE,RES,CARS TRUCKS
RAD,NSR,SSW,DRY,DAY,SINGLE,LIGHT,FINE,RES,CARS TRUCKS
XRD,OSR,SSW,DRY,DAY,SINGLE,LIGHT,FINE,RES,EMP
BSP,NSF,SSW,DRY,DAY,SINGLE,LIGHT,FINE,RES,CARS TRUCKS
RAD,NSR,SSW,DRY,DAY,SINGLE,LIGHT,FINE,INCIDENT,OTH
RAD,OSM,SSW,DRY,DUSK,SINGLE,MODERATE,RAIN,UN3PAR,EMP
BSP,OSR,SSW,DRY,DUSK,MULTI,LIGHT,FINE,RES,CARS TRUCKS
XRD,MIR,SSW,DRY,DAY,MULTI,HEAVY,FINE,NRES,ROA
RAD,NSM,TBO,DRY,DAY,SINGLE,HEAVY,FINE,NRES,EMP
RAD,NSR,SSW,DRY,DAY,SINGLE,LIGHT,FINE,RES,CARS TRUCKS
BSP,OSF,SSW,WET,DUSK,SINGLE,LIGHT,RAIN,NRES,EMP
XRD,OSF,SSW,DRY,DAY,SINGLE,MODERATE,FINE,NRES,EMP
RAD,NSR,TBO,DRY,DAY,SINGLE,LIGHT,FINE,NRES,ROA
RBT,FRNT,SSW,WET,DAWN,SINGLE,NO,RAIN,RES,EMP
RAD,FRNT,N2T,DRY,DAY,MULTI,MODERATE,FINE,RES,EMP
RAD,OSR,SSW,DRY,DAY,SINGLE,MODERATE,FINE,RES,EMP
BSP,NSR,HON,DRY,DAY,SINGLE,MODERATE,FINE,INCIDENT,GEN
XRD,NSM,SSW,DRY,DAY,MULTI,LIGHT,FINE,NRES,EMP
RAD,NSM,TBO,DRY,DAY,SINGLE,LIGHT,FINE,NRES,ROA
BSP,NSR,SSW,DRY,DAY,SINGLE,HEAVY,FINE,RES,EMP
XRD,FRNT,N2T,DRY,DAY,MULTI,LIGHT,FINE,RES,EMP
TIN,OSR,SSW,DRY,DAY,MULTI,HEAVY,FINE,NRES,EMP
RAD,NSR,SSW,DRY,DAY,SINGLE,LIGHT,FINE,RES,EMP
RAD,MIR,SSW,DRY,DAY,BUS,NO,FINE,NRES,ROA
RAD,WSRE,BTMO,DRY,NIGHT,MULTI,HEAVY,FINE,UN3PAR,EMP
RAD,OSR,SSW,DRY,DAY,MULTI,HEAVY,FINE,NRES,ROA
RAD,NSR,SSW,DRY,DAY,SINGLE,LIGHT,FINE,INCIDENT,EMP
RAD,FRNT,SSW,DRY,DAY,SINGLE,LIGHT,FINE,RES,EMP
XRD,WIN,TAI,DRY,DAY,SINGLE,LIGHT,FINE,RES,EMP
RAD,NSM,SSW,DRY,STREET,SINGLE,MODERATE,FINE,RES,EMP
XRD,FRNT,SSW,DRY,DUSK,MULTI,HEAVY,FINE,NRES,EMP
BSP,NSF,HON,DRY,DAY,SINGLE,LIGHT,FINE,PEND,EMP
RAD,OSF,SSW,DRY,DAY,MULTI,MODERATE,FINE,UN3PAR,EMP
RBT,NSM,SSW,DRY,DAY,SINGLE,LIGHT,FINE,RES,EMP
BSP,NSR,REVERSING,DRY,DAWN,SINGLE,NO,FINE,RES,EMP
RAD,FRNT,N2T,DRY,DAY,MULTI,HEAVY,FINE,RES,EMP
RAD,NSF,SSW,DRY,DAY,MULTI,EXTREME,FINE,NRES,EMP
BSP,NSR,TAI,DRY,DAY,MULTI,MODERATE,FINE,RES,CARS TRUCKS
RAD,OSM,SSW,DRY,NIGHT,MULTI,LIGHT,FINE,NRES,EMP
BSP,NSF,SSW,DRY,DAY,SINGLE,NO,FINE,RES,EMP
TIN,MIR,SSW,DRY,DAWN,MULTI,LIGHT,FINE,NRES,EMP
RAD,NSR,SSW,DRY,DAY,SINGLE,LIGHT,FINE,RES,EMP
XRD,FRNT,SSW,DRY,DAY,SINGLE,LIGHT,FINE,NRES,EMP
BSP,NSR,TAI,DRY,DAY,MULTI,LIGHT,FINE,RES,EMP
RAD,NSF,SSW,DRY,DAY,MULTI,MODERATE,FINE,NRES,EMP
RAD,MIR,SSW,DRY,NIGHT,MULTI,LIGHT,FINE,RES,EMP
RAD,NSR,SSW,DRY,DAY,SINGLE,LIGHT,FINE,RES,EMP
RAD,NSF,SSW,DRY,DAY,SINGLE,LIGHT,FINE,RES,EMP
RAD,OSR,SSW,DRY,DAY,SINGLE,LIGHT,FINE,RES,EMP
RAD,NSR,TAI,DRY,DAY,MULTI,HEAVY,FINE,RES,EMP
TIN,MIR,SSW,DRY,DAY,SINGLE,LIGHT,FINE,RES,EMP
RAD,NSF,SSW,DRY,DAY,SINGLE,LIGHT,FINE,RES,EMP
BSP,NSF,SSW,DRY,DAY,SINGLE,LIGHT,FINE,RES,EMP
BSP,OSR,SSW,DRY,DAY,BUS,MODERATE,FINE,RES,EMP
BSP,REAR,N2T,DRY,DAY,MULTI,MODERATE,FINE,NRES,ROA
RBT,NSR,SSW,DRY,DAY,MULTI,HEAVY,FINE,NRES,EMP
RBT,NSR,SSW,DRY,DAY,MULTI,HEAVY,FINE,NRES,EMP
XRD,NSF,SSW,DRY,DAY,SINGLE,HEAVY,FINE,RES,CARS TRUCKS
BSP,NSF,SSW,DRY,DAY,SINGLE,LIGHT,FINE,RES,CARS TRUCKS
RAD,NSR,TAI,DRY,DAY,SINGLE,LIGHT,FINE,RES,EMP
RAD,OSR,SSW,DRY,DAY,MULTI,LIGHT,FINE,NRES,EMP
BSP,NSR,TAI,DRY,DAY,SINGLE,LIGHT,FINE,RES,CARS TRUCKS
RAD,OSF,HON,DRY,DAY,MULTI,LIGHT,FINE,NRES,ROA
RAD,NSF,SSW,DRY,DAY,SINGLE,LIGHT,FINE,RES,EMP
RAD,REAR,REVERSING,DRY,DAY,SINGLE,LIGHT,FINE,RES,EMP
RAD,REAR,REVERSING,DRY,DAY,SINGLE,LIGHT,FINE,RES,EMP
TIN,FRNT,SSW,DRY,DAY,SINGLE,LIGHT,FINE,RES,EMP
RAD,FRNT,N2T,DRY,DAY,SINGLE,LIGHT,FINE,RES,EMP
RAD,NSM,SSW,DRY,NIGHT,MULTI,NO,FINE,NRES,ROA
XRD,NSF,TBO,DRY,DAY,MULTI,NO,FINE,NRES,ROA
RAD,REAR,N2T,DRY,DAY,MULTI,MODERATE,FINE,NRES,ROA
RAD,OSR,SSW,DRY,DAY,SINGLE,MODERATE,FINE,NRES,EMP
RAD,NSR,SSW,DRY,DAY,SINGLE,LIGHT,FINE,NRES,EMP
RAD,OSR,SSW,DRY,DAY,MULTI,LIGHT,FINE,NRES,EMP
RAD,NSR,SSW,DRY,DAY,SINGLE,LIGHT,FINE,RES,EMP
TIN,OSR,TAI,DRY,DAY,SINGLE,LIGHT,FINE,RES,EMP
BSP,NSR,N2T,DRY,DAY,SINGLE,LIGHT,FINE,RES,EMP
RAD,NSF,SSW,DRY,DAY,SINGLE,LIGHT,FINE,NRES,EMP
RAD,NSM,SSW,DRY,DAY,SINGLE,LIGHT,FINE,RES,EMP
BSP,NSM,SSW,DRY,DAY,SINGLE,LIGHT,FINE,PEND,EMP
RAD,NSR,SSW,DRY,DAY,SINGLE,LIGHT,FINE,RES,EMP
XRD,NSR,SSW,DRY,NIGHT,MULTI,LIGHT,FINE,RES,CARS TRUCKS
RAD,OSF,SSW,DRY,DAY,SINGLE,LIGHT,FINE,RES,EMP
RAD,OSM,SSW,DRY,DAY,SINGLE,LIGHT,FINE,NRES,EMP
BSP,OSR,SSW,DRY,DAY,SINGLE,LIGHT,FINE,NRES,EMP
BSP,OSR,SSW,DRY,NIGHT,SINGLE,LIGHT,FINE,NRES,EMP
RAD,NSR,TAI,DRY,DUSK,MULTI,HEAVY,FINE,RES,CARS TRUCKS
TIN,OSF,SSW,DRY,DAY,SINGLE,LIGHT,FINE,RES,EMP
RAD,REAR,SSW,DRY,DAY,SINGLE,LIGHT,FINE,RES,EMP
RBT,NSF,SSW,DRY,DAY,SINGLE,LIGHT,FINE,RES,EMP
BSP,NSF,BTMO,DRY,DAY,SINGLE,LIGHT,FINE,RES,EMP
RAD,NSM,SSW,WET,NIGHT,MULTI,HEAVY,RAIN,RES,EMP
RAD,OSF,SSW,DRY,DAY,MULTI,LIGHT,FINE,NRES,EMP
RAD,NSR,SSW,DRY,DAY,SINGLE,LIGHT,FINE,RES,EMP
BSP,NSF,N2T,DRY,DAY,BUS,HEAVY,FINE,RES,EMP
RAD,OSF,HON,DRY,NIGHT,MULTI,MODERATE,FINE,RES,CARS TRUCKS
BSP,NSR,SSW,DRY,DAY,SINGLE,HEAVY,FINE,RES,EMP
RAD,REAR,REVERSING,DRY,DAY,SINGLE,LIGHT,FINE,RES,EMP
RAD,OSM,SSW,DRY,DAY,SINGLE,LIGHT,FINE,RES,EMP
TIN,OSM,SSW,DRY,DAY,SINGLE,LIGHT,FINE,RES,EMP
BSP,NSR,N2T,DRY,DAY,SINGLE,LIGHT,FINE,RES,EMP
BSP,OSR,N2T,DRY,DAY,MULTI,LIGHT,FINE,UN3PAR,ROA
RAD,REAR,SSW,DRY,DAY,MULTI,MODERATE,FINE,INCIDENT,EMP
RAD,NSM,TBO,DRY,DAY,SINGLE,LIGHT,FINE,PEND,EMP
BSP,MIR,SSW,DRY,DAY,SINGLE,LIGHT,FINE,UN3PAR,ROA
RAD,NSM,SSW,DRY,DAY,SINGLE,LIGHT,FINE,RES,EMP
BSP,OSR,TAI,DRY,DAY,SINGLE,LIGHT,FINE,RES,EMP
RAD,OSF,SSW,DRY,DAY,SINGLE,LIGHT,FINE,RES,EMP
RAD,FRNT,HON,DRY,DAY,SINGLE,LIGHT,FINE,RES,EMP
RAD,OSF,SSW,DRY,DAY,SINGLE,LIGHT,FINE,NRES,EMP
RAD,REAR,TAI,DRY,DAY,SINGLE,LIGHT,FINE,RES,EMP
BSP,OSF,SSW,DRY,DAY,SINGLE,LIGHT,FINE,NRES,EMP
BSP,NSR,SSW,DRY,DAY,SINGLE,LIGHT,FINE,NRES,EMP
RBT,NSF,HON,DRY,DAY,SINGLE,LIGHT,FINE,RES,EMP
RAD,NSR,SSW,DRY,DAY,SINGLE,LIGHT,FINE,RES,EMP
BSP,NSR,SSW,DRY,DAY,SINGLE,LIGHT,FINE,NRES,EMP
BSP,NSR,SSW,DRY,DAY,SINGLE,LIGHT,FINE,NRES,EMP
TIN,NSR,TAI,DRY,DAY,SINGLE,LIGHT,FINE,RES,EMP
RAD,NSF,HON,DRY,DAY,SINGLE,LIGHT,FINE,RES,EMP
RAD,NSF,SSW,DRY,DAY,SINGLE,LIGHT,FINE,RES,EMP
RAD,FRNT,SSW,DRY,DAY,SINGLE,LIGHT,FINE,RES,EMP
RAD,NSM,SSW,DRY,DAY,SINGLE,LIGHT,FINE,RES,EMP
RAD,NSF,SSW,DRY,DAY,SINGLE,LIGHT,FINE,RES,EMP
BSP,NSR,SSW,DRY,DAY,SINGLE,LIGHT,FINE,RES,EMP
BSP,FRNT,SSW,DRY,DAY,SINGLE,LIGHT,FINE,RES,EMP
TIN,NSM,HON,DRY,DAY,SINGLE,LIGHT,FINE,RES,EMP
RAD,REAR,SSW,DRY,DAY,SINGLE,LIGHT,FINE,NRES,EMP
RAD,TOPR,SSW,DRY,DAY,SINGLE,LIGHT,FINE,RES,EMP
BSP,FRNT,SSW,DRY,DAY,SINGLE,LIGHT,FINE,RES,EMP
RAD,FRNT,SSW,DRY,DAY,SINGLE,LIGHT,FINE,NRES,EMP
BSP,MIR,SSW,DRY,DAY,SINGLE,LIGHT,FINE,NRES,BUS - OTHER
RAD,NSM,SSW,DRY,DAY,SINGLE,LIGHT,FINE,NRES,EMP
RAD,REAR,N2T,DRY,DAY,SINGLE,LIGHT,FINE,NRES,EMP
BSP,NSR,TAI,DRY,DAY,BUS,NO,FINE,RES,EMP
RAD,OSR,SSW,DRY,DAY,SINGLE,MODERATE,FINE,RES,EMP
BSP,NSF,SSW,DRY,DAY,BUS,LIGHT,FINE,RES,EMP
RAD,NSM,SSW,DRY,DAY,MULTI,LIGHT,FINE,RES,EMP
XRD,FRNT,N2T,DRY,DAY,SINGLE,LIGHT,FINE,RES,CARS TRUCKS
RAD,NSF,SSW,DRY,DAY,SINGLE,LIGHT,FINE,RES,EMP
RAD,NSR,TAI,DRY,DAY,SINGLE,LIGHT,FINE,NRES,CARS TRUCKS
XRD,NSR,SSW,DRY,DAY,MULTI,LIGHT,FINE,RES,EMP
BSP,MIR,SSW,DRY,DAY,MULTI,MODERATE,FINE,RES,EMP