location_code,damage_code,collision_code,road_code,light_code,road_type_code,traffic_code,weather_code,emp_liability_code,kpi_cause_code
RAD,OSF,SSW,DRY,DAY,SINGLE,LIGHT,FINE,RES,EMP
RAD,OSF,SSW,DRY,DAY,SINGLE,LIGHT,FINE,NRES,EMP
RAD,OSR,SSW,DRY,DAY,SINGLE,LIGHT,FINE,RES,EMP
RAD,NSR,SSW,DRY,DAY,SINGLE,LIGHT,FINE,RES,EMP
RAD,NSR,SSW,DRY,DAY,SINGLE,LIGHT,FINE,RES,EMP
RAD,NSM,SSW,DRY,DAY,SINGLE,LIGHT,FINE,RES,EMP
RAD,NSF,SSW,DRY,DAY,SINGLE,LIGHT,FINE,RES,EMP
RAD,NSF,SSW,DRY,DAY,SINGLE,LIGHT,FINE,RES,EMP
RAD,NSR,SSW,DRY,DAY,SINGLE,LIGHT,FINE,NRES,EMP
RAD,NSF,SSW,DRY,DAY,SINGLE,LIGHT,FINE,RES,EMP
RAD,OSM,SSW,DRY,DAY,SINGLE,LIGHT,FINE,NRES,EMP
RAD,NSR,SSW,DRY,DAY,SINGLE,LIGHT,FINE,RES,EMP
RAD,NSM,SSW,DRY,DAY,SINGLE,LIGHT,FINE,RES,EMP
RAD,NSR,SSW,DRY,DAY,SINGLE,LIGHT,FINE,RES,EMP
RAD,FRNT,SSW,DRY,DAY,SINGLE,LIGHT,FINE,NRES,EMP
RAD,OSF,SSW,DRY,DAY,SINGLE,LIGHT,FINE,NRES,EMP
RAD,OSR,SSW,DRY,DAY,SINGLE,LIGHT,FINE,NRES,EMP
RAD,NSF,SSW,DRY,DAY,SINGLE,LIGHT,FINE,RES,EMP
RAD,NSR,SSW,DRY,DAY,SINGLE,LIGHT,FINE,NRES,EMP
RAD,NSR,SSW,DRY,DAY,SINGLE,LIGHT,FINE,RES,EMP
RAD,NSM,SSW,DRY,DAY,SINGLE,LIGHT,FINE,NRES,EMP
RAD,REAR,SSW,DRY,DAY,SINGLE,LIGHT,FINE,NRES,EMP
RAD,NSR,SSW,DRY,DAY,SINGLE,LIGHT,FINE,RES,EMP
RAD,OSM,SSW,DRY,DAY,SINGLE,LIGHT,FINE,RES,EMP
RAD,OSR,SSW,DRY,DAY,SINGLE,LIGHT,FINE,RES,EMP
RAD,FRNT,SSW,DRY,DAY,SINGLE,LIGHT,FINE,NRES,EMP
RAD,Broken door gla,SSW,DRY,DAY,SINGLE,LIGHT,FINE,NRES,EMP
RAD,NSF,SSW,DRY,DAY,SINGLE,LIGHT,FINE,NRES,EMP
RAD,NSR,SSW,DRY,DAY,SINGLE,LIGHT,FINE,RES,EMP
RAD,NSR,SSW,DRY,DAY,SINGLE,LIGHT,FINE,RES,EMP
RAD,OSR,SSW,DRY,DAY,SINGLE,LIGHT,FINE,NRES,EMP
RAD,NSR,SSW,DRY,DAY,SINGLE,LIGHT,FINE,RES,EMP
RAD,OSR,SSW,DRY,DAY,SINGLE,LIGHT,FINE,NRES,EMP
RAD,NSM,SSW,DRY,DAY,SINGLE,LIGHT,FINE,NRES,EMP
RAD,FRNT,SSW,DRY,DAY,SINGLE,LIGHT,FINE,RES,EMP
RAD,NSR,SSW,DRY,DAY,SINGLE,LIGHT,FINE,PEND,EMP
RAD,NSM,SSW,DRY,DAY,SINGLE,LIGHT,FINE,NRES,EMP
RAD,NSF,SSW,DRY,DAY,SINGLE,LIGHT,FINE,RES,EMP
RAD,NSF,SSW,DRY,DAY,SINGLE,LIGHT,FINE,RES,EMP
RAD,NSR,SSW,DRY,DAY,SINGLE,LIGHT,FINE,RES,EMP
RAD,NSF,SSW,DRY,DAY,SINGLE,LIGHT,FINE,RES,EMP
RAD,NSR,SSW,DRY,DAY,SINGLE,LIGHT,FINE,RES,EMP
RAD,NSF,SSW,DRY,DAY,SINGLE,LIGHT,FINE,RES,EMP
RAD,OSF,SSW,DRY,DAY,SINGLE,LIGHT,FINE,NRES,EMP
RAD,NSF,SSW,DRY,DAY,SINGLE,LIGHT,FINE,NRES,EMP
RAD,FRNT,SSW,DRY,DAY,SINGLE,LIGHT,FINE,NRES,EMP
RAD,OSF,SSW,DRY,DAY,SINGLE,LIGHT,FINE,RES,EMP
RAD,OSM,SSW,DRY,DAY,SINGLE,LIGHT,FINE,NRES,EMP
RAD,OSR,SSW,DRY,DAY,SINGLE,LIGHT,FINE,NRES,EMP
RAD,OSR,SSW,DRY,DAY,SINGLE,LIGHT,FINE,RES,EMP
RAD,NSF,SSW,DRY,DAY,SINGLE,LIGHT,FINE,RES,EMP
RAD,NSR,SSW,DRY,DAY,SINGLE,LIGHT,FINE,RES,EMP
RAD,NSM,SSW,DRY,DAY,SINGLE,LIGHT,FINE,RES,EMP
RAD,OSR,SSW,DRY,DAY,SINGLE,LIGHT,FINE,NRES,EMP
RAD,OSM,SSW,DRY,DAY,SINGLE,LIGHT,FINE,RES,EMP
RAD,NSF,SSW,DRY,DAY,SINGLE,LIGHT,FINE,RES,EMP
RAD,OSF,SSW,DRY,DAY,SINGLE,LIGHT,FINE,NRES,EMP
RAD,NSM,SSW,DRY,DAY,SINGLE,LIGHT,FINE,RES,EMP
RAD,NSF,SSW,DRY,DAY,SINGLE,LIGHT,FINE,RES,EMP
RAD,NSF,SSW,DRY,DAY,SINGLE,LIGHT,FINE,NRES,EMP
RAD,FRNT,SSW,DRY,DAY,SINGLE,LIGHT,FINE,NRES,EMP
RAD,NSF,SSW,DRY,DAY,SINGLE,LIGHT,FINE,RES,EMP
RAD,OSR,SSW,DRY,DAY,SINGLE,LIGHT,FINE,RES,EMP
RAD,Cracked R/H/S d,SSW,DRY,DAY,SINGLE,LIGHT,FINE,NRES,EMP
RAD,NSF,SSW,DRY,DAY,SINGLE,LIGHT,FINE,NRES,EMP
RAD,NSF,SSW,DRY,DAY,SINGLE,LIGHT,FINE,RES,EMP
RAD,NSR,SSW,DRY,DAY,SINGLE,LIGHT,FINE,RES,EMP
RAD,REAR,SSW,DRY,DAY,SINGLE,LIGHT,FINE,RES,EMP
RAD,OSR,SSW,DRY,DAY,SINGLE,LIGHT,FINE,NRES,EMP
RAD,L/H/S rear - sm,SSW,DRY,DAY,SINGLE,LIGHT,FINE,RES,EMP
RAD,NSF,SSW,DRY,DAY,SINGLE,LIGHT,FINE,RES,EMP
RAD,NSF,SSW,DRY,DAY,SINGLE,LIGHT,FINE,RES,EMP
RAD,OSF,SSW,DRY,DAY,SINGLE,LIGHT,FINE,RES,EMP
RAD,OSF,SSW,DRY,DAY,SINGLE,LIGHT,FINE,RES,EMP
RAD,OSR,SSW,DRY,DAY,SINGLE,LIGHT,FINE,NRES,EMP
RAD,OSM,SSW,DRY,DAY,SINGLE,LIGHT,FINE,PEND,EMP
RAD,NSF,SSW,DRY,DAY,SINGLE,LIGHT,FINE,NRES,EMP
RAD,NSF,SSW,DRY,DAY,SINGLE,LIGHT,FINE,RES,EMP
RAD,NSR,SSW,DRY,DAY,SINGLE,LIGHT,FINE,RES,EMP
RAD,Scratches along,SSW,DRY,DAY,SINGLE,LIGHT,FINE,RES,EMP
RAD,NSF,SSW,DRY,DAY,SINGLE,LIGHT,FINE,NRES,EMP
RAD,Nearside of the,SSW,DRY,DAY,SINGLE,LIGHT,FINE,RES,EMP
RAD,OSR,SSW,DRY,DAY,SINGLE,LIGHT,FINE,NRES,EMP
RAD,NSF,SSW,DRY,DAY,SINGLE,LIGHT,FINE,RES,EMP
RAD,OSF,SSW,DRY,DAY,SINGLE,LIGHT,FINE,NRES,EMP
RAD,REAR,SSW,DRY,DAY,SINGLE,LIGHT,FINE,NRES,EMP
RAD,OSM,SSW,DRY,DAY,SINGLE,LIGHT,FINE,RES,EMP
RAD,O/S Window repl,SSW,DRY,DAY,SINGLE,LIGHT,FINE,RES,EMP
RAD,OSR,SSW,DRY,DAY,SINGLE,LIGHT,FINE,RES,EMP
RAD,NSF,SSW,DRY,DAY,SINGLE,LIGHT,FINE,RES,EMP
RAD,OSR,SSW,DRY,DAY,SINGLE,LIGHT,FINE,RES,EMP
RAD,OSR,SSW,DRY,DAY,SINGLE,LIGHT,FINE,NRES,EMP
RAD,OSF,SSW,DRY,DAY,SINGLE,LIGHT,FINE,RES,EMP
RAD,NSR,SSW,DRY,DAY,SINGLE,LIGHT,FINE,NRES,EMP
RAD,OSF,SSW,DRY,DAY,SINGLE,LIGHT,FINE,NRES,EMP
RAD,NSR,SSW,DRY,DAY,SINGLE,LIGHT,FINE,RES,EMP
RAD,R/H/S panels ne,SSW,DRY,DAY,SINGLE,LIGHT,FINE,RES,EMP
RAD,OSF,SSW,DRY,DAY,SINGLE,LIGHT,FINE,NRES,EMP
RAD,Paint damage to,SSW,DRY,DAY,SINGLE,LIGHT,FINE,NRES,EMP
RAD,TOPF,SSW,DRY,DAY,SINGLE,LIGHT,FINE,RES,EMP
RAD,OSF,SSW,DRY,DAY,SINGLE,LIGHT,FINE,NRES,EMP
RAD,OSR,SSW,DRY,DAY,SINGLE,LIGHT,FINE,RES,EMP
RAD,NSF,SSW,DRY,DAY,SINGLE,LIGHT,FINE,RES,EMP
RAD,NSR,SSW,DRY,DAY,SINGLE,LIGHT,FINE,RES,EMP
RAD,OSM,SSW,DRY,DAY,SINGLE,LIGHT,FINE,RES,EMP
RAD,NSF,SSW,DRY,DAY,SINGLE,LIGHT,FINE,RES,EMP
RAD,NSR,SSW,DRY,DAY,SINGLE,LIGHT,FINE,NRES,EMP
RAD,N/S front bumpe,SSW,DRY,DAY,SINGLE,LIGHT,FINE,NRES,EMP
RAD,OSR,SSW,DRY,DAY,SINGLE,LIGHT,FINE,NRES,EMP
RAD,NSF,SSW,DRY,DAY,SINGLE,LIGHT,FINE,RES,EMP
RAD,FRNT,SSW,DRY,DAY,SINGLE,LIGHT,FINE,RES,EMP
RAD,NSR,SSW,DRY,DAY,SINGLE,LIGHT,FINE,RES,EMP
RAD,NSF,SSW,DRY,DAY,SINGLE,LIGHT,FINE,RES,EMP
RAD,NSF,SSW,DRY,DAY,SINGLE,LIGHT,FINE,RES,EMP
RAD,NSR,SSW,DRY,DAY,SINGLE,LIGHT,FINE,NRES,EMP
RAD,REAR,SSW,DRY,DAY,SINGLE,LIGHT,FINE,NRES,EMP
RAD,OSM,SSW,DRY,DAY,SINGLE,LIGHT,FINE,NRES,EMP
RAD,OSF,SSW,DRY,DAY,SINGLE,LIGHT,FINE,NRES,EMP
RAD,FRNT,SSW,DRY,DAY,SINGLE,LIGHT,FINE,NRES,EMP
RAD,OSF,SSW,DRY,DAY,SINGLE,LIGHT,FINE,NRES,EMP
RAD,OSR,SSW,DRY,DAY,SINGLE,LIGHT,FINE,NRES,EMP
RAD,NSF,SSW,DRY,DAY,SINGLE,LIGHT,FINE,NRES,EMP
RAD,NSF,SSW,DRY,DAY,SINGLE,LIGHT,FINE,RES,EMP
RAD,NSR,SSW,DRY,DAY,SINGLE,LIGHT,FINE,NRES,EMP
RAD,NSR,SSW,DRY,DAY,SINGLE,LIGHT,FINE,RES,EMP
RAD,NSF,SSW,DRY,DAY,SINGLE,LIGHT,FINE,NRES,EMP
RAD,NSR,SSW,DRY,DAY,SINGLE,LIGHT,FINE,RES,EMP
RAD,NSF,SSW,DRY,DAY,SINGLE,LIGHT,FINE,NRES,EMP
RAD,NSF,SSW,DRY,DAY,SINGLE,LIGHT,FINE,NRES,EMP
RAD,NSR,SSW,DRY,DAY,SINGLE,LIGHT,FINE,RES,EMP
RAD,NSF,SSW,DRY,DAY,SINGLE,LIGHT,FINE,NRES,EMP
RAD,OSM,SSW,DRY,DAY,SINGLE,LIGHT,FINE,RES,EMP
RAD,NSR,SSW,DRY,DAY,SINGLE,LIGHT,FINE,RES,EMP
RAD,OSF,SSW,DRY,DAY,SINGLE,LIGHT,FINE,NRES,EMP
RAD,NSF,SSW,DRY,DAY,SINGLE,LIGHT,FINE,RES,EMP
RAD,OSM,SSW,DRY,DAY,SINGLE,LIGHT,FINE,NRES,EMP
RAD,OSM,SSW,DRY,DAY,SINGLE,LIGHT,FINE,RES,EMP
RAD,NSF,SSW,DRY,DAY,SINGLE,LIGHT,FINE,NRES,EMP
RAD,NSM,SSW,DRY,DAY,SINGLE,LIGHT,FINE,RES,EMP
RAD,OSF,SSW,DRY,DAY,SINGLE,LIGHT,FINE,NRES,EMP
RAD,OSF,SSW,DRY,DAY,SINGLE,LIGHT,FINE,NRES,EMP
RAD,OSR,SSW,DRY,DAY,SINGLE,LIGHT,FINE,NRES,EMP
RAD,OSF,SSW,DRY,DAY,SINGLE,LIGHT,FINE,NRES,EMP
RAD,NSF,SSW,DRY,DAY,SINGLE,LIGHT,FINE,RES,EMP
RAD,FRNT,SSW,DRY,DAY,SINGLE,LIGHT,FINE,NRES,EMP
RAD,NSR,SSW,DRY,DAY,SINGLE,LIGHT,FINE,RES,EMP
RAD,NSM,SSW,DRY,DAY,SINGLE,LIGHT,FINE,RES,EMP
RAD,NSR,SSW,DRY,DAY,SINGLE,LIGHT,FINE,NRES,EMP
RAD,OSR,SSW,DRY,DAY,SINGLE,LIGHT,FINE,RES,EMP
RAD,OSM,SSW,DRY,DAY,SINGLE,LIGHT,FINE,RES,EMP
RAD,NSF,SSW,DRY,DAY,SINGLE,LIGHT,FINE,RES,EMP
RAD,FRNT,SSW,DRY,DAY,SINGLE,LIGHT,FINE,RES,EMP
RAD,NSM,SSW,DRY,DAY,SINGLE,LIGHT,FINE,RES,EMP
RAD,OSR,SSW,DRY,DAY,SINGLE,LIGHT,FINE,PEND,EMP
RAD,NSF,SSW,DRY,DAY,SINGLE,LIGHT,FINE,RES,EMP
RAD,NSF,SSW,DRY,DAY,SINGLE,LIGHT,FINE,NRES,EMP
RAD,NSR,SSW,DRY,DAY,SINGLE,LIGHT,FINE,PEND,EMP
RAD,NSF,SSW,DRY,DAY,SINGLE,LIGHT,FINE,RES,EMP
RAD,FRNT,SSW,DRY,DAY,SINGLE,LIGHT,FINE,RES,EMP
RAD,NSR,SSW,DRY,DAY,SINGLE,LIGHT,FINE,NRES,EMP
RAD,NSR,SSW,DRY,DAY,SINGLE,LIGHT,FINE,RES,EMP
RAD,OSF,SSW,DRY,DAY,SINGLE,LIGHT,FINE,PEND,EMP
RAD,NSM,SSW,DRY,DAY,SINGLE,LIGHT,FINE,RES,EMP
RAD,NSF,SSW,DRY,DAY,SINGLE,LIGHT,FINE,NRES,EMP
RAD,NSR,SSW,DRY,DAY,SINGLE,LIGHT,FINE,RES,EMP
RAD,OSF,SSW,DRY,DAY,SINGLE,LIGHT,FINE,NRES,EMP
RAD,OSF,SSW,DRY,DAY,SINGLE,LIGHT,FINE,NRES,EMP
RAD,WSRE,SSW,DRY,DAY,SINGLE,LIGHT,FINE,NRES,EMP
RAD,FRNT,SSW,DRY,DAY,SINGLE,LIGHT,FINE,NRES,EMP
RAD,REAR,SSW,DRY,DAY,SINGLE,LIGHT,FINE,NRES,EMP
RAD,FRNT,SSW,DRY,DAY,SINGLE,LIGHT,FINE,NRES,EMP
RAD,OSM,SSW,DRY,DAY,SINGLE,LIGHT,FINE,RES,EMP
RAD,OSF,SSW,DRY,DAY,SINGLE,LIGHT,FINE,RES,EMP
RAD,NSF,SSW,DRY,DAY,SINGLE,LIGHT,FINE,RES,EMP
RAD,OSR,SSW,DRY,DAY,SINGLE,LIGHT,FINE,RES,EMP
RAD,NSF,SSW,DRY,DAY,SINGLE,LIGHT,FINE,RES,EMP
RAD,NSF,SSW,DRY,DAY,SINGLE,LIGHT,FINE,RES,EMP
RAD,NSF,SSW,DRY,DAY,SINGLE,LIGHT,FINE,NRES,EMP
RAD,OSF,SSW,DRY,DAY,SINGLE,LIGHT,FINE,PEND,EMP
RAD,REAR,SSW,DRY,DAY,SINGLE,LIGHT,FINE,RES,EMP
RAD,OSR,SSW,DRY,DAY,SINGLE,LIGHT,FINE,RES,EMP
RAD,NSR,SSW,DRY,DAY,SINGLE,LIGHT,FINE,RES,EMP
RAD,REAR,SSW,DRY,DAY,SINGLE,LIGHT,FINE,RES,EMP
RAD,NSM,SSW,DRY,DAY,SINGLE,LIGHT,FINE,RES,EMP
RAD,OSF,SSW,DRY,DAY,SINGLE,LIGHT,FINE,NRES,EMP
RAD,NSR,SSW,DRY,DAY,SINGLE,LIGHT,FINE,NRES,EMP
RAD,NSF,SSW,DRY,DAY,SINGLE,LIGHT,FINE,RES,EMP
RAD,OSR,SSW,DRY,DAY,SINGLE,LIGHT,FINE,RES,EMP
RAD,NSM,SSW,DRY,DAY,SINGLE,LIGHT,FINE,RES,EMP
RAD,NSF,SSW,DRY,DAY,SINGLE,LIGHT,FINE,NRES,EMP
RAD,REAR,SSW,DRY,DAY,SINGLE,LIGHT,FINE,RES,EMP
RAD,FRNT,SSW,DRY,DAY,SINGLE,LIGHT,FINE,PEND,EMP
RAD,NSF,SSW,DRY,DAY,SINGLE,LIGHT,FINE,NRES,EMP
RAD,NSF,SSW,DRY,DAY,SINGLE,LIGHT,FINE,NRES,EMP
RAD,NSR,SSW,DRY,DAY,SINGLE,LIGHT,FINE,NRES,EMP
RAD,NSR,SSW,DRY,DAY,SINGLE,LIGHT,FINE,RES,EMP
RAD,NSF,SSW,DRY,DAY,SINGLE,LIGHT,FINE,NRES,EMP
RAD,NSR,SSW,DRY,DAY,SINGLE,LIGHT,FINE,RES,EMP
RAD,NSR,SSW,DRY,DAY,SINGLE,LIGHT,FINE,NRES,EMP
RAD,NSF,SSW,DRY,DAY,SINGLE,LIGHT,FINE,RES,EMP
RAD,NSR,SSW,DRY,DAY,SINGLE,LIGHT,FINE,RES,EMP
RAD,NSR,SSW,DRY,DAY,SINGLE,LIGHT,FINE,RES,EMP
RAD,REAR,SSW,DRY,DAY,SINGLE,LIGHT,FINE,RES,EMP
RAD,NSF,SSW,DRY,DAY,SINGLE,LIGHT,FINE,NRES,EMP
RAD,OSF,SSW,DRY,DAY,SINGLE,LIGHT,FINE,RES,EMP
RAD,NSR,SSW,DRY,DAY,SINGLE,LIGHT,FINE,PEND,EMP
RAD,NSR,SSW,DRY,DAY,SINGLE,LIGHT,FINE,RES,EMP
RAD,NSR,SSW,DRY,DAY,SINGLE,LIGHT,FINE,NRES,EMP
RAD,NSM,SSW,DRY,DAY,SINGLE,LIGHT,FINE,NRES,EMP
RAD,OSF,SSW,DRY,DAY,SINGLE,LIGHT,FINE,RES,EMP
RAD,OSR,SSW,DRY,DAY,SINGLE,LIGHT,FINE,NRES,EMP
RAD,R/H/S mirror,SSW,DRY,DAY,SINGLE,LIGHT,FINE,NRES,EMP
RAD,NSM,SSW,DRY,DAY,SINGLE,LIGHT,FINE,PEND,EMP
RAD,NSF,SSW,DRY,DAY,SINGLE,LIGHT,FINE,RES,EMP
RAD,NSR,SSW,DRY,DAY,SINGLE,LIGHT,FINE,NRES,EMP
RAD,L/H/S of bus,SSW,DRY,DAY,SINGLE,LIGHT,FINE,RES,EMP
RAD,NSF,SSW,DRY,DAY,SINGLE,LIGHT,FINE,RES,EMP
RAD,OSR,SSW,DRY,DAY,SINGLE,LIGHT,FINE,NRES,EMP
RAD,OSR,SSW,DRY,DAY,SINGLE,LIGHT,FINE,NRES,EMP
RAD,FRNT,SSW,DRY,DAY,SINGLE,LIGHT,FINE,NRES,EMP
RAD,OSR,SSW,DRY,DAY,SINGLE,LIGHT,FINE,RES,EMP
RAD,OSR,SSW,DRY,DAY,SINGLE,LIGHT,FINE,NRES,EMP
RAD,NSM,SSW,DRY,DAY,SINGLE,LIGHT,FINE,RES,EMP
RAD,OSR,SSW,DRY,DAY,SINGLE,LIGHT,FINE,NRES,EMP
RAD,FRNT,SSW,DRY,DAY,SINGLE,LIGHT,FINE,RES,EMP
RAD,REAR,SSW,DRY,DAY,SINGLE,LIGHT,FINE,NRES,EMP
RAD,FRNT,SSW,DRY,DAY,SINGLE,LIGHT,FINE,NRES,EMP
RAD,REAR,SSW,DRY,DAY,SINGLE,LIGHT,FINE,NRES,EMP
RAD,NSR,SSW,DRY,DAY,SINGLE,LIGHT,FINE,NRES,EMP
RAD,FRNT,SSW,DRY,DAY,SINGLE,LIGHT,FINE,RES,EMP
RAD,FRNT,SSW,DRY,DAY,SINGLE,LIGHT,FINE,RES,EMP
RAD,FRNT,SSW,DRY,DAY,SINGLE,LIGHT,FINE,NRES,EMP
RAD,NSF,SSW,DRY,DAY,SINGLE,LIGHT,FINE,RES,EMP
RAD,OSF,SSW,DRY,DAY,SINGLE,LIGHT,FINE,RES,EMP
RAD,NSF,SSW,DRY,DAY,SINGLE,LIGHT,FINE,RES,EMP
RAD,FRNT,SSW,DRY,DAY,SINGLE,LIGHT,FINE,RES,EMP
RAD,REAR,SSW,DRY,DAY,SINGLE,LIGHT,FINE,NRES,EMP
RAD,REAR,SSW,DRY,DAY,SINGLE,LIGHT,FINE,NRES,EMP
RAD,OSR,SSW,DRY,DAY,SINGLE,LIGHT,FINE,RES,EMP
RAD,NSF,SSW,DRY,DAY,SINGLE,LIGHT,FINE,NRES,EMP
RAD,FRNT,SSW,DRY,DAY,SINGLE,LIGHT,FINE,RES,EMP
RAD,OSR,SSW,DRY,DAY,SINGLE,LIGHT,FINE,RES,EMP
RAD,WIN,SSW,DRY,DAY,SINGLE,LIGHT,FINE,NRES,EMP
RAD,NSF,SSW,DRY,DAY,SINGLE,LIGHT,FINE,RES,EMP
RAD,OSR,SSW,DRY,DAY,SINGLE,LIGHT,FINE,NRES,EMP
RAD,OSF,SSW,DRY,DAY,SINGLE,LIGHT,FINE,RES,EMP
RAD,OSM,SSW,DRY,DAY,SINGLE,LIGHT,FINE,RES,EMP
RAD,REAR,SSW,DRY,DAY,SINGLE,LIGHT,FINE,NRES,EMP
RAD,NSR,SSW,DRY,DAY,SINGLE,LIGHT,FINE,RES,EMP
RAD,OSF,SSW,DRY,DAY,SINGLE,LIGHT,FINE,NRES,EMP
RAD,OSR,SSW,DRY,DAY,SINGLE,LIGHT,FINE,NRES,EMP
RAD,OSR,SSW,DRY,DAY,SINGLE,LIGHT,FINE,NRES,EMP
RAD,NSR,SSW,DRY,DAY,SINGLE,LIGHT,FINE,RES,EMP
RAD,NSF,SSW,DRY,DAY,SINGLE,LIGHT,FINE,RES,EMP
RAD,NSF,SSW,DRY,DAY,SINGLE,LIGHT,FINE,RES,EMP
RAD,OSR,SSW,DRY,DAY,SINGLE,LIGHT,FINE,RES,EMP
RAD,NSF,SSW,DRY,DAY,SINGLE,LIGHT,FINE,RES,EMP
RAD,OSM,SSW,DRY,DAY,SINGLE,LIGHT,FINE,RES,EMP
RAD,NSR,SSW,DRY,DAY,SINGLE,LIGHT,FINE,NRES,EMP
RAD,FRNT,SSW,DRY,DAY,SINGLE,LIGHT,FINE,RES,EMP
RAD,NSR,SSW,DRY,DAY,SINGLE,LIGHT,FINE,RES,EMP
RAD,OSM,SSW,DRY,DAY,SINGLE,LIGHT,FINE,RES,EMP
RAD,OSR,SSW,DRY,DAY,SINGLE,LIGHT,FINE,NRES,EMP
RAD,NSR,SSW,DRY,DAY,SINGLE,LIGHT,FINE,RES,EMP
RAD,FRNT,SSW,DRY,DAY,SINGLE,LIGHT,FINE,RES,EMP
RAD,NSF,SSW,DRY,DAY,SINGLE,LIGHT,FINE,RES,EMP
RAD,OSR,SSW,DRY,DAY,SINGLE,LIGHT,FINE,NRES,EMP
RAD,FRNT,SSW,DRY,DAY,SINGLE,LIGHT,FINE,RES,EMP
RAD,NSR,SSW,DRY,DAY,SINGLE,LIGHT,FINE,RES,EMP
RAD,OSR,SSW,DRY,DAY,SINGLE,LIGHT,FINE,PEND,EMP
RAD,FRNT,SSW,DRY,DAY,SINGLE,LIGHT,FINE,NRES,EMP
RAD,OSF,SSW,DRY,DAY,SINGLE,LIGHT,FINE,RES,EMP
RAD,OSR,SSW,DRY,DAY,SINGLE,LIGHT,FINE,NRES,EMP
RAD,NSR,SSW,DRY,DAY,SINGLE,LIGHT,FINE,RES,EMP
RAD,OSR,SSW,DRY,DAY,SINGLE,LIGHT,FINE,RES,EMP
RAD,NSF,SSW,DRY,DAY,SINGLE,LIGHT,FINE,RES,EMP
RAD,OSF,SSW,DRY,DAY,SINGLE,LIGHT,FINE,NRES,EMP
RAD,NSM,SSW,DRY,DAY,SINGLE,LIGHT,FINE,RES,EMP
RAD,NSM,SSW,DRY,DAY,SINGLE,LIGHT,FINE,RES,EMP
RAD,FRNT,SSW,DRY,DAY,SINGLE,LIGHT,FINE,RES,EMP
RAD,REAR,SSW,DRY,DAY,SINGLE,LIGHT,FINE,NRES,EMP
RAD,NSR,SSW,DRY,DAY,SINGLE,LIGHT,FINE,RES,EMP
RAD,NSM,SSW,DRY,DAY,SINGLE,LIGHT,FINE,RES,EMP
RAD,FRNT,SSW,DRY,DAY,SINGLE,LIGHT,FINE,RES,EMP
RAD,FRNT,SSW,DRY,DAY,SINGLE,LIGHT,FINE,NRES,EMP
RAD,REAR,SSW,DRY,DAY,SINGLE,LIGHT,FINE,NRES,EMP
RAD,OSF,SSW,DRY,DAY,SINGLE,LIGHT,FINE,NRES,EMP
RAD,NSM,SSW,DRY,DAY,SINGLE,LIGHT,FINE,RES,EMP
RAD,NSF,SSW,DRY,DAY,SINGLE,LIGHT,FINE,RES,EMP
RAD,NSF,SSW,DRY,DAY,SINGLE,LIGHT,FINE,NRES,EMP
RAD,NSM,SSW,DRY,DAY,SINGLE,LIGHT,FINE,NRES,EMP
RAD,FRNT,SSW,DRY,DAY,SINGLE,LIGHT,FINE,RES,EMP
RAD,FRNT,SSW,DRY,DAY,SINGLE,LIGHT,FINE,RES,EMP
RAD,NSM,SSW,DRY,DAY,SINGLE,LIGHT,FINE,PEND,EMP
RAD,NSM,SSW,DRY,DAY,SINGLE,LIGHT,FINE,RES,EMP
RAD,REAR,SSW,DRY,DAY,SINGLE,LIGHT,FINE,RES,EMP
RAD,NSF,SSW,DRY,DAY,SINGLE,LIGHT,FINE,RES,EMP
RAD,OSR,SSW,DRY,DAY,SINGLE,LIGHT,FINE,PEND,EMP
RAD,NSM,SSW,DRY,DAY,SINGLE,LIGHT,FINE,RES,EMP
RAD,NSR,SSW,DRY,DAY,SINGLE,LIGHT,FINE,NRES,EMP
RAD,REAR,SSW,DRY,DAY,SINGLE,LIGHT,FINE,RES,EMP
RAD,OSR,SSW,DRY,DAY,SINGLE,LIGHT,FINE,NRES,EMP
RAD,REAR,SSW,DRY,DAY,SINGLE,LIGHT,FINE,RES,EMP
RAD,OSR,SSW,DRY,DAY,SINGLE,LIGHT,FINE,NRES,EMP
RAD,OSF,SSW,DRY,DAY,SINGLE,LIGHT,FINE,NRES,EMP
RAD,NSR,SSW,DRY,DAY,SINGLE,LIGHT,FINE,RES,EMP
RAD,WSRE,SSW,DRY,DAY,SINGLE,LIGHT,FINE,RES,EMP
RAD,OSF,SSW,DRY,DAY,SINGLE,LIGHT,FINE,NRES,EMP
RAD,REAR,SSW,DRY,DAY,SINGLE,LIGHT,FINE,NRES,EMP
RAD,REAR,SSW,DRY,DAY,SINGLE,LIGHT,FINE,RES,EMP
RAD,REAR,SSW,DRY,DAY,SINGLE,LIGHT,FINE,NRES,EMP
RAD,OSF,SSW,DRY,DAY,SINGLE,LIGHT,FINE,NRES,EMP
RAD,OSR,SSW,DRY,DAY,SINGLE,LIGHT,FINE,RES,EMP
RAD,NSF,SSW,DRY,DAY,SINGLE,LIGHT,FINE,RES,EMP
RAD,OSR,SSW,DRY,DAY,SINGLE,LIGHT,FINE,NRES,EMP
RAD,REAR,SSW,DRY,DAY,SINGLE,LIGHT,FINE,PEND,EMP
RAD,FRNT,SSW,DRY,DAY,SINGLE,LIGHT,FINE,RES,EMP
RAD,NSR,SSW,DRY,DAY,SINGLE,LIGHT,FINE,RES,EMP
RAD,NSF,SSW,DRY,DAY,SINGLE,LIGHT,FINE,RES,EMP
RAD,FRNT,SSW,DRY,DAY,SINGLE,LIGHT,FINE,NRES,EMP
RAD,NSF,SSW,DRY,DAY,SINGLE,LIGHT,FINE,RES,EMP
RAD,NSM,SSW,DRY,DAY,SINGLE,LIGHT,FINE,RES,EMP
RAD,OSF,SSW,DRY,DAY,SINGLE,LIGHT,FINE,NRES,EMP
RAD,NSM,SSW,DRY,DAY,SINGLE,LIGHT,FINE,RES,EMP