location_code,damage_code,collision_code,road_code,light_code,road_type_code,traffic_code,weather_code,emp_liability_code,kpi_cause_code
RAD,NSF,HON,WET,NIGHT,MULTI,MODERATE,RAIN,RES,EMP
XRD,NSF,N2T,DRY,DAY,MULTI,LIGHT,FINE,RES,EMP
RAD,OSM,TBO,DRY,DAY,MULTI,HEAVY,FINE,NRES,EMP
RAD,NSF,HON,DRY,DAY,MULTI,MODERATE,FINE,NRES,EMP
RAD,FRNT,HON,WET,NIGHT,MULTI,LIGHT,FINE,INCIDENT,ENV
XRD,OSF,HON,DRY,DAY,MULTI,MODERATE,FINE,NRES,EMP
TIN,NSR,TBO,DRY,DAY,BUS,MODERATE,FINE,NRES,EMP
RBT,NSR,SSW,DRY,DAY,MULTI,LIGHT,FINE,NRES,ROA
BSP,OSF,SSW,DRY,NIGHT,MULTI,MODERATE,FINE,NRES,EMP
BSP,REAR,N2T,DRY,DAY,MULTI,HEAVY,FINE,NRES,ROA
BSP,OSR,N2T,DRY,DAY,SINGLE,MODERATE,FINE,NRES,EMP
RAD,FRNT,TBO,DRY,DAY,MULTI,LIGHT,FINE,NRES,ROA
RAD,OSM,SSW,DRY,DAY,MULTI,MODERATE,FINE,NRES,EMP
TIN,NSR,TAI,DRY,DAY,SINGLE,MODERATE,FINE,NRES,EMP
RAD,NSR,SSW,DRY,DAY,SINGLE,MODERATE,FINE,RES,EMP
XRD,OSR,SSW,DRY,DAY,SINGLE,HEAVY,FINE,RES,EMP
RAD,MIR,SSW,DRY,DAY,SINGLE,HEAVY,FINE,RES,EMP
RAD,OSM,SSW,DRY,DAY,BUS,LIGHT,FINE,RES,EMP
RAD,MIR,SSW,DRY,DAY,MULTI,LIGHT,FINE,UN3PAR,CARS TRUCKS
BSP,OSR,SSW,DRY,DAY,SINGLE,NO,FINE,RES,EMP
XRD,FRNT,SSW,DRY,DAY,SINGLE,LIGHT,FINE,INCIDENT,OTH
XRD,NSM,TAI,DRY,NIGHT,SINGLE,LIGHT,FINE,RES,EMP
DEPOT,FRNT,N2T,DRY,DAY,SINGLE,LIGHT,FINE,NRES,CARS TRUCKS
RAD,NSM,SSW,DRY,DAWN,SINGLE,NO,FINE,RES,EMP
RAD,REAR,REVERSING,DRY,DAWN,SINGLE,NO,FINE,RES,EMP
RAD,REAR,SSW,DRY,DAY,SINGLE,LIGHT,FINE,RES,EMP
RAD,FRNT,HON,DRY,DAY,SINGLE,LIGHT,FINE,NRES,CARS TRUCKS
RAD,REAR,N2T,WET,DAWN,MULTI,LIGHT,RAIN,NRES,CARS TRUCKS
RAD,NSM,SSW,DRY,DAY,MULTI,LIGHT,FINE,RES,EMP
RBT,OSM,SSW,WET,DAY,SINGLE,LIGHT,FINE,NRES,CARS TRUCKS
RAD,NSR,TAI,DRY,DAY,MULTI,MODERATE,FINE,RES,EMP
RAD,OSF,REVERSING,DRY,DAY,SINGLE,LIGHT,FINE,NRES,OTH
RAD,NSR,SSW,DRY,DAY,MULTI,MODERATE,FINE,RES,EMP
RAD,NSR,SSW,DRY,DAWN,SINGLE,NO,FINE,RES,EMP
RAD,NSR,SSW,DRY,DAY,SINGLE,LIGHT,FINE,RES,EMP
RAD,OSM,SSW,DRY,NIGHT,MULTI,LIGHT,FINE,RES,EMP
XRD,MIR,SSW,DRY,DAY,MULTI,LIGHT,FINE,NRES,CARS TRUCKS
BSP,NSM,TBO,DRY,DAY,SINGLE,NO,FINE,NRES,CARS TRUCKS
RAD,MIR,SSW,DRY,DAY,SINGLE,NO,FINE,RES,EMP
DEPOT,NSR,SSW,DRY,DAY,SINGLE,LIGHT,FINE,RES,EMP
RAD,MIR,SSW,DRY,DUSK,MULTI,HEAVY,FINE,NRES,CARS TRUCKS
RAD,OSF,SSW,DRY,DAY,SINGLE,LIGHT,FINE,NRES,EMP
RAD,REAR,REVERSING,DRY,DUSK,SINGLE,NO,FINE,RES,EMP
BSP,NSR,SSW,DRY,DAY,BUS,HEAVY,FINE,NRES,BUS - OTHER
BSP,OSR,SSW,DRY,DAY,SINGLE,MODERATE,FINE,NRES,EMP
XRD,MIR,SSW,DRY,DAY,MULTI,LIGHT,FINE,UN3PAR,CARS TRUCKS
RAD,FRNT,HON,DRY,DAY,MULTI,LIGHT,FINE,RES,EMP
XRD,NSF,SSW,DRY,DUSK,MULTI,HEAVY,FINE,RES,BUS - OTHER
RAD,NSF,SSW,DRY,DAY,FREE,HEAVY,FINE,UN3PAR,CARS TRUCKS
XRD,OSF,SSW,DRY,DAY,MULTI,HEAVY,FINE,UN3PAR,BUS - OTHER
RAD,OSR,SSW,DRY,DAY,MULTI,HEAVY,FINE,NRES,CARS TRUCKS
RAD,FRNT,SSW,DRY,DAY,MULTI,MODERATE,FINE,RES,BUS - OTHER
RAD,FRNT,N2T,WET,DAY,SINGLE,LIGHT,RAIN,RES,BUS - OTHER
RAD,FRNT,N2T,DRY,DAY,MULTI,HEAVY,FINE,NRES,CARS TRUCKS
BSP,WIN,SSW,DRY,DAY,SINGLE,LIGHT,FINE,RES,EMP
RAD,MIR,SSW,DRY,DAY,SINGLE,LIGHT,FINE,RES,EMP
BSP,REAR,N2T,DRY,DAY,MULTI,HEAVY,FINE,NRES,CARS TRUCKS
RAD,MIR,SSW,DRY,DAY,SINGLE,LIGHT,FINE,RES,CARS TRUCKS
RAD,NSM,SSW,DRY,DAY,MULTI,EXTREME,FINE,RES,EMP
BSP,OSR,N2T,DRY,DAY,SINGLE,LIGHT,FINE,NRES,CARS TRUCKS
RBT,OSM,SSW,DRY,DAY,SINGLE,NO,FINE,RES,EMP
RAD,OSF,SSW,DRY,DAY,BUS,MODERATE,FINE,NRES,EMP
TIN,OSM,TBO,WET,DAY,SINGLE,LIGHT,RAIN,NRES,EMP
XRD,OSF,HON,DRY,DAY,MULTI,LIGHT,FINE,UN3PAR,CARS TRUCKS
RAD,NSR,TAI,DRY,DAY,SINGLE,LIGHT,FINE,RES,EMP
RAD,MIR,HON,DRY,DAY,MULTI,LIGHT,FINE,RES,OTH
BSP,MIR,SSW,DRY,DAY,MULTI,HEAVY,FINE,RES,EMP
RAD,NSM,SSW,DRY,DAY,BUS,LIGHT,FINE,RES,EMP
RAD,NSR,SSW,DRY,DUSK,MULTI,HEAVY,FINE,RES,OTH
BSP,REAR,REVERSING,DRY,DAY,SINGLE,NO,FINE,RES,EMP
BSP,MIR,SSW,DRY,NIGHT,BUS,NO,FINE,RES,EMP
RAD,NSR,SSW,DRY,DAY,MULTI,EXTREME,FINE,RES,EMP
BSP,NSR,SSW,DRY,DAY,SINGLE,NO,FINE,RES,EMP
RAD,FRNT,REVERSING,DRY,NIGHT,SINGLE,LIGHT,FINE,NRES,EMP
RAD,MIR,SSW,DRY,NIGHT,MULTI,NO,FINE,RES,EMP
RAD,MIR,SSW,DRY,DAY,SINGLE,LIGHT,FINE,RES,EMP
BSP,NSF,SSW,DRY,DAY,BUS,NO,FINE,RES,EMP
RAD,REAR,N2T,DRY,NIGHT,SINGLE,HEAVY,FINE,NRES,CARS TRUCKS
RAD,OSR,SSW,DRY,DAY,MULTI,LIGHT,FINE,NRES,CARS TRUCKS
BSP,NSF,SSW,DRY,DUSK,MULTI,HEAVY,FINE,UN3PAR,CARS TRUCKS
BSP,OSR,SSW,DRY,DAY,MULTI,HEAVY,FINE,NRES,CARS TRUCKS
RAD,NSR,SSW,SLIP,DUSK,SINGLE,HEAVY,RAIN,RES,EMP
RAD,REAR,N2T,DRY,DAY,SINGLE,MODERATE,FINE,NRES,CARS TRUCKS
BSP,REAR,N2T,DRY,DAY,SINGLE,HEAVY,FINE,NRES,CARS TRUCKS
BSP,NSF,SSW,DRY,DAY,MULTI,MODERATE,FINE,RES,EMP
XRD,NSF,SSW,DRY,DAY,SINGLE,MODERATE,FINE,RES,EMP
RAD,NSR,SSW,DRY,DAY,SINGLE,NO,FINE,INCIDENT,GEN
RAD,MIR,SSW,DRY,DAY,MULTI,MODERATE,FINE,RES,BUS - OTHER
BSP,NSR,TAI,DRY,DAY,MULTI,LIGHT,FINE,RES,EMP
RAD,NSM,SSW,DRY,DAY,MULTI,HEAVY,FINE,NRES,CARS TRUCKS
BSP,OSF,SSW,DRY,DAY,MULTI,MODERATE,FINE,NRES,CARS TRUCKS
RAD,NSR,SSW,DRY,DAY,SINGLE,LIGHT,FINE,RES,EMP
XRD,REAR,HON,DRY,DUSK,SINGLE,HEAVY,FINE,NRES,CARS TRUCKS
RAD,NSR,SSW,WET,DAY,MULTI,HEAVY,RAIN,RES,EMP
TIN,NSM,SSW,DRY,DAY,BUS,NO,FINE,RES,EMP
RAD,REAR,N2T,WET,NIGHT,SINGLE,LIGHT,FINE,NRES,CARS TRUCKS
XRD,OSM,SSW,DRY,DAY,SINGLE,EXTREME,FINE,RES,EMP
RAD,NSF,SSW,DRY,DAY,SINGLE,NO,FINE,RES,EMP
RAD,NSF,SSW,DRY,NIGHT,SINGLE,LIGHT,FINE,INCIDENT,BUS - OTHER
RAD,FRNT,HON,DRY,DAY,SINGLE,LIGHT,FINE,UN3PAR,EMP
RAD,REAR,HON,DRY,DAY,MULTI,MODERATE,FINE,NRES,EMP
RAD,FRNT,N2T,DRY,DAY,SINGLE,MODERATE,FINE,RES,EMP
RAD,OSM,TBO,DRY,DAY,MULTI,HEAVY,FINE,NRES,CARS TRUCKS
XRD,NSM,SSW,DRY,DAY,MULTI,HEAVY,FINE,RES,EMP
RAD,OSR,SSW,DRY,DAY,MULTI,EXTREME,FINE,NRES,EMP
BSP,NSR,SSW,DRY,DAY,BUS,NO,FINE,RES,EMP
BSP,REAR,SSW,DRY,DAY,BUS,NO,FINE,NRES,CARS TRUCKS
RAD,FRNT,HON,DRY,NIGHT,SINGLE,NO,FINE,INCIDENT,OTH
BSP,OSR,TBO,DRY,DAY,BUS,NO,FINE,NRES,CARS TRUCKS
BSP,NSF,SSW,DRY,NIGHT,SINGLE,NO,FINE,RES,BUS - OTHER
RAD,OSR,SSW,DRY,NIGHT,FREE,MODERATE,FINE,RES,EMP
RAD,NSR,SSW,DRY,DAWN,SINGLE,NO,FINE,RES,EMP
RAD,NSR,SSW,DRY,DAY,SINGLE,MODERATE,FINE,RES,EMP
RAD,NSM,SSW,DRY,DAY,BUS,MODERATE,FINE,RES,EMP
RAD,MIR,SSW,WET,DAY,SINGLE,MODERATE,RAIN,RES,EMP
RBT,OSM,SSW,DRY,NIGHT,SINGLE,NO,FINE,RES,EMP
RAD,OSM,SSW,DRY,DAY,SINGLE,MODERATE,FINE,NRES,CARS TRUCKS
RAD,NSR,SSW,DRY,DAWN,MULTI,LIGHT,FINE,RES,EMP
BSP,REAR,REVERSING,DRY,DAY,BUS,MODERATE,FINE,RES,EMP
RAD,NSR,SSW,DRY,DAY,MULTI,LIGHT,FINE,NRES,EMP
RAD,FRNT,SSW,DRY,DAY,SINGLE,MODERATE,FINE,RES,CARS TRUCKS
RAD,NSR,SSW,DRY,DAY,SINGLE,LIGHT,FINE,RES,EMP
RAD,MIR,TAI,DRY,DAY,MULTI,MODERATE,FINE,RES,EMP
RAD,NSR,SSW,DRY,DAY,MULTI,HEAVY,FINE,UN3PAR,CARS TRUCKS
RAD,OSR,HON,DRY,DAY,MULTI,EXTREME,FINE,NRES,CARS TRUCKS
RAD,REAR,REVERSING,DRY,NIGHT,MULTI,MODERATE,FINE,RES,EMP
TIN,REAR,TAI,DRY,STREET,SINGLE,HEAVY,FINE,RES,CARS TRUCKS
RAD,OSM,SSW,DRY,DAY,MULTI,MODERATE,FINE,NRES,EMP
BSP,MIR,SSW,DRY,DAY,SINGLE,LIGHT,FINE,RES,EMP
DEPOT,REAR,SSW,DRY,DAY,SINGLE,NO,FINE,RES,EMP
RAD,NSM,SSW,DRY,DAY,MULTI,HEAVY,FINE,RES,EMP
RAD,NSR,SSW,DRY,DAY,SINGLE,LIGHT,FINE,RES,EMP
BSP,NSR,SSW,WET,DAY,SINGLE,MODERATE,RAIN,NRES,GEN
XRD,NSF,HON,DRY,NIGHT,MULTI,LIGHT,FINE,NRES,CARS TRUCKS
RAD,FRNT,HON,DRY,NIGHT,MULTI,LIGHT,FINE,NRES,CARS TRUCKS
RAD,NSF,SSW,DRY,DAWN,SINGLE,LIGHT,FINE,RES,EMP
XRD,OSR,TAI,DRY,DAY,MULTI,HEAVY,FINE,RES,EMP
BSP,NSF,N2T,DRY,DAY,MULTI,LIGHT,FINE,NRES,BUS - OTHER
RBT,NSM,SSW,DRY,DAY,SINGLE,NO,FINE,RES,EMP
RAD,NSR,SSW,DRY,DAY,MULTI,HEAVY,FINE,UN3PAR,EMP
RAD,FRNT,HON,WET,DAY,MULTI,LIGHT,RAIN,NRES,CARS TRUCKS
BSP,NSR,REVERSING,DRY,DAY,MULTI,LIGHT,FINE,NRES,CARS TRUCKS
RAD,MIR,SSW,DRY,DAY,MULTI,LIGHT,FINE,RES,EMP
RAD,REAR,REVERSING,DRY,DAY,SINGLE,NO,FINE,RES,EMP
RAD,NSR,SSW,DRY,DAY,SINGLE,MODERATE,FINE,NRES,CARS TRUCKS
RBT,FRNT,TBO,WET,DUSK,SINGLE,MODERATE,RAIN,RES,CARS TRUCKS
XRD,FRNT,REVERSING,DRY,DAY,MULTI,MODERATE,FINE,NRES,CARS TRUCKS
RAD,NSR,TBO,DRY,DAY,MULTI,MODERATE,FINE,NRES,CARS TRUCKS
BSP,MIR,N2T,DRY,NIGHT,MULTI,NO,FINE,NRES,EMP
RAD,NSR,SSW,DRY,DAY,SINGLE,LIGHT,FINE,RES,EMP
XRD,REAR,REVERSING,DRY,DAY,SINGLE,NO,FINE,RES,EMP
BSP,MIR,HON,DRY,DAWN,MULTI,MODERATE,FINE,RES,EMP
RAD,TOPR,TAI,DRY,DAY,SINGLE,NO,FINE,RES,EMP
BSP,NSR,SSW,DRY,DAY,SINGLE,LIGHT,FINE,RES,EMP
RAD,NSR,SSW,DRY,DAY,SINGLE,LIGHT,FINE,RES,EMP
BSP,NSR,TAI,WET,DUSK,SINGLE,LIGHT,RAIN,RES,EMP
RAD,MIR,SSW,DRY,NIGHT,SINGLE,NO,FINE,RES,CARS TRUCKS
BSP,NSF,HON,DRY,DUSK,BUS,LIGHT,FINE,RES,EMP
RAD,NSF,TBO,DRY,DAY,MULTI,HEAVY,FINE,NRES,CARS TRUCKS
RAD,MIR,SSW,DRY,DAY,SINGLE,MODERATE,FINE,RES,EMP
RAD,OSM,SSW,DRY,DAY,SINGLE,NO,FINE,RES,EMP
RBT,NSF,SSW,DRY,DAY,SINGLE,NO,FINE,RES,EMP
BSP,NSR,TAI,DRY,DAY,SINGLE,HEAVY,FINE,NRES,CARS TRUCKS
RAD,NSR,SSW,DRY,DAY,SINGLE,LIGHT,FINE,RES,EMP
BSP,NSM,SSW,DRY,NIGHT,BUS,NO,FINE,RES,EMP
RAD,NSR,SSW,DRY,DAWN,SINGLE,NO,FINE,RES,EMP
RAD,NSR,SSW,DRY,DAY,MULTI,LIGHT,FINE,NRES,CARS TRUCKS
RAD,NSM,SSW,DRY,DAY,SINGLE,LIGHT,FINE,NRES,EMP
XRD,OSF,SSW,DRY,DAY,MULTI,HEAVY,FINE,UN3PAR,CARS TRUCKS
RAD,NSR,SSW,WET,DAY,SINGLE,MODERATE,RAIN,RES,EMP
RBT,NSF,TBO,WET,STREET,SINGLE,LIGHT,RAIN,NRES,CARS TRUCKS
BSP,REAR,SSW,DRY,DAY,SINGLE,LIGHT,FINE,NRES,BUS - OTHER
BSP,NSF,SSW,DRY,DAY,SINGLE,NO,FINE,RES,EMP
BSP,NSR,REVERSING,DRY,DAY,MULTI,MODERATE,FINE,NRES,CARS TRUCKS
RAD,NSR,SSW,DRY,DAY,SINGLE,EXTREME,FINE,NRES,CARS TRUCKS
RAD,REAR,N2T,DRY,DAY,MULTI,MODERATE,FINE,NRES,CARS TRUCKS
RBT,MIR,SSW,DRY,DAY,SINGLE,MODERATE,FINE,RES,EMP
BSP,OSR,SSW,WET,DAY,SINGLE,MODERATE,RAIN,NRES,GEN
RAD,FRNT,N2T,DRY,DAY,MULTI,HEAVY,SUN,RES,EMP
RAD,OSF,SSW,WET,DAY,MULTI,MODERATE,RAIN,NRES,CARS TRUCKS
RAD,NSR,SSW,DRY,DAY,BUS,NO,FINE,RES,EMP
RAD,OSF,HON,SLIP,DAY,MULTI,MODERATE,FINE,NRES,CARS TRUCKS
DEPOT,MIR,SSW,WET,DAY,SINGLE,LIGHT,FINE,RES,BUS - OTHER
RAD,OSM,HON,WET,DAY,SINGLE,MODERATE,RAIN,NRES,CARS TRUCKS
RAD,MIR,SSW,DRY,DAY,SINGLE,LIGHT,FINE,UN3PAR,CARS TRUCKS
BSP,MIR,SSW,DRY,DAY,SINGLE,NO,FINE,RES,EMP
RAD,REAR,TBO,DRY,DAY,MULTI,LIGHT,FINE,NRES,CARS TRUCKS
RAD,NSR,SSW,DRY,DAY,SINGLE,LIGHT,FINE,NRES,CARS TRUCKS
RAD,NSR,REVERSING,DRY,DAY,SINGLE,LIGHT,FINE,NRES,CARS TRUCKS
BSP,OSF,N2T,DRY,DAY,SINGLE,LIGHT,FINE,NRES,CARS TRUCKS
RAD,NSM,SSW,DRY,DUSK,SINGLE,NO,FINE,RES,EMP
RAD,NSF,SSW,DRY,DAY,MULTI,LIGHT,FINE,RES,EMP
RAD,REAR,REVERSING,DRY,DAY,SINGLE,NO,FINE,RES,EMP
RAD,OSR,SSW,DRY,DAY,SINGLE,LIGHT,FINE,NRES,GEN
TIN,NSM,SSW,WET,DAY,MULTI,HEAVY,RAIN,NRES,CARS TRUCKS
RAD,MIR,SSW,DRY,DAY,MULTI,LIGHT,FINE,RES,EMP
RAD,NSF,SSW,DRY,DAY,SINGLE,MODERATE,FINE,NRES,GEN
XRD,NSF,SSW,DRY,DAY,MULTI,HEAVY,FINE,NRES,CARS TRUCKS
XRD,FRNT,HON,DRY,DAY,MULTI,MODERATE,FINE,NRES,CARS TRUCKS
XRD,NSR,TAI,DRY,DAY,MULTI,LIGHT,FINE,RES,BUS - OTHER
TIN,OSR,ROO,DRY,DAY,SINGLE,LIGHT,FINE,RES,BUS - OTHER
RAD,NSR,SSW,DRY,NIGHT,MULTI,MODERATE,FINE,RES,EMP
TIN,MIR,SSW,DRY,DAY,MULTI,LIGHT,FINE,RES,EMP
BSP,OSR,SSW,DRY,DAY,BUS,HEAVY,FINE,NRES,GEN
RAD,MIR,SSW,WET,DAY,MULTI,MODERATE,RAIN,NRES,CARS TRUCKS
RAD,NSR,SSW,DRY,DAY,BUS,NO,FINE,NRES,EMP
RAD,MIR,SSW,WET,NIGHT,SINGLE,NO,FOG,RES,EMP
RAD,WSRE,HON,DRY,DAY,MULTI,LIGHT,FINE,INCIDENT,ENV
RAD,NSR,SSW,DRY,DAY,SINGLE,NO,FINE,RES,EMP
BSP,NSR,TAI,DRY,DAY,SINGLE,HEAVY,FINE,RES,EMP
RAD,NSR,HON,DRY,DAY,SINGLE,LIGHT,FINE,RES,EMP
BSP,NSR,SSW,DRY,DAY,SINGLE,LIGHT,FINE,RES,EMP
RAD,MIR,SSW,DRY,DAY,SINGLE,NO,FINE,RES,ENV
RAD,NSR,SSW,DRY,DAY,SINGLE,LIGHT,FINE,RES,EMP
RAD,MIR,SSW,DRY,DAY,MULTI,MODERATE,FINE,RES,EMP
BSP,REAR,TBO,DRY,DAY,BUS,NO,FINE,UNREP,CARS TRUCKS
RBT,OSM,SSW,DRY,NIGHT,SINGLE,NO,FINE,RES,BUS - OTHER
RAD,NSM,SSW,DRY,DAY,SINGLE,HEAVY,FINE,NRES,CARS TRUCKS
RAD,NSM,SSW,DRY,DAY,SINGLE,LIGHT,FINE,RES,EMP
BSP,MIR,SSW,DRY,DAY,BUS,LIGHT,FINE,UN3PAR,EMP
BSP,NSR,BTMO,DRY,DAY,BUS,LIGHT,FINE,NRES,CARS TRUCKS
BSP,OSR,SSW,DRY,NIGHT,BUS,LIGHT,FINE,OTHERBUS,EMP
BSP,MIR,SSW,DRY,DAY,MULTI,MODERATE,FINE,RES,EMP
BSP,TOPM,SSW,DRY,DAY,SINGLE,LIGHT,FINE,RES,EMP
RAD,FRNT,HON,SLIP,STREET,MULTI,NO,FOG,RES,EMP
RAD,WSRE,SSW,DRY,DAY,SINGLE,NO,FINE,INCIDENT,ENV
XRD,REAR,SSW,DRY,DAY,MULTI,LIGHT,FINE,RES,EMP
BSP,FRNT,HON,DRY,DAY,SINGLE,LIGHT,FINE,RES,BUS - OTHER
RAD,MIR,SSW,DRY,NIGHT,SINGLE,LIGHT,RAIN,RES,BUS - OTHER
BSP,TOPM,SSW,DRY,DAY,SINGLE,NO,FINE,UN3PAR,PAS
BSP,MIR,SSW,DRY,DAY,MULTI,LIGHT,FINE,RES,EMP
RAD,NSF,SSW,DRY,DAY,MULTI,HEAVY,FINE,UN3PAR,CARS TRUCKS
RBT,NSF,SSW,WET,NIGHT,SINGLE,LIGHT,RAIN,RES,EMP
RAD,FRNT,SSW,DRY,DAY,SINGLE,NO,FINE,RES,EMP
RAD,NSR,REVERSING,DRY,NIGHT,MULTI,MODERATE,FINE,NRES,CARS TRUCKS
BSP,OSR,SSW,DRY,DAY,BUS,MODERATE,FINE,RES,EMP
RAD,REAR,REVERSING,DRY,NIGHT,MULTI,NO,FINE,RES,EMP
BSP,NSR,TAI,DRY,DAY,SINGLE,LIGHT,FINE,RES,BUS - OTHER
BSP,NSM,SSW,WET,DUSK,BUS,LIGHT,RAIN,RES,BUS - OTHER
BSP,MIR,SSW,DRY,DAY,SINGLE,LIGHT,FINE,RES,EMP
RAD,OSM,SSW,DRY,DAY,MULTI,LIGHT,FINE,RES,EMP
RAD,OSR,SSW,DRY,NIGHT,SINGLE,NO,FINE,RES,EMP
BSP,MIR,SSW,DRY,DAY,SINGLE,LIGHT,FINE,UN3PAR,BUS - OTHER
BSP,NSM,SSW,DRY,DAY,SINGLE,LIGHT,FINE,RES,EMP
BSP,MIR,SSW,DRY,DAWN,SINGLE,MODERATE,FINE,NRES,CARS TRUCKS
RAD,NSR,SSW,DRY,NIGHT,SINGLE,LIGHT,FINE,RES,BUS - OTHER
RAD,NSF,SSW,DRY,DAY,SINGLE,NO,FINE,NRES,EMP
RAD,NSM,SSW,DRY,DAY,MULTI,MODERATE,FINE,NRES,CARS TRUCKS
BSP,MIR,SSW,DRY,DAY,BUS,EXTREME,FINE,RES,BUS BRAKING
RAD,FRNT,N2T,DRY,DAY,MULTI,MODERATE,FINE,RES,CARS TRUCKS
BSP,NSR,TAI,DRY,STREET,BUS,NO,FINE,RES,EMP
RAD,NSR,SSW,DRY,DAY,SINGLE,HEAVY,FINE,INCIDENT,OTH
RAD,FRNT,HON,DRY,DAY,SINGLE,LIGHT,FINE,INCIDENT,OTH
BSP,NSR,TAI,DRY,DAY,MULTI,MODERATE,FINE,RES,BUS - OTHER
RBT,REAR,BTMO,DRY,DAY,SINGLE,MODERATE,FINE,NRES,CARS TRUCKS
RBT,NSM,TBO,DRY,DAY,SINGLE,LIGHT,FINE,NRES,CARS TRUCKS
RAD,NSM,SSW,DRY,DAY,SINGLE,LIGHT,FINE,INCIDENT,EMP
BSP,TOPF,ROO,DRY,NIGHT,SINGLE,NO,FINE,RES,EMP
RAD,FRNT,N2T,DRY,DAY,MULTI,LIGHT,FINE,RES,EMP
RAD,OSR,TAI,DRY,DAY,BUS,NO,FINE,RES,EMP
RAD,NSR,N2T,DRY,DAY,SINGLE,LIGHT,FINE,RES,EMP
XRD,NSR,TAI,DRY,DAY,SINGLE,NO,FINE,RES,EMP
RAD,NSR,SSW,DRY,DAY,SINGLE,MODERATE,FINE,NRES,CARS TRUCKS
RAD,OSR,N2T,DRY,DAWN,MULTI,MODERATE,FINE,RES,CARS TRUCKS
DEPOT,FRNT,N2T,DRY,NIGHT,SINGLE,NO,FINE,RES,BUS - OTHER
RAD,NSR,SSW,DRY,DAY,SINGLE,HEAVY,FINE,RES,EMP
RAD,NSF,SSW,WET,DAY,SINGLE,LIGHT,RAIN,RES,ENV
XRD,OSR,N2T,DRY,DAY,BUS,LIGHT,FINE,NRES,EMP
BSP,MIR,SSW,DRY,NIGHT,SINGLE,NO,FINE,OTHERBUS,CARS TRUCKS
RAD,NSR,TAI,DRY,DAY,SINGLE,LIGHT,FINE,RES,EMP
XRD,NSF,SSW,DRY,DAY,MULTI,LIGHT,FINE,UN3PAR,EMP
RAD,MIR,HON,WET,DAY,SINGLE,HEAVY,RAIN,RES,EMP
XRD,NSF,SSW,DRY,DAY,SINGLE,LIGHT,FINE,RES,EMP
TIN,NSM,SSW,DRY,DAY,SINGLE,MODERATE,FINE,RES,EMP
RAD,MIR,SSW,DRY,DAY,MULTI,MODERATE,FINE,UN3PAR,CARS TRUCKS
RAD,MIR,HON,DRY,NIGHT,MULTI,MODERATE,FINE,RES,EMP
BSP,NSR,SSW,DRY,DAY,BUS,LIGHT,FINE,RES,BUS - OTHER
RAD,TOPR,REVERSING,DRY,DAY,SINGLE,LIGHT,FINE,RES,EMP
RBT,NSR,SSW,DRY,STREET,SINGLE,NO,FINE,RES,EMP
RAD,NSF,SSW,DRY,DAY,SINGLE,LIGHT,FINE,NRES,EMP
BSP,OSR,SSW,DRY,DAY,SINGLE,LIGHT,FINE,NRES,GEN
RAD,MIR,SSW,WET,NIGHT,SINGLE,LIGHT,RAIN,RES,EMP
RAD,MIR,SSW,DRY,DAY,SINGLE,NO,FINE,NRES,CARS TRUCKS
RAD,NSF,SSW,WET,STREET,MULTI,LIGHT,RAIN,INCIDENT,ENV
BSP,NSR,TAI,WET,STREET,MULTI,LIGHT,RAIN,RES,EMP
BSP,NSM,SSW,DRY,NIGHT,BUS,NO,FINE,RES,EMP
RAD,NSF,SSW,DRY,DUSK,SINGLE,HEAVY,FINE,RES,BUS - OTHER
RAD,FRNT,HON,DRY,DUSK,MULTI,HEAVY,FINE,RES,EMP
RAD,NSM,SSW,DRY,DAY,MULTI,HEAVY,FINE,NRES,CARS TRUCKS
RAD,NSR,SSW,DRY,DAY,SINGLE,NO,FINE,RES,BUS - OTHER
RAD,FRNT,HON,DRY,DAY,MULTI,MODERATE,FINE,RES,EMP
BSP,NSF,SSW,DRY,DAY,BUS,NO,FINE,RES,EMP
BSP,NSR,SSW,DRY,DAY,BUS,HEAVY,FINE,RES,BUS - OTHER
RAD,NSM,SSW,DRY,DAY,BUS,LIGHT,FINE,RES,EMP
RAD,NSM,SSW,DRY,DAY,SINGLE,EXTREME,FINE,RES,EMP
RAD,NSF,SSW,DRY,DAY,MULTI,LIGHT,FINE,RES,BUS - OTHER
RAD,NSM,SSW,DRY,DAY,SINGLE,MODERATE,FINE,NRES,CARS TRUCKS
RBT,NSF,SSW,DRY,DAY,SINGLE,LIGHT,FINE,NRES,CARS TRUCKS
XRD,NSF,SSW,DRY,DAY,MULTI,MODERATE,FINE,RES,EMP
RAD,MIR,SSW,DRY,DAY,SINGLE,LIGHT,FINE,RES,EMP
XRD,NSM,SSW,DRY,DAY,SINGLE,NO,FINE,NRES,GEN
RAD,OSR,SSW,DRY,DAY,MULTI,MODERATE,FINE,RES,EMP
RAD,NSF,SSW,DRY,DUSK,MULTI,LIGHT,FINE,UN3PAR,EMP
RAD,OSR,SSW,DRY,DAY,SINGLE,LIGHT,FINE,NRES,CARS TRUCKS
BSP,NSF,ROO,DRY,DAY,SINGLE,LIGHT,FINE,RES,EMP