location_code,damage_code,collision_code,road_code,light_code,road_type_code,traffic_code,weather_code,emp_liability_code,kpi_cause_code
BSP,MIR,TAI,DRY,DUSK,SINGLE,HEAVY,FINE,RES,EMP
RAD,OSR,SSW,DRY,DUSK,MULTI,HEAVY,FINE,RES,EMP
XRD,OSR,TAI,DRY,DAY,SINGLE,NO,FINE,RES,EMP
RAD,NSR,SSW,DRY,DAY,SINGLE,LIGHT,FINE,RES,EMP
RAD,NSM,SSW,DRY,DAY,SINGLE,LIGHT,FINE,RES,EMP
RAD,NSF,SSW,DRY,DAY,SINGLE,LIGHT,FINE,RES,EMP
BSP,REAR,REVERSING,DRY,NIGHT,BUS,NO,FINE,NRES,CARS TRUCKS
RAD,NSR,SSW,DRY,DAWN,SINGLE,MODERATE,FINE,RES,EMP
XRD,FRNT,SSW,DRY,DAY,MULTI,LIGHT,FINE,NRES,GEN
TIN,NSR,SSW,DRY,DAY,SINGLE,MODERATE,FINE,UN3PAR,CARS TRUCKS
RAD,MIR,SSW,DRY,NIGHT,SINGLE,MODERATE,FINE,RES,EMP
RAD,TOPR,REVERSING,DRY,DAY,SINGLE,LIGHT,FINE,RES,EMP
BSP,OSF,SSW,DRY,DAY,SINGLE,LIGHT,FINE,RES,EMP
RAD,OSM,SSW,DRY,DAY,MULTI,MODERATE,FINE,NRES,CARS TRUCKS
BSP,REAR,REVERSING,DRY,DAY,SINGLE,LIGHT,FINE,RES,EMP
RAD,OSR,SSW,WET,NIGHT,MULTI,LIGHT,FINE,UN3PAR,CARS TRUCKS
RAD,OSR,SSW,WET,DAWN,SINGLE,NO,RAIN,RES,EMP
RAD,NSF,SSW,WET,DAY,SINGLE,HEAVY,RAIN,RES,EMP
BSP,NSR,N2T,DRY,DAY,MULTI,MODERATE,FINE,NRES,CARS TRUCKS
RAD,OSF,REVERSING,DRY,DAY,SINGLE,LIGHT,FINE,RES,EMP
RAD,MIR,SSW,DRY,NIGHT,MULTI,LIGHT,FINE,UN3PAR,CARS TRUCKS
XRD,NSR,SSW,DRY,DAY,MULTI,MODERATE,FINE,RES,CARS TRUCKS
RAD,NSR,REVERSING,DRY,DAY,SINGLE,LIGHT,FINE,RES,EMP
XRD,NSF,REVERSING,DRY,DAY,SINGLE,NO,FINE,RES,BUS - OTHER
RAD,NSR,SSW,DRY,DUSK,SINGLE,LIGHT,SUN,RES,EMP
TIN,NSM,SSW,DRY,NIGHT,SINGLE,LIGHT,FINE,RES,EMP
RAD,MIR,SSW,DRY,DAY,SINGLE,LIGHT,FINE,NRES,CARS TRUCKS
RAD,OSR,SSW,WET,DAY,SINGLE,LIGHT,RAIN,NRES,CARS TRUCKS
RAD,NSR,SSW,DRY,DAY,SINGLE,MODERATE,FINE,RES,EMP
XRD,OSR,SSW,DRY,DAY,MULTI,LIGHT,FINE,RES,EMP
RAD,MIR,SSW,WET,NIGHT,MULTI,LIGHT,FINE,RES,EMP
RAD,NSF,SSW,DRY,DAY,SINGLE,LIGHT,FINE,RES,EMP
RAD,MIR,SSW,DRY,DAY,MULTI,LIGHT,FINE,RES,BUS - OTHER
RAD,MIR,SSW,DRY,DAY,MULTI,HEAVY,FINE,NRES,EMP
RAD,REAR,SSW,DRY,DAWN,MULTI,LIGHT,FINE,NRES,EMP
RAD,NSF,SSW,WET,NIGHT,MULTI,MODERATE,RAIN,INCIDENT,EMP
RAD,OSR,SSW,WET,DAY,SINGLE,LIGHT,RAIN,RES,BUS - OTHER
BSP,MIR,SSW,DRY,DAY,SINGLE,MODERATE,FINE,RES,CARS TRUCKS
RAD,MIR,SSW,DRY,DAY,SINGLE,LIGHT,FINE,RES,EMP
RAD,NSF,SSW,DRY,DAY,MULTI,MODERATE,FINE,UN3PAR,BUS - OTHER
XRD,OSR,TBO,DRY,DAY,MULTI,LIGHT,FINE,NRES,EMP
BSP,MIR,SSW,WET,DAY,SINGLE,LIGHT,RAIN,UN3PAR,EMP
RAD,FRNT,HON,DRY,DAY,MULTI,LIGHT,FINE,UN3PAR,GEN
RAD,MIR,SSW,WET,DAY,MULTI,MODERATE,RAIN,RES,EMP
BSP,FRNT,SSW,DRY,DAY,BUS,LIGHT,FINE,NRES,BUS - OTHER
BSP,MIR,SSW,DRY,DAY,SINGLE,LIGHT,FINE,RES,EMP
RBT,NSR,BTMO,DRY,NIGHT,SINGLE,NO,FINE,RES,EMP
BSP,NSM,SSW,DRY,DUSK,MULTI,LIGHT,FINE,RES,CARS TRUCKS
RAD,MIR,SSW,DRY,DAY,MULTI,LIGHT,FINE,NRES,EMP
TIN,NSR,TAI,DRY,DAY,SINGLE,LIGHT,FINE,RES,EMP
RAD,NSM,SSW,DRY,NIGHT,MULTI,MODERATE,FINE,NRES,GEN
TIN,OSM,SSW,DRY,DAY,MULTI,MODERATE,FINE,NRES,CARS TRUCKS
RAD,MIR,SSW,DRY,DUSK,SINGLE,LIGHT,FINE,RES,EMP
BSP,MIR,SSW,DRY,DUSK,SINGLE,LIGHT,FINE,RES,EMP
BSP,FRNT,HON,DRY,DAY,SINGLE,LIGHT,FINE,RES,EMP
RAD,NSR,SSW,DRY,DAY,SINGLE,LIGHT,FINE,UN3PAR,EMP
TIN,NSM,SSW,WET,DAY,SINGLE,MODERATE,RAIN,RES,BUS - OTHER
RAD,MIR,SSW,SLIP,DAY,MULTI,MODERATE,RAIN,RES,EMP
RAD,OSR,REVERSING,WET,DAY,SINGLE,NO,FINE,NRES,CARS TRUCKS
BSP,NSM,SSW,DRY,DAY,SINGLE,MODERATE,FINE,RES,EMP
RBT,NSF,SSW,DRY,DAY,SINGLE,LIGHT,FINE,RES,CARS TRUCKS
BSP,MIR,HON,WET,DAY,MULTI,LIGHT,SUN,RES,EMP
RAD,NSF,ROO,DRY,NIGHT,SINGLE,LIGHT,FINE,RES,EMP
RAD,MIR,SSW,DRY,DAY,MULTI,HEAVY,FINE,NRES,CARS TRUCKS
RAD,OSR,SSW,DRY,DAY,SINGLE,LIGHT,FINE,RES,EMP
RAD,WSRE,HON,DRY,DAY,FREE,MODERATE,FINE,INCIDENT,OTH
BSP,NSR,TAI,DRY,DAY,SINGLE,NO,FINE,RES,EMP
BSP,MIR,HON,DRY,DAY,BUS,HEAVY,FINE,RES,EMP
RAD,MIR,SSW,DRY,NIGHT,MULTI,LIGHT,FOG,RES,EMP
RAD,NSR,TAI,DRY,DAY,BUS,LIGHT,FINE,RES,EMP
RAD,OSR,SSW,DRY,DAY,SINGLE,NO,FINE,RES,EMP
RAD,NSR,TAI,DRY,DAY,SINGLE,LIGHT,FINE,RES,EMP
RAD,NSR,SSW,DRY,DAY,BUS,NO,FINE,RES,EMP
RBT,FRNT,REVERSING,DRY,DAY,SINGLE,MODERATE,FINE,NRES,CARS TRUCKS
RAD,OSR,SSW,DRY,DAWN,SINGLE,NO,FINE,RES,EMP
BSP,NSR,TAI,WET,NIGHT,SINGLE,MODERATE,RAIN,RES,EMP
RAD,FRNT,SSW,DRY,DAY,SINGLE,NO,FINE,NRES,OTH
RAD,OSR,REVERSING,DRY,DAY,SINGLE,NO,FINE,RES,EMP
XRD,WIN,SSW,DRY,DAY,MULTI,MODERATE,FINE,RES,CARS TRUCKS
RAD,MIR,HON,DRY,NIGHT,SINGLE,NO,FINE,UN3PAR,GEN
XRD,NSM,SSW,DRY,DAY,SINGLE,LIGHT,FINE,RES,EMP
BSP,OSR,SSW,DRY,DAY,SINGLE,HEAVY,FINE,UN3PAR,CARS TRUCKS
BSP,NSF,REVERSING,DRY,NIGHT,BUS,LIGHT,FINE,NRES,CARS TRUCKS
RAD,OSF,SSW,DRY,NIGHT,SINGLE,LIGHT,FINE,NRES,EMP
RAD,OSR,REVERSING,DRY,DAY,SINGLE,LIGHT,FINE,NRES,GEN
RAD,MIR,SSW,DRY,DAY,MULTI,MODERATE,FINE,RES,EMP
RAD,FRNT,HON,WET,DAY,SINGLE,MODERATE,RAIN,RES,EMP
RAD,NSF,SSW,DRY,DAY,SINGLE,LIGHT,FINE,UN3PAR,EMP
RAD,WIN,TAI,WET,DAY,SINGLE,MODERATE,RAIN,RES,EMP
TIN,OSF,SSW,DRY,DAY,MULTI,LIGHT,SUN,UN3PAR,GEN
RAD,NSR,SSW,DRY,DAY,SINGLE,NO,FINE,NRES,GEN
RAD,REAR,REVERSING,DRY,DAY,SINGLE,LIGHT,FINE,RES,EMP
BSP,OSR,SSW,DRY,DAY,MULTI,HEAVY,FINE,NRES,GEN
RAD,OSF,HON,DRY,DUSK,FREE,HEAVY,FINE,UN3PAR,EMP
RAD,OSM,SSW,DRY,DUSK,MULTI,LIGHT,FINE,NRES,CARS TRUCKS
RBT,OSM,SSW,WET,NIGHT,SINGLE,NO,RAIN,RES,EMP
RAD,NSR,TAI,DRY,DAY,SINGLE,HEAVY,FINE,RES,EMP
BSP,NSF,SSW,DRY,DAY,SINGLE,MODERATE,FINE,RES,EMP
BSP,NSF,SSW,DRY,DAY,MULTI,EXTREME,FINE,OTHERBUS,EMP
BSP,MIR,SSW,DRY,DAY,BUS,MODERATE,FINE,RES,EMP
RAD,MIR,TAI,DRY,NIGHT,SINGLE,HEAVY,FINE,RES,EMP
BSP,MIR,SSW,DRY,DAY,SINGLE,LIGHT,FINE,RES,EMP
BSP,NSF,SSW,DRY,DAY,SINGLE,LIGHT,FINE,RES,EMP
RAD,NSM,HON,DRY,DAY,MULTI,HEAVY,SUN,RES,EMP
BSP,OSR,SSW,DRY,DAY,SINGLE,LIGHT,FINE,NRES,CARS TRUCKS
RAD,NSR,SSW,DRY,DAY,SINGLE,HEAVY,FINE,NRES,CARS TRUCKS
BSP,REAR,TAI,DRY,DAWN,SINGLE,LIGHT,FINE,RES,BUS - OTHER
RAD,MIR,HON,DRY,DAY,SINGLE,MODERATE,FINE,RES,EMP
RAD,NSF,SSW,DRY,NIGHT,MULTI,MODERATE,FINE,NRES,CARS TRUCKS
RAD,OSR,SSW,DRY,DAY,MULTI,MODERATE,FINE,UN3PAR,CARS TRUCKS
RAD,MIR,SSW,WET,DAWN,SINGLE,LIGHT,RAIN,RES,EMP
RAD,FRNT,HON,DRY,DAY,SINGLE,NO,FINE,RES,BUS - OTHER
XRD,NSF,SSW,WET,DAY,MULTI,HEAVY,RAIN,RES,EMP
RAD,MIR,SSW,DRY,NIGHT,SINGLE,NO,FINE,UN3PAR,EMP
RAD,NSF,SSW,DRY,DAY,SINGLE,LIGHT,FINE,RES,EMP
RAD,OSF,TBO,DRY,STREET,MULTI,LIGHT,FINE,NRES,CARS TRUCKS
RAD,REAR,N2T,DRY,DAY,MULTI,HEAVY,FINE,NRES,CARS TRUCKS
BSP,OSR,TAI,DRY,DAY,SINGLE,LIGHT,FINE,RES,BUS - OTHER
BSP,REAR,N2T,DRY,DAY,MULTI,HEAVY,FINE,NRES,CARS TRUCKS
BSP,NSR,SSW,DRY,DAY,SINGLE,LIGHT,FINE,RES,EMP
RAD,FRNT,N2T,DRY,DAY,SINGLE,LIGHT,FINE,RES,EMP
BSP,NSR,SSW,SLIP,DUSK,SINGLE,HEAVY,FINE,RES,CARS TRUCKS
TIN,NSM,SSW,DRY,DAY,MULTI,HEAVY,FINE,RES,EMP
RAD,NSF,SSW,DRY,DAY,SINGLE,LIGHT,FINE,RES,EMP
RAD,OSM,SSW,DRY,DAY,MULTI,MODERATE,SUN,RES,EMP
RAD,FRNT,HON,DRY,DAY,SINGLE,MODERATE,FINE,RES,EMP
RAD,OSR,BTMO,WET,DAY,MULTI,LIGHT,RAIN,NRES,CARS TRUCKS
RAD,MIR,SSW,DRY,DAY,MULTI,MODERATE,FINE,UN3PAR,CARS TRUCKS
BSP,NSM,SSW,DRY,NIGHT,MULTI,MODERATE,FINE,UN3PAR,GEN
RAD,NSR,SSW,DRY,NIGHT,MULTI,HEAVY,FINE,RES,EMP
BSP,MIR,SSW,DRY,DAY,SINGLE,LIGHT,FINE,RES,BUS - OTHER
RAD,FRNT,N2T,WET,DAY,MULTI,HEAVY,FINE,UN3PAR,CARS TRUCKS
RAD,REAR,REVERSING,DRY,DAY,SINGLE,EXTREME,FINE,RES,EMP
BSP,NSF,SSW,DRY,DAY,BUS,NO,FINE,RES,EMP
RAD,NSR,SSW,DRY,STREET,MULTI,LIGHT,FINE,RES,EMP
BSP,MIR,HON,DRY,NIGHT,SINGLE,LIGHT,FINE,RES,EMP
BSP,OSR,REVERSING,DRY,DAY,BUS,MODERATE,FINE,NRES,CARS TRUCKS
RBT,NSR,TAI,DRY,DAY,SINGLE,NO,FINE,RES,BUS - OTHER
RAD,NSR,SSW,DRY,DAY,SINGLE,LIGHT,FINE,RES,EMP
RBT,NSR,SSW,DRY,DAY,SINGLE,HEAVY,FINE,RES,EMP
RAD,NSF,SSW,DRY,DAY,MULTI,MODERATE,FINE,RES,EMP
XRD,OSM,SSW,WET,NIGHT,MULTI,MODERATE,FINE,NRES,EMP
XRD,NSR,BTMO,DRY,DAY,MULTI,LIGHT,FINE,RES,CARS TRUCKS
TIN,FRNT,N2T,DRY,DAY,SINGLE,MODERATE,FINE,RES,EMP
RAD,OSM,HON,DRY,DAY,MULTI,HEAVY,FINE,NRES,CARS TRUCKS
RAD,TOPR,ROO,DRY,DAY,SINGLE,LIGHT,FINE,RES,BUS - OTHER
RAD,NSF,SSW,DRY,DAY,MULTI,LIGHT,FINE,NRES,CARS TRUCKS
BSP,NSR,TAI,DRY,DAY,MULTI,LIGHT,SUN,RES,EMP
RAD,FRNT,HON,DRY,DAY,SINGLE,MODERATE,FINE,RES,EMP
TIN,NSF,SSW,DRY,DAY,SINGLE,NO,FINE,RES,EMP
RAD,MIR,SSW,DRY,DUSK,MULTI,MODERATE,FINE,RES,EMP
RBT,NSR,TAI,DRY,DAY,SINGLE,HEAVY,FINE,RES,EMP
RAD,NSM,SSW,DRY,DAY,SINGLE,NO,FINE,UN3PAR,CARS TRUCKS
RAD,NSF,HON,DRY,DAY,MULTI,MODERATE,FINE,RES,BUS - OTHER
RAD,REAR,N2T,DRY,DAY,MULTI,LIGHT,FINE,NRES,CARS TRUCKS
RBT,NSF,SSW,DRY,DAY,SINGLE,LIGHT,FINE,RES,EMP
RAD,NSF,SSW,DRY,DAY,MULTI,MODERATE,FINE,RES,EMP
BSP,NSR,SSW,DRY,DAY,SINGLE,LIGHT,FINE,RES,EMP
RAD,NSF,SSW,DRY,DAWN,SINGLE,NO,FINE,RES,EMP
RAD,NSF,BTMO,DRY,DAY,SINGLE,LIGHT,FINE,RES,EMP
BSP,MIR,SSW,DRY,DAY,MULTI,MODERATE,FINE,NRES,CARS TRUCKS
BSP,NSF,HON,DRY,DAY,SINGLE,NO,FINE,RES,EMP
RAD,OSF,TBO,DRY,DUSK,MULTI,HEAVY,RAIN,NRES,CARS TRUCKS
RBT,NSF,HON,WET,DAY,MULTI,LIGHT,RAIN,RES,EMP
RAD,NSM,SSW,DRY,DAY,MULTI,HEAVY,FINE,RES,BUS - OTHER
TIN,OSR,TAI,WET,DUSK,MULTI,MODERATE,RAIN,RES,EMP
RAD,OSR,SSW,DRY,DAY,SINGLE,LIGHT,FINE,UNREP,EMP
RAD,NSF,TAI,DRY,DAY,MULTI,HEAVY,FINE,UN3PAR,CARS TRUCKS
BSP,NSF,SSW,WET,DAWN,SINGLE,LIGHT,FINE,RES,EMP
RAD,NSF,TBO,WET,DAY,SINGLE,LIGHT,FINE,NRES,CARS TRUCKS
BSP,MIR,HON,DRY,DAY,SINGLE,LIGHT,FINE,RES,EMP
RAD,NSR,SSW,WET,DAY,MULTI,LIGHT,FINE,NRES,EMP
RAD,OSR,SSW,DRY,DAY,SINGLE,HEAVY,FINE,RES,CARS TRUCKS
BSP,REAR,N2T,DRY,DAY,MULTI,HEAVY,FINE,NRES,CARS TRUCKS
BSP,OSR,SSW,DRY,DAY,SINGLE,LIGHT,FINE,NRES,CARS TRUCKS
RAD,MIR,SSW,DRY,DAY,MULTI,MODERATE,FINE,UN3PAR,CARS TRUCKS
BSP,OSR,SSW,DRY,DAY,MULTI,LIGHT,FINE,NRES,CARS TRUCKS
RAD,NSM,SSW,WET,DAY,SINGLE,LIGHT,RAIN,NRES,CARS TRUCKS
BSP,OSF,SSW,DRY,DAY,BUS,MODERATE,FINE,NRES,CARS TRUCKS
RAD,MIR,SSW,DRY,DAY,MULTI,LIGHT,FINE,RES,EMP
RAD,OSR,SSW,DRY,DAY,MULTI,LIGHT,FINE,RES,EMP
RBT,FRNT,HON,DRY,DAY,SINGLE,LIGHT,FINE,RES,EMP
RAD,OSR,SSW,DRY,DUSK,SINGLE,NO,FINE,UN3PAR,CARS TRUCKS
RAD,MIR,SSW,DRY,DAY,MULTI,MODERATE,FINE,NRES,GEN
BSP,FRNT,SSW,WET,NIGHT,MULTI,LIGHT,FINE,INCIDENT,GEN
TIN,NSM,SSW,WET,NIGHT,BUS,HEAVY,RAIN,RES,EMP
RAD,MIR,SSW,WET,DAY,SINGLE,LIGHT,SUN,RES,BUS - OTHER
RAD,FRNT,SSW,DRY,DAY,SINGLE,LIGHT,FINE,UNREP,OTH
BSP,OSR,SSW,DRY,DAY,MULTI,NO,FINE,NRES,CARS TRUCKS
RBT,REAR,REVERSING,DRY,DAY,SINGLE,LIGHT,FINE,RES,EMP
RAD,NSR,SSW,DRY,DAY,SINGLE,LIGHT,FINE,UNREP,EMP
RAD,OSM,SSW,DRY,DAY,FREE,MODERATE,FINE,NRES,GEN
RAD,OSR,SSW,DRY,DAY,MULTI,HEAVY,FINE,NRES,CARS TRUCKS
RAD,NSR,SSW,DRY,NIGHT,SINGLE,LIGHT,FINE,RES,CARS TRUCKS
RAD,OSM,SSW,DRY,DAY,MULTI,HEAVY,FINE,RES,EMP
RAD,OSR,SSW,WET,DAY,MULTI,MODERATE,RAIN,RES,EMP
BSP,REAR,REVERSING,DRY,DAY,BUS,NO,FINE,RES,EMP
BSP,NSR,SSW,DRY,DAY,SINGLE,LIGHT,FINE,RES,EMP
RAD,MIR,SSW,DRY,DAY,SINGLE,LIGHT,FINE,NRES,CARS TRUCKS
BSP,MIR,SSW,DRY,DAY,MULTI,MODERATE,FINE,NRES,CARS TRUCKS
RAD,FRNT,HON,DRY,DAY,SINGLE,LIGHT,FINE,INCIDENT,NONPOW
BSP,OSR,SSW,DRY,NIGHT,MULTI,MODERATE,FINE,UN3PAR,CARS TRUCKS
BSP,FRNT,SSW,DRY,DAWN,SINGLE,LIGHT,FINE,RES,BUS - OTHER
RAD,OSF,HON,WET,DAY,SINGLE,LIGHT,RAIN,RES,EMP
RAD,NSM,SSW,DRY,DAY,SINGLE,MODERATE,FINE,NRES,CARS TRUCKS
BSP,OSR,HON,DRY,DAY,SINGLE,LIGHT,FINE,NRES,CARS TRUCKS
RAD,REAR,HON,DRY,DAY,SINGLE,HEAVY,FINE,UN3PAR,CARS TRUCKS
BSP,NSR,TAI,DRY,DAY,SINGLE,NO,FINE,RES,BUS - OTHER
RAD,NSM,SSW,DRY,DAY,MULTI,HEAVY,FINE,RES,EMP
RAD,NSF,SSW,DRY,DAY,BUS,LIGHT,FINE,NRES,CARS TRUCKS
RAD,MIR,SSW,DRY,DAY,MULTI,LIGHT,FINE,NRES,CARS TRUCKS
BSP,NSM,SSW,DRY,DAY,BUS,NO,FINE,INCIDENT,PAS
RAD,MIR,SSW,DRY,DAY,SINGLE,LIGHT,FINE,NRES,EMP
RAD,NSF,SSW,DRY,DAY,BUS,LIGHT,FINE,RES,EMP
RAD,NSR,SSW,DRY,DAY,SINGLE,LIGHT,FINE,RES,EMP
RAD,NSR,SSW,DRY,DAY,SINGLE,MODERATE,FINE,NRES,CARS TRUCKS
RAD,OSF,SSW,DRY,DUSK,SINGLE,HEAVY,FINE,NRES,CARS TRUCKS
BSP,NSR,SSW,DRY,DAY,MULTI,MODERATE,FINE,NRES,CARS TRUCKS
RAD,FRNT,SSW,DRY,DAY,SINGLE,NO,FINE,RES,EMP
TIN,NSM,SSW,WET,NIGHT,SINGLE,NO,RAIN,RES,EMP
RAD,OSM,SSW,DRY,DAY,SINGLE,LIGHT,FINE,RES,CARS TRUCKS
XRD,NSR,N2T,WET,NIGHT,MULTI,MODERATE,RAIN,RES,EMP
BSP,NSF,SSW,DRY,DAY,MULTI,LIGHT,FINE,NRES,EMP
RAD,OSR,SSW,DRY,DAY,SINGLE,LIGHT,FINE,RES,EMP
BSP,NSR,SSW,DRY,DAY,MULTI,HEAVY,FINE,NRES,CARS TRUCKS
XRD,FRNT,SSW,DRY,DAY,MULTI,NO,FINE,UN3PAR,EMP
TIN,NSM,SSW,DRY,DAY,SINGLE,LIGHT,FINE,RES,EMP
XRD,NSF,SSW,DRY,DAWN,MULTI,LIGHT,FINE,UN3PAR,GEN
BSP,MIR,SSW,DRY,DAY,SINGLE,NO,FINE,RES,EMP
RAD,NSM,SSW,DRY,DAY,SINGLE,NO,FINE,RES,EMP
RBT,NSR,TAI,DRY,DUSK,MULTI,MODERATE,FINE,RES,EMP
RAD,OSR,SSW,WET,DAY,SINGLE,MODERATE,FINE,RES,EMP
RAD,NSR,SSW,DRY,DAY,MULTI,HEAVY,FINE,UN3PAR,CARS TRUCKS
RAD,NSR,SSW,DRY,DAY,SINGLE,LIGHT,FINE,RES,EMP
RBT,NSM,SSW,DRY,DAY,BUS,LIGHT,FINE,RES,EMP
RAD,FRNT,SSW,DRY,DUSK,SINGLE,LIGHT,FINE,RES,EMP
RAD,MIR,HON,DRY,DAY,SINGLE,LIGHT,FINE,RES,EMP
RAD,MIR,SSW,DRY,DAY,MULTI,MODERATE,FINE,NRES,BUS - OTHER
BSP,REAR,TAI,DRY,DAY,SINGLE,HEAVY,FINE,RES,EMP
RAD,NSR,SSW,WET,NIGHT,MULTI,HEAVY,RAIN,RES,EMP
RAD,NSR,SSW,WET,DAY,MULTI,LIGHT,RAIN,NRES,CARS TRUCKS
BSP,NSF,SSW,DRY,DAY,SINGLE,NO,FINE,RES,EMP
RAD,NSR,SSW,DRY,DUSK,SINGLE,MODERATE,FINE,RES,EMP
RAD,NSF,TBO,WET,DAY,MULTI,LIGHT,RAIN,NRES,CARS TRUCKS
BSP,NSR,SSW,DRY,DAY,SINGLE,LIGHT,FINE,RES,BUS - OTHER
RAD,NSR,SSW,DRY,DAY,SINGLE,LIGHT,FINE,RES,ENV
RBT,OSF,SSW,DRY,DAY,SINGLE,NO,FINE,RES,EMP
RAD,MIR,SSW,DRY,DAY,MULTI,EXTREME,SUN,RES,EMP
RBT,OSR,SSW,DRY,DAY,SINGLE,MODERATE,FINE,RES,EMP
BSP,NSR,SSW,DRY,DAY,MULTI,LIGHT,FINE,RES,EMP
RAD,NSR,SSW,DRY,NIGHT,SINGLE,NO,FINE,RES,EMP
RAD,OSR,SSW,DRY,DAY,MULTI,LIGHT,FINE,UN3PAR,CARS TRUCKS
BSP,NSR,SSW,DRY,DAY,SINGLE,NO,FINE,RES,EMP
RAD,NSR,TAI,DRY,DAY,SINGLE,EXTREME,FINE,RES,EMP
RAD,OSR,SSW,DRY,NIGHT,MULTI,MODERATE,FINE,RES,EMP
RAD,MIR,SSW,DRY,DAY,SINGLE,LIGHT,FINE,RES,EMP
RAD,FRNT,HON,DRY,DAY,SINGLE,HEAVY,FINE,RES,EMP
RAD,NSR,REVERSING,DRY,DAY,BUS,NO,FINE,RES,CARS TRUCKS
RAD,NSR,SSW,WET,DAY,MULTI,MODERATE,RAIN,INCIDENT,GEN
RAD,NSR,SSW,DRY,NIGHT,MULTI,MODERATE,FINE,NRES,GEN
RAD,NSR,SSW,DRY,DAY,SINGLE,MODERATE,FINE,INCIDENT,EMP
BSP,OSM,SSW,DRY,DAY,BUS,NO,FINE,RES,BUS - OTHER
RAD,NSF,SSW,DRY,DAY,BUS,NO,FINE,NRES,CARS TRUCKS
XRD,OSR,TAI,DRY,DAY,MULTI,HEAVY,FINE,RES,BUS - OTHER
BSP,NSR,TAI,DRY,NIGHT,MULTI,NO,FINE,RES,BUS - OTHER
RAD,OSF,SSW,DRY,DUSK,MULTI,LIGHT,FINE,NRES,CARS TRUCKS
RAD,REAR,N2T,DRY,DAY,SINGLE,HEAVY,FINE,NRES,CARS TRUCKS
BSP,MIR,SSW,WET,DAY,MULTI,MODERATE,FINE,RES,EMP
RAD,WSRE,SSW,DRY,NIGHT,MULTI,LIGHT,FINE,INCIDENT,EMP
RAD,MIR,SSW,DRY,DAY,MULTI,MODERATE,FINE,RES,EMP
RAD,NSR,TAI,DRY,DAY,MULTI,LIGHT,FINE,RES,EMP
RAD,NSM,SSW,DRY,DAY,MULTI,HEAVY,FINE,RES,EMP
BSP,REAR,REVERSING,DRY,NIGHT,SINGLE,LIGHT,FINE,RES,EMP
RAD,NSR,SSW,DRY,NIGHT,SINGLE,NO,FINE,INCIDENT,GEN
RAD,NSR,SSW,DRY,DAY,SINGLE,LIGHT,FINE,UNREP,EMP
BSP,NSR,SSW,DRY,DAY,BUS,LIGHT,FINE,NRES,CARS TRUCKS
RAD,NSR,SSW,DRY,DAY,BUS,NO,FINE,RES,CARS TRUCKS
RAD,MIR,SSW,DRY,DAY,SINGLE,HEAVY,FINE,RES,BUS - OTHER
BSP,OSF,SSW,DRY,DAY,SINGLE,NO,FINE,UN3PAR,CARS TRUCKS
RAD,FRNT,N2T,DRY,DAY,MULTI,EXTREME,FINE,RES,EMP
RAD,OSM,SSW,DRY,DAY,SINGLE,HEAVY,FINE,RES,EMP
XRD,OSR,SSW,WET,DUSK,MULTI,NO,RAIN,NRES,CARS TRUCKS
BSP,NSR,SSW,DRY,DAY,SINGLE,LIGHT,FINE,RES,EMP
BSP,NSF,SSW,DRY,DAY,SINGLE,LIGHT,FINE,RES,EMP
RAD,NSR,SSW,DRY,DAY,MULTI,HEAVY,FINE,RES,EMP
RAD,FRNT,HON,DRY,DAY,SINGLE,MODERATE,RAIN,RES,EMP
BSP,MIR,SSW,DRY,DAY,SINGLE,LIGHT,FINE,UN3PAR,CARS TRUCKS
BSP,MIR,SSW,DRY,DAY,MULTI,MODERATE,FINE,NRES,CARS TRUCKS
BSP,NSR,SSW,DRY,DAY,BUS,NO,FINE,RES,BUS - OTHER
RAD,MIR,SSW,DRY,DAY,MULTI,MODERATE,FINE,RES,EMP
RAD,NSR,SSW,DRY,DAY,SINGLE,NO,FINE,INCIDENT,EMP
RAD,NSM,SSW,DRY,DAY,SINGLE,LIGHT,FINE,RES,EMP
XRD,NSR,TAI,DRY,DAY,MULTI,HEAVY,FINE,RES,EMP
RAD,MIR,SSW,DRY,DAY,MULTI,HEAVY,FINE,UN3PAR,CARS TRUCKS
RAD,MIR,SSW,DRY,DAY,SINGLE,MODERATE,FINE,RES,CARS TRUCKS
RAD,NSF,HON,DRY,DAY,SINGLE,NO,FINE,RES,EMP
BSP,MIR,SSW,DRY,DUSK,SINGLE,LIGHT,FINE,RES,EMP
RAD,MIR,SSW,WET,DAY,SINGLE,MODERATE,RAIN,RES,BUS - OTHER
TIN,OSM,SSW,DRY,DAY,SINGLE,LIGHT,FINE,RES,EMP
BSP,NSM,SSW,DRY,DAY,BUS,MODERATE,FINE,NRES,CARS TRUCKS
BSP,OSR,BTMO,DRY,DAY,SINGLE,EXTREME,FINE,NRES,CARS TRUCKS
BSP,OSR,SSW,DRY,DAY,MULTI,LIGHT,FINE,NRES,EMP
RAD,FRNT,HON,DRY,NIGHT,MULTI,LIGHT,FINE,INCIDENT,OTH
RAD,NSF,SSW,DRY,DAY,BUS,NO,FINE,RES,EMP