location_code,damage_code,collision_code,road_code,light_code,road_type_code,traffic_code,weather_code,emp_liability_code,kpi_cause_code
BSP,MIR,BTMO,DRY,DAY,MULTI,LIGHT,FINE,RES,BUS - OTHER
RAD,NSR,SSW,DRY,DAY,SINGLE,LIGHT,FINE,RES,EMP
XRD,NSR,N2T,DRY,DAY,MULTI,HEAVY,FINE,UN3PAR,CARS TRUCKS
BSP,NSR,SSW,DRY,DAWN,BUS,HEAVY,FINE,RES,EMP
BSP,MIR,SSW,DRY,DUSK,MULTI,EXTREME,FINE,RES,EMP
RBT,NSM,SSW,DRY,NIGHT,SINGLE,HEAVY,FINE,RES,BUS - OTHER
BSP,MIR,SSW,DRY,DAY,BUS,LIGHT,FINE,RES,BUS - OTHER
XRD,FRNT,SSW,DRY,DAWN,SINGLE,LIGHT,FINE,RES,EMP
RAD,MIR,SSW,DRY,DAY,SINGLE,LIGHT,FINE,RES,CARS TRUCKS
RAD,FRNT,N2T,DRY,NIGHT,SINGLE,MODERATE,FINE,UN3PAR,EMP
BSP,NSR,TAI,DRY,DAY,MULTI,LIGHT,FINE,RES,BUS - OTHER
RAD,NSR,SSW,DRY,NIGHT,MULTI,LIGHT,FINE,RES,CARS TRUCKS
BSP,REAR,REVERSING,WET,DAY,SINGLE,NO,RAIN,RES,EMP
BSP,NSF,SSW,DRY,DAY,SINGLE,LIGHT,FINE,RES,EMP
RAD,FRNT,TBO,DRY,DAY,SINGLE,MODERATE,FINE,RES,EMP
BSP,OSF,TBO,DRY,DAY,MULTI,LIGHT,FINE,NRES,BUS - OTHER
RAD,REAR,N2T,DRY,DAWN,MULTI,HEAVY,FINE,NRES,CARS TRUCKS
XRD,OSM,SSW,DRY,DAY,SINGLE,MODERATE,FINE,RES,CARS TRUCKS
XRD,NSR,TAI,DRY,DAY,MULTI,MODERATE,FINE,RES,BUS - OTHER
BSP,MIR,SSW,WET,DAY,SINGLE,LIGHT,RAIN,RES,EMP
RAD,MIR,SSW,DRY,DAY,BUS,NO,FINE,RES,EMP
RAD,FRNT,SSW,DRY,DAY,MULTI,MODERATE,FINE,RES,EMP
RAD,REAR,N2T,DRY,DAY,MULTI,LIGHT,FINE,NRES,CARS TRUCKS
XRD,NSF,SSW,DRY,DAY,SINGLE,NO,FINE,RES,EMP
XRD,OSF,SSW,DRY,DAY,MULTI,LIGHT,FINE,NRES,CARS TRUCKS
RAD,NSF,TBO,DRY,DAY,BUS,MODERATE,FINE,NRES,CARS TRUCKS
RAD,MIR,SSW,DRY,DAY,MULTI,LIGHT,FINE,NRES,CARS TRUCKS
RAD,FRNT,N2T,DRY,DAY,MULTI,MODERATE,FINE,RES,CARS TRUCKS
TIN,NSM,TBO,DRY,NIGHT,MULTI,LIGHT,FINE,RES,EMP
RAD,NSR,SSW,DRY,DAY,SINGLE,LIGHT,FINE,UNREP,EMP
RAD,FRNT,SSW,WET,DUSK,SINGLE,HEAVY,RAIN,RES,EMP
BSP,OSM,SSW,DRY,DAY,BUS,NO,FINE,RES,BUS - OTHER
RAD,NSR,SSW,DRY,NIGHT,SINGLE,HEAVY,FINE,RES,BUS - OTHER
XRD,NSF,SSW,DRY,DAY,MULTI,MODERATE,FINE,NRES,EMP
RAD,MIR,SSW,DRY,DAY,SINGLE,LIGHT,FINE,UN3PAR,CARS TRUCKS
RAD,MIR,SSW,DRY,DAY,SINGLE,LIGHT,FINE,RES,BUS - OTHER
RAD,NSR,SSW,DRY,NIGHT,SINGLE,NO,FINE,UNREP,OTH
RAD,NSM,SSW,DRY,DAY,SINGLE,NO,FINE,NRES,CARS TRUCKS
RAD,NSF,SSW,SLIP,DAY,SINGLE,LIGHT,FINE,RES,EMP
BSP,OSR,SSW,DRY,DAY,BUS,MODERATE,FINE,OTHERBUS,BUS - OTHER
RAD,MIR,SSW,DRY,DUSK,SINGLE,HEAVY,FINE,RES,BUS - OTHER
BSP,FRNT,HON,WET,NIGHT,MULTI,MODERATE,RAIN,RES,EMP
RAD,NSM,SSW,DRY,DAY,MULTI,HEAVY,FINE,NRES,BUS - OTHER
RAD,NSR,REVERSING,DRY,DAY,SINGLE,LIGHT,FINE,RES,EMP
BSP,OSM,SSW,DRY,NIGHT,BUS,LIGHT,FINE,OTHERBUS,CARS TRUCKS
RAD,MIR,SSW,DRY,DAY,SINGLE,LIGHT,FINE,RES,EMP
BSP,NSR,SSW,WET,DAY,SINGLE,NO,FINE,RES,EMP
BSP,NSR,SSW,DRY,DAWN,SINGLE,NO,FINE,RES,BUS - OTHER
RAD,NSR,SSW,DRY,DAY,SINGLE,LIGHT,FINE,UNREP,EMP
BSP,OSM,REVERSING,DRY,DAY,SINGLE,LIGHT,FINE,UN3PAR,CARS TRUCKS
BSP,NSF,HON,DRY,NIGHT,SINGLE,LIGHT,FINE,RES,BUS - OTHER
RAD,OSR,SSW,SLIP,NIGHT,SINGLE,LIGHT,RAIN,RES,BUS - OTHER
RAD,OSM,SSW,DRY,DAY,SINGLE,MODERATE,FINE,RES,EMP
RAD,OSM,SSW,DRY,DAY,SINGLE,NO,FINE,RES,EMP
RAD,NSR,SSW,DRY,DAY,SINGLE,LIGHT,FINE,RES,BUS - OTHER
RAD,NSF,SSW,WET,DAY,SINGLE,LIGHT,RAIN,RES,EMP
RAD,NSR,SSW,DRY,DAWN,SINGLE,NO,FINE,RES,EMP
RAD,OSF,TBO,DRY,DAY,SINGLE,MODERATE,FINE,RES,CARS TRUCKS
RAD,OSR,SSW,DRY,DAY,MULTI,MODERATE,FINE,UN3PAR,CARS TRUCKS
RAD,FRNT,HON,DRY,DAY,SINGLE,LIGHT,FINE,RES,EMP
RAD,NSM,SSW,WET,DAY,SINGLE,HEAVY,FINE,RES,EMP
RAD,FRNT,BTMO,DRY,DAY,SINGLE,MODERATE,FINE,RES,BUS BRAKING
RAD,OSM,SSW,DRY,NIGHT,MULTI,HEAVY,FINE,RES,EMP
RAD,FRNT,HON,DRY,NIGHT,MULTI,NO,FINE,RES,EMP
BSP,REAR,N2T,DRY,DAY,MULTI,MODERATE,FINE,NRES,CARS TRUCKS
BSP,MIR,SSW,DRY,DAY,SINGLE,LIGHT,FINE,RES,EMP
RAD,NSF,SSW,DRY,DAY,SINGLE,LIGHT,FINE,NRES,CARS TRUCKS
TIN,NSR,TAI,WET,DUSK,SINGLE,EXTREME,RAIN,RES,EMP
RAD,OSM,SSW,DRY,DAY,SINGLE,HEAVY,FINE,RES,EMP
RAD,NSM,TBO,SLIP,DAY,MULTI,LIGHT,FINE,NRES,EMP
BSP,NSR,SSW,DRY,DAWN,SINGLE,NO,FINE,RES,EMP
BSP,MIR,HON,WET,NIGHT,BUS,MODERATE,RAIN,RES,EMP
BSP,NSR,TAI,SLIP,DUSK,MULTI,MODERATE,FINE,RES,BUS - OTHER
XRD,NSR,HON,DRY,DAY,FREE,MODERATE,FINE,NRES,GEN
BSP,NSR,SSW,DRY,DAY,SINGLE,LIGHT,FINE,RES,EMP
RAD,NSR,SSW,DRY,DAY,SINGLE,MODERATE,FINE,NRES,CARS TRUCKS
RAD,NSF,SSW,WET,DAWN,SINGLE,LIGHT,RAIN,INCIDENT,EMP
RAD,REAR,REVERSING,DRY,DAY,SINGLE,LIGHT,FINE,RES,EMP
BSP,MIR,HON,DRY,DAY,MULTI,HEAVY,SUN,RES,EMP
RAD,NSR,SSW,DRY,DAY,SINGLE,LIGHT,FINE,RES,BUS - OTHER
BSP,MIR,SSW,DRY,DAY,BUS,LIGHT,FINE,RES,EMP
BSP,NSF,ROO,DRY,DAY,MULTI,MODERATE,FINE,RES,CARS TRUCKS
RAD,REAR,REVERSING,DRY,DAY,MULTI,MODERATE,FINE,RES,EMP
XRD,REAR,SSW,DRY,DAY,MULTI,HEAVY,FINE,UN3PAR,CARS TRUCKS
BSP,FRNT,SSW,SLIP,DAY,SINGLE,LIGHT,FINE,RES,EMP
BSP,MIR,SSW,DRY,DAY,MULTI,HEAVY,FINE,NRES,CARS TRUCKS
RAD,FRNT,SSW,DRY,DAY,MULTI,LIGHT,FINE,NRES,BUS - OTHER
RAD,NSR,SSW,DRY,DAY,MULTI,MODERATE,FINE,INCIDENT,BUS - OTHER
RAD,NSR,SSW,DRY,DAY,MULTI,HEAVY,FINE,RES,EMP
XRD,NSM,SSW,DRY,DAY,SINGLE,MODERATE,FINE,RES,BUS - OTHER
RAD,NSM,TAI,DRY,DAY,SINGLE,NO,FINE,RES,EMP
BSP,MIR,SSW,DRY,DAY,MULTI,NO,FINE,RES,BUS - OTHER
RAD,MIR,SSW,DRY,DAY,SINGLE,NO,FINE,INCIDENT,EMP
BSP,OSR,SSW,DRY,DAY,BUS,LIGHT,FINE,OTHERBUS,CARS TRUCKS
RAD,NSR,SSW,DRY,DAY,SINGLE,LIGHT,FINE,RES,BUS - OTHER
RAD,NSR,TAI,DRY,DAY,MULTI,LIGHT,FINE,RES,EMP
RBT,NSR,SSW,DRY,DAY,MULTI,LIGHT,FINE,RES,EMP
RAD,OSR,SSW,DRY,DAY,MULTI,LIGHT,FINE,RES,EMP
RAD,OSR,REVERSING,DRY,DAY,SINGLE,MODERATE,FINE,RES,CARS TRUCKS
RAD,OSF,SSW,DRY,DAY,MULTI,HEAVY,FINE,NRES,CARS TRUCKS
RAD,OSR,SSW,WET,NIGHT,MULTI,HEAVY,RAIN,UN3PAR,CARS TRUCKS
RAD,NSR,TAI,DRY,DAY,SINGLE,LIGHT,FINE,RES,EMP
XRD,FRNT,HON,DRY,DAY,MULTI,MODERATE,FINE,NRES,CARS TRUCKS
RAD,FRNT,SSW,DRY,DAY,MULTI,HEAVY,FINE,RES,CARS TRUCKS
RAD,NSF,SSW,DRY,DAY,MULTI,HEAVY,FINE,NRES,CARS TRUCKS
RAD,NSR,TAI,WET,DAY,SINGLE,NO,RAIN,RES,BUS - OTHER
BSP,NSR,SSW,WET,NIGHT,SINGLE,MODERATE,RAIN,RES,EMP
RAD,NSF,SSW,DRY,DAY,MULTI,NO,SUN,RES,EMP
RAD,FRNT,HON,DRY,DAY,MULTI,LIGHT,FINE,RES,EMP
TIN,NSM,TBO,DRY,DAY,SINGLE,LIGHT,FINE,NRES,CARS TRUCKS
BSP,WIN,HON,DRY,DAY,BUS,NO,FOG,UN3PAR,GEN
RAD,WSRE,HON,DRY,DAY,SINGLE,LIGHT,FINE,INCIDENT,EMP
RAD,NSR,SSW,DRY,DAY,MULTI,LIGHT,FINE,RES,EMP
RAD,MIR,SSW,DRY,NIGHT,SINGLE,LIGHT,FINE,RES,BUS - OTHER
RAD,NSR,SSW,DRY,DAY,SINGLE,LIGHT,FINE,RES,EMP
BSP,MIR,SSW,DRY,DAY,MULTI,LIGHT,FINE,RES,EMP
RAD,NSR,SSW,DRY,DAY,SINGLE,LIGHT,FINE,RES,BUS - OTHER
RAD,NSF,TBO,DRY,DAY,MULTI,LIGHT,FINE,NRES,CARS TRUCKS
RAD,OSR,REVERSING,DRY,DAY,SINGLE,NO,FINE,RES,EMP
RAD,FRNT,ROO,DRY,DAY,MULTI,LIGHT,FINE,RES,EMP
BSP,TOPR,TAI,DRY,DAY,SINGLE,LIGHT,FINE,RES,EMP
RAD,NSM,SSW,WET,DAY,BUS,MODERATE,RAIN,RES,EMP
BSP,MIR,SSW,DRY,DAY,SINGLE,LIGHT,FINE,RES,CARS TRUCKS
BSP,OSR,SSW,DRY,DAY,SINGLE,MODERATE,FINE,UN3PAR,CARS TRUCKS
RAD,NSR,SSW,WET,DAY,SINGLE,EXTREME,FINE,RES,EMP
RAD,OSR,SSW,DRY,NIGHT,MULTI,MODERATE,FINE,NRES,CARS TRUCKS
RAD,OSR,SSW,DRY,DAY,SINGLE,HEAVY,FINE,NRES,CARS TRUCKS
XRD,NSM,SSW,DRY,DAY,SINGLE,HEAVY,FINE,RES,CARS TRUCKS
XRD,OSR,TAI,DRY,DAY,MULTI,HEAVY,FINE,NRES,CARS TRUCKS
BSP,NSR,SSW,DRY,DAY,MULTI,MODERATE,FINE,UN3PAR,GEN
RAD,MIR,SSW,DRY,DAY,MULTI,HEAVY,FINE,RES,CARS TRUCKS
BSP,MIR,SSW,DRY,DAY,SINGLE,MODERATE,FINE,RES,EMP
TIN,NSF,SSW,DRY,NIGHT,SINGLE,MODERATE,FINE,RES,BUS - OTHER
RAD,NSF,TBO,DRY,DAY,BUS,NO,FINE,NRES,CARS TRUCKS
TIN,MIR,SSW,DRY,DAY,SINGLE,NO,FINE,RES,EMP
RAD,NSR,TAI,DRY,DAY,SINGLE,MODERATE,FINE,RES,BUS - OTHER
TIN,FRNT,N2T,WET,NIGHT,SINGLE,MODERATE,FINE,RES,CARS TRUCKS
BSP,MIR,SSW,DRY,DAY,SINGLE,LIGHT,FINE,UN3PAR,CARS TRUCKS
RAD,NSR,TBO,DRY,DAY,MULTI,EXTREME,FINE,NRES,EMP
RAD,MIR,SSW,DRY,DAY,MULTI,MODERATE,FINE,INCIDENT,EMP
RAD,NSF,HON,DRY,DAY,SINGLE,LIGHT,FINE,RES,EMP
XRD,OSF,TBO,DRY,NIGHT,SINGLE,NO,FINE,NRES,CARS TRUCKS
RAD,NSF,SSW,DRY,NIGHT,SINGLE,NO,FINE,RES,EMP
BSP,MIR,SSW,WET,DAY,SINGLE,LIGHT,FINE,RES,EMP
RAD,OSF,SSW,DRY,DAY,MULTI,MODERATE,FINE,NRES,CARS TRUCKS
BSP,WIN,SSW,DRY,DAY,SINGLE,NO,FINE,INCIDENT,BUS - OTHER
RAD,NSR,TAI,DRY,DAY,SINGLE,LIGHT,FINE,RES,EMP
RAD,MIR,SSW,DRY,DAY,SINGLE,MODERATE,FINE,RES,EMP
BSP,OSR,TAI,WET,DUSK,BUS,MODERATE,RAIN,RES,EMP
TIN,NSR,TAI,DRY,STREET,SINGLE,LIGHT,FINE,RES,EMP
BSP,OSR,SSW,DRY,DAY,MULTI,HEAVY,FINE,NRES,CARS TRUCKS
BSP,NSM,SSW,DRY,NIGHT,SINGLE,LIGHT,FINE,RES,EMP
BSP,MIR,SSW,DRY,DAY,MULTI,LIGHT,FINE,NRES,EMP
RAD,OSM,SSW,DRY,NIGHT,MULTI,LIGHT,FINE,RES,EMP
BSP,MIR,HON,WET,NIGHT,SINGLE,HEAVY,RAIN,RES,EMP
BSP,OSM,SSW,DRY,DAY,SINGLE,NO,FINE,RES,EMP
RAD,NSF,N2T,SLIP,DAY,MULTI,HEAVY,FINE,RES,EMP
RAD,NSR,SSW,DRY,NIGHT,BUS,LIGHT,FINE,RES,CARS TRUCKS
RAD,OSR,N2T,DRY,DAY,SINGLE,LIGHT,FINE,NRES,CARS TRUCKS
RAD,REAR,REVERSING,DRY,DAY,MULTI,MODERATE,FINE,NRES,CARS TRUCKS
XRD,FRNT,TAI,DRY,DAY,MULTI,HEAVY,FINE,NRES,CARS TRUCKS
BSP,OSR,SSW,DRY,DAY,MULTI,MODERATE,FINE,NRES,CARS TRUCKS
RAD,FRNT,TBO,DRY,DAY,SINGLE,NO,FINE,NRES,CARS TRUCKS
TIN,OSF,TBO,DRY,DAY,MULTI,LIGHT,FINE,NRES,CARS TRUCKS
RAD,OSR,SSW,DRY,DAY,MULTI,MODERATE,FINE,NRES,CARS TRUCKS
RAD,REAR,SSW,DRY,DAY,MULTI,MODERATE,FINE,NRES,CARS TRUCKS
BSP,OSR,N2T,DRY,DAY,SINGLE,LIGHT,FINE,NRES,CARS TRUCKS
RAD,OSR,HON,DRY,DAY,MULTI,MODERATE,FINE,NRES,CARS TRUCKS
BSP,OSR,SSW,DRY,DAY,BUS,NO,FINE,NRES,BUS - OTHER
XRD,OSR,SSW,DRY,DAY,MULTI,HEAVY,FINE,NRES,CARS TRUCKS
RAD,MIR,SSW,SLIP,DAY,SINGLE,MODERATE,RAIN,RES,EMP
RAD,NSR,SSW,WET,NIGHT,SINGLE,MODERATE,RAIN,UNREP,EMP
RAD,FRNT,N2T,DRY,DAY,MULTI,LIGHT,FINE,NRES,CARS TRUCKS
XRD,NSF,SSW,DRY,DAY,SINGLE,MODERATE,FINE,NRES,CARS TRUCKS
RAD,REAR,N2T,DRY,DAY,MULTI,MODERATE,FINE,NRES,CARS TRUCKS
RAD,FRNT,HON,DRY,DAY,MULTI,MODERATE,FINE,NRES,CARS TRUCKS
RAD,REAR,SSW,DRY,DAY,SINGLE,MODERATE,FINE,NRES,CARS TRUCKS
RAD,REAR,TBO,WET,DAY,SINGLE,MODERATE,RAIN,NRES,EMP
BSP,MIR,SSW,DRY,DAY,SINGLE,LIGHT,FINE,INCIDENT,OTH
RAD,OSF,SSW,DRY,DAY,MULTI,LIGHT,FINE,NRES,CARS TRUCKS
RAD,NSF,SSW,DRY,DAY,SINGLE,LIGHT,FINE,UNREP,EMP
RAD,NSR,TAI,DRY,DAY,SINGLE,LIGHT,FINE,RES,BUS - OTHER
BSP,NSR,SSW,DRY,DAY,SINGLE,LIGHT,FINE,RES,EMP
TIN,NSR,TAI,WET,DAY,MULTI,LIGHT,FINE,RES,BUS - OTHER
RAD,REAR,TBO,DRY,NIGHT,MULTI,LIGHT,FINE,NRES,CARS TRUCKS
RBT,FRNT,HON,WET,DAY,MULTI,LIGHT,RAIN,RES,EMP
RAD,REAR,REVERSING,WET,DAY,MULTI,LIGHT,RAIN,RES,EMP
BSP,FRNT,SSW,DRY,NIGHT,BUS,LIGHT,FINE,RES,EMP
BSP,NSM,SSW,DRY,DAY,SINGLE,NO,FINE,RES,EMP
RAD,NSR,SSW,DRY,DAY,SINGLE,LIGHT,FINE,RES,CARS TRUCKS
BSP,OSM,SSW,DRY,NIGHT,MULTI,MODERATE,FINE,RES,EMP
BSP,REAR,N2T,DRY,DAY,SINGLE,NO,FINE,NRES,CARS TRUCKS
XRD,REAR,TAI,DRY,DAY,MULTI,HEAVY,FINE,NRES,CARS TRUCKS
XRD,MIR,SSW,DRY,NIGHT,MULTI,HEAVY,FINE,RES,EMP
RBT,OSF,SSW,DRY,DAWN,SINGLE,LIGHT,FINE,RES,EMP
BSP,FRNT,SSW,DRY,DAY,SINGLE,HEAVY,FINE,RES,EMP
BSP,NSF,SSW,DRY,DAY,SINGLE,MODERATE,FINE,RES,EMP
RAD,REAR,N2T,DRY,DAY,MULTI,LIGHT,FINE,NRES,CARS TRUCKS
RAD,OSM,SSW,DRY,DAY,SINGLE,LIGHT,FINE,RES,EMP
RAD,FRNT,HON,DRY,DAY,SINGLE,NO,FINE,RES,EMP
RAD,REAR,REVERSING,DRY,DAY,SINGLE,LIGHT,FINE,RES,EMP
RBT,OSR,TAI,DRY,DAY,SINGLE,NO,FINE,RES,EMP
RAD,NSR,TAI,DRY,NIGHT,SINGLE,HEAVY,FINE,RES,EMP
BSP,REAR,SSW,DRY,DAY,BUS,NO,FINE,OTHERBUS,EMP
BSP,MIR,SSW,DRY,DAY,MULTI,MODERATE,FINE,RES,EMP
BSP,MIR,SSW,DRY,DAY,SINGLE,LIGHT,FINE,RES,EMP
RAD,MIR,N2T,DRY,DAY,SINGLE,LIGHT,FINE,RES,EMP
RAD,NSR,SSW,DRY,DAY,SINGLE,LIGHT,FINE,RES,EMP
DEPOT,MIR,REVERSING,WET,DAY,SINGLE,NO,FINE,RES,EMP
RBT,NSM,SSW,DRY,DAY,SINGLE,LIGHT,FINE,RES,BUS - OTHER
RAD,OSF,TBO,DRY,DAY,MULTI,MODERATE,FINE,NRES,CARS TRUCKS
RAD,OSF,SSW,WET,DAY,SINGLE,HEAVY,SUN,UN3PAR,GEN
RAD,OSM,SSW,DRY,DAY,SINGLE,NO,FINE,RES,BUS - OTHER
BSP,WSRE,HON,DRY,DAY,SINGLE,NO,FINE,RES,BUS - OTHER
RAD,NSF,HON,DRY,DAY,MULTI,LIGHT,FINE,RES,EMP
RAD,REAR,TAI,WET,NIGHT,MULTI,HEAVY,RAIN,RES,EMP
RAD,NSM,SSW,DRY,DAY,SINGLE,NO,FINE,RES,BUS - OTHER
RAD,MIR,SSW,SLIP,DAY,FREE,MODERATE,FINE,NRES,EMP
BSP,REAR,N2T,DRY,DAY,MULTI,MODERATE,FINE,NRES,CARS TRUCKS
RAD,NSM,SSW,DRY,NIGHT,MULTI,LIGHT,FINE,RES,EMP
RAD,NSF,TBO,SLIP,NIGHT,MULTI,LIGHT,RAIN,NRES,CARS TRUCKS
BSP,REAR,HON,DRY,DAY,MULTI,MODERATE,FINE,NRES,CARS TRUCKS
RAD,NSM,SSW,DRY,DAY,SINGLE,LIGHT,FINE,RES,EMP
BSP,OSR,REVERSING,DRY,DAY,BUS,HEAVY,FINE,RES,EMP
RAD,NSR,SSW,DRY,DAY,SINGLE,MODERATE,FINE,RES,EMP
XRD,NSM,SSW,WET,NIGHT,SINGLE,LIGHT,FINE,NRES,CARS TRUCKS
RAD,WSRE,SSW,WET,DUSK,SINGLE,HEAVY,RAIN,RES,BUS - OTHER
RAD,FRNT,HON,DRY,NIGHT,SINGLE,NO,FINE,RES,BUS - OTHER
BSP,MIR,SSW,DRY,DAY,SINGLE,LIGHT,FINE,RES,EMP
BSP,MIR,SSW,DRY,DAY,MULTI,MODERATE,FINE,UN3PAR,CARS TRUCKS
RAD,FRNT,SSW,SLIP,DAY,SINGLE,HEAVY,FINE,RES,BUS - OTHER
BSP,MIR,HON,DRY,DAY,MULTI,LIGHT,FINE,RES,EMP
RAD,FRNT,TBO,DRY,DAY,MULTI,LIGHT,FINE,NRES,CARS TRUCKS
RAD,NSR,SSW,SLIP,DAY,SINGLE,MODERATE,RAIN,RES,EMP
RAD,NSR,SSW,DRY,DAY,SINGLE,LIGHT,FINE,UNREP,EMP
BSP,MIR,SSW,DRY,DAY,MULTI,LIGHT,FINE,NRES,EMP
BSP,OSF,SSW,DRY,DAY,MULTI,MODERATE,FINE,NRES,CARS TRUCKS
RAD,REAR,N2T,DRY,DAY,SINGLE,NO,FINE,RES,EMP
RAD,NSF,SSW,DRY,DAY,SINGLE,HEAVY,FINE,RES,EMP
RAD,OSR,TAI,DRY,DAY,SINGLE,LIGHT,FINE,RES,EMP
BSP,WIN,SSW,DRY,DAY,MULTI,LIGHT,FINE,RES,EMP
BSP,NSR,TAI,WET,DAY,SINGLE,HEAVY,RAIN,RES,EMP
TIN,OSF,SSW,DRY,DAY,MULTI,MODERATE,FINE,UN3PAR,CARS TRUCKS
RAD,FRNT,HON,DRY,DAY,SINGLE,NO,FINE,RES,EMP
TIN,NSR,TAI,WET,DAY,SINGLE,NO,RAIN,RES,BUS - OTHER
RAD,NSR,SSW,DRY,DAY,SINGLE,NO,FINE,RES,EMP
RBT,NSF,HON,DRY,DAY,SINGLE,NO,FINE,RES,EMP
BSP,OSR,SSW,DRY,DAY,BUS,LIGHT,FINE,NRES,BUS - OTHER
RAD,NSR,SSW,DRY,DAY,SINGLE,HEAVY,FINE,RES,EMP
RAD,FRNT,TBO,DRY,DAY,SINGLE,LIGHT,FINE,NRES,CARS TRUCKS
RAD,NSR,SSW,DRY,DAY,SINGLE,LIGHT,FINE,RES,EMP
RAD,OSR,SSW,DRY,DAY,MULTI,MODERATE,FINE,NRES,EMP
BSP,FRNT,SSW,DRY,DAY,BUS,HEAVY,FINE,NRES,CARS TRUCKS
RAD,NSF,SSW,DRY,DAY,MULTI,LIGHT,FINE,RES,CARS TRUCKS
BSP,REAR,TAI,DRY,DAY,SINGLE,NO,FINE,RES,EMP
BSP,MIR,HON,DRY,DAY,SINGLE,MODERATE,FINE,RES,EMP
BSP,OSR,BTMO,DRY,DAY,SINGLE,LIGHT,FINE,NRES,CARS TRUCKS
RAD,NSR,SSW,DRY,DAY,SINGLE,MODERATE,FINE,RES,EMP
RAD,TOPF,HON,DRY,DAY,SINGLE,MODERATE,FINE,INCIDENT,EMP
BSP,OSR,SSW,DRY,DAY,MULTI,MODERATE,FINE,UN3PAR,CARS TRUCKS
RAD,OSF,SSW,DRY,DAY,MULTI,MODERATE,FINE,UN3PAR,CARS TRUCKS
RAD,OSR,N2T,DRY,DAWN,SINGLE,LIGHT,FINE,NRES,CARS TRUCKS
RAD,NSR,SSW,DRY,DAY,SINGLE,NO,FINE,RES,BUS - OTHER
TIN,FRNT,N2T,WET,DAY,SINGLE,HEAVY,RAIN,RES,BUS - OTHER
RAD,NSM,SSW,DRY,DAY,SINGLE,LIGHT,FINE,INCIDENT,GEN
RAD,FRNT,SSW,DRY,NIGHT,MULTI,MODERATE,FINE,UN3PAR,BUS - OTHER
BSP,NSR,SSW,DRY,DUSK,SINGLE,NO,FINE,RES,EMP
RBT,MIR,SSW,DRY,DAY,MULTI,LIGHT,FINE,UN3PAR,CARS TRUCKS
RAD,FRNT,HON,DRY,NIGHT,MULTI,MODERATE,FINE,NRES,CARS TRUCKS
BSP,OSR,HON,DRY,DAY,MULTI,MODERATE,FINE,NRES,CARS TRUCKS
RAD,NSR,SSW,DRY,NIGHT,SINGLE,NO,FINE,RES,EMP
BSP,MIR,HON,DRY,DAY,SINGLE,MODERATE,FINE,RES,EMP
DEPOT,NSR,SSW,DRY,DAY,SINGLE,LIGHT,FINE,UNREP,EMP
BSP,NSF,SSW,WET,DAY,MULTI,NO,RAIN,RES,EMP
RAD,NSR,SSW,DRY,DAY,SINGLE,NO,FINE,RES,EMP
BSP,OSR,SSW,DRY,DAY,MULTI,LIGHT,FINE,NRES,CARS TRUCKS
BSP,NSR,SSW,DRY,DAY,SINGLE,EXTREME,FINE,RES,EMP
RAD,OSF,TBO,DRY,DAY,MULTI,LIGHT,FINE,RES,BUS - OTHER
RAD,MIR,SSW,DRY,DUSK,MULTI,LIGHT,FINE,RES,EMP
BSP,OSR,N2T,DRY,NIGHT,MULTI,MODERATE,FINE,NRES,GEN
RAD,REAR,N2T,WET,DAY,MULTI,MODERATE,FINE,NRES,CARS TRUCKS
TIN,NSR,SSW,WET,DAWN,SINGLE,MODERATE,FINE,RES,BUS - OTHER
RAD,OSF,TBO,DRY,DAY,MULTI,LIGHT,FINE,NRES,CARS TRUCKS
RAD,OSM,TBO,DRY,DAY,MULTI,LIGHT,FINE,NRES,EMP
BSP,OSR,SSW,WET,DAY,MULTI,MODERATE,RAIN,UN3PAR,CARS TRUCKS
RAD,NSR,REVERSING,DRY,DAY,SINGLE,HEAVY,FINE,NRES,EMP
RAD,MIR,SSW,DRY,DAY,BUS,LIGHT,FINE,RES,EMP
RAD,OSR,SSW,DRY,DAY,MULTI,NO,FINE,UN3PAR,CARS TRUCKS
RAD,NSF,HON,WET,DUSK,SINGLE,LIGHT,FINE,RES,EMP
RAD,WSRE,SSW,WET,DAWN,MULTI,MODERATE,FINE,INCIDENT,BUS - OTHER
TIN,OSM,TBO,WET,DAY,MULTI,HEAVY,RAIN,NRES,GEN
RAD,OSM,SSW,DRY,DAY,SINGLE,LIGHT,FINE,RES,EMP
RAD,MIR,SSW,DRY,DAY,SINGLE,LIGHT,FINE,RES,EMP
RAD,NSF,SSW,DRY,NIGHT,SINGLE,MODERATE,FINE,RES,EMP
RAD,MIR,HON,WET,DAWN,MULTI,LIGHT,RAIN,RES,EMP
BSP,MIR,HON,DRY,DAWN,MULTI,NO,FINE,RES,EMP
RBT,FRNT,N2T,WET,DAY,MULTI,LIGHT,FINE,RES,EMP
BSP,REAR,N2T,WET,DAY,SINGLE,LIGHT,RAIN,NRES,CARS TRUCKS