location_code,damage_code,collision_code,road_code,light_code,road_type_code,traffic_code,weather_code,emp_liability_code,kpi_cause_code
RAD,NSR,SSW,DRY,DAY,BUS,HEAVY,FINE,RES,EMP
RAD,MIR,SSW,DRY,DAY,MULTI,MODERATE,FINE,NRES,CARS TRUCKS
BSP,REAR,REVERSING,DRY,DAY,MULTI,LIGHT,FINE,RES,EMP
RAD,MIR,SSW,DRY,DAY,MULTI,HEAVY,FINE,UN3PAR,CARS TRUCKS
BSP,NSF,HON,DRY,DAY,SINGLE,LIGHT,FINE,RES,EMP
RAD,NSR,HON,DRY,DAWN,SINGLE,LIGHT,FINE,NRES,BUS - OTHER
RAD,NSR,SSW,DRY,DAY,SINGLE,LIGHT,FINE,RES,EMP
BSP,REAR,N2T,DRY,DAY,MULTI,MODERATE,FINE,NRES,CARS TRUCKS
RAD,NSF,SSW,DRY,DAY,BUS,HEAVY,FINE,RES,BUS - OTHER
RBT,NSF,HON,DRY,DAY,SINGLE,LIGHT,FINE,RES,EMP
RAD,NSM,SSW,DRY,DAY,SINGLE,NO,FINE,RES,EMP
BSP,FRNT,N2T,DRY,DAY,BUS,NO,FINE,NRES,CARS TRUCKS
RAD,FRNT,HON,DRY,DAY,SINGLE,MODERATE,FINE,RES,EMP
BSP,MIR,SSW,DRY,NIGHT,SINGLE,NO,FINE,RES,EMP
RAD,NSM,SSW,DRY,DAY,SINGLE,HEAVY,FINE,RES,EMP
BSP,REAR,N2T,DRY,DAY,MULTI,MODERATE,FINE,NRES,CARS TRUCKS
BSP,MIR,SSW,DRY,DAY,SINGLE,LIGHT,FINE,RES,EMP
RAD,MIR,SSW,DRY,DAY,MULTI,HEAVY,FINE,UN3PAR,CARS TRUCKS
TIN,NSM,TBO,DRY,DUSK,SINGLE,HEAVY,FINE,RES,EMP
RAD,REAR,HON,WET,NIGHT,MULTI,HEAVY,RAIN,NRES,EMP
RAD,FRNT,N2T,WET,NIGHT,SINGLE,LIGHT,RAIN,RES,EMP
RAD,OSR,BTMO,DRY,DAY,SINGLE,MODERATE,FINE,NRES,CARS TRUCKS
BSP,NSF,SSW,DRY,DAY,SINGLE,LIGHT,FINE,RES,EMP
BSP,NSF,SSW,DRY,DAY,BUS,NO,FINE,RES,EMP
RAD,NSF,REVERSING,DRY,DAY,SINGLE,LIGHT,FINE,RES,BUS - OTHER
TIN,NSF,SSW,DRY,DAY,SINGLE,LIGHT,FINE,RES,EMP
RAD,NSM,HON,DRY,DAY,SINGLE,LIGHT,FINE,NRES,CARS TRUCKS
RAD,OSR,SSW,DRY,DAY,SINGLE,LIGHT,FINE,NRES,EMP
RAD,FRNT,HON,DRY,DAY,SINGLE,HEAVY,FINE,OTHERBUS,EMP
BSP,MIR,SSW,DRY,DAY,SINGLE,HEAVY,FINE,RES,EMP
TIN,NSF,SSW,DRY,DAWN,MULTI,MODERATE,FINE,RES,EMP
BSP,NSR,TAI,DRY,DAY,BUS,MODERATE,FINE,RES,EMP
RAD,NSF,SSW,DRY,DAY,MULTI,LIGHT,FINE,INCIDENT,OTH
RAD,OSF,REVERSING,DRY,DAY,SINGLE,LIGHT,FINE,NRES,CARS TRUCKS
BSP,MIR,SSW,DRY,DAY,SINGLE,LIGHT,FINE,UN3PAR,CARS TRUCKS
RAD,TOPR,ROO,DRY,DAWN,MULTI,LIGHT,FINE,RES,BUS - OTHER
RAD,REAR,REVERSING,DRY,DAY,MULTI,HEAVY,FINE,RES,BUS - OTHER
RAD,NSR,SSW,WET,DAY,MULTI,LIGHT,RAIN,RES,EMP
RAD,NSR,HON,DRY,DAWN,MULTI,HEAVY,FINE,UN3PAR,EMP
RAD,MIR,HON,DRY,NIGHT,SINGLE,LIGHT,FINE,INCIDENT,EMP
XRD,NSM,SSW,DRY,DUSK,MULTI,EXTREME,FINE,RES,BUS - OTHER
RAD,NSR,SSW,WET,STREET,SINGLE,NO,RAIN,RES,BUS - OTHER
BSP,OSM,SSW,DRY,NIGHT,SINGLE,NO,FINE,RES,BUS - OTHER
RAD,NSR,SSW,DRY,DAY,MULTI,HEAVY,FINE,RES,EMP
BSP,MIR,SSW,DRY,DAY,SINGLE,MODERATE,FINE,RES,BUS - OTHER
RAD,NSF,SSW,WET,DAY,MULTI,LIGHT,RAIN,RES,ENV
RAD,NSF,HON,DRY,DAY,SINGLE,NO,FINE,INCIDENT,OTH
TIN,OSR,SSW,DRY,DAY,SINGLE,NO,FINE,RES,EMP
RAD,NSR,SSW,DRY,DAY,SINGLE,LIGHT,FINE,RES,EMP
BSP,OSR,HON,DRY,DAY,SINGLE,LIGHT,FINE,UN3PAR,EMP
RAD,OSF,SSW,WET,DAY,MULTI,MODERATE,RAIN,NRES,CARS TRUCKS
BSP,NSM,SSW,DRY,DAY,BUS,MODERATE,FINE,RES,EMP
RAD,NSF,SSW,DRY,DAY,SINGLE,LIGHT,FINE,UN3PAR,BUS - OTHER
RAD,NSM,SSW,WET,DAY,MULTI,MODERATE,FINE,RES,EMP
RAD,NSR,SSW,DRY,DAY,SINGLE,LIGHT,FINE,UNREP,BUS - OTHER
BSP,WIN,SSW,WET,DAY,MULTI,MODERATE,RAIN,NRES,CARS TRUCKS
RAD,OSM,TBO,DRY,DAY,SINGLE,LIGHT,FINE,NRES,CARS TRUCKS
RAD,REAR,BTMO,DRY,DAY,SINGLE,NO,FINE,RES,EMP
RAD,REAR,N2T,DRY,DAY,SINGLE,LIGHT,FINE,NRES,CARS TRUCKS
TIN,OSF,TBO,DRY,DAY,SINGLE,HEAVY,FINE,NRES,EMP
RAD,MIR,SSW,DRY,DAY,MULTI,LIGHT,FINE,RES,EMP
BSP,OSR,SSW,DRY,DAY,SINGLE,LIGHT,FINE,NRES,CARS TRUCKS
RAD,OSF,SSW,WET,DAY,MULTI,HEAVY,RAIN,UN3PAR,CARS TRUCKS
TIN,FRNT,N2T,DRY,DAY,SINGLE,LIGHT,FINE,NRES,EMP
RAD,MIR,SSW,DRY,DAY,MULTI,HEAVY,FINE,RES,EMP
TIN,NSR,SSW,DRY,NIGHT,MULTI,MODERATE,FINE,RES,EMP
RAD,NSM,SSW,DRY,DAY,MULTI,NO,FINE,NRES,EMP
RAD,NSR,SSW,DRY,DAY,SINGLE,NO,FINE,NRES,CARS TRUCKS
BSP,MIR,SSW,DRY,DAY,SINGLE,LIGHT,FINE,NRES,CARS TRUCKS
BSP,NSF,REVERSING,DRY,DAY,SINGLE,NO,FINE,RES,EMP
BSP,OSR,TAI,DRY,DAY,BUS,HEAVY,FINE,RES,EMP
BSP,NSM,SSW,DRY,DAY,SINGLE,MODERATE,FINE,RES,EMP
RAD,NSF,REVERSING,DRY,DAY,SINGLE,LIGHT,FINE,NRES,CARS TRUCKS
RAD,NSR,TBO,DRY,DAY,MULTI,MODERATE,FINE,NRES,EMP
RAD,MIR,SSW,WET,DAWN,SINGLE,LIGHT,FOG,RES,BUS - OTHER
XRD,OSR,SSW,DRY,DAY,MULTI,HEAVY,FINE,UN3PAR,GEN
BSP,REAR,REVERSING,DRY,DAY,SINGLE,LIGHT,FINE,RES,EMP
RBT,REAR,REVERSING,DRY,DAY,SINGLE,NO,FINE,RES,EMP
BSP,NSM,SSW,DRY,NIGHT,SINGLE,NO,FINE,INCIDENT,PAS
RBT,OSM,SSW,DRY,DAY,MULTI,MODERATE,FINE,UN3PAR,CARS TRUCKS
RAD,NSR,SSW,DRY,DAY,MULTI,NO,FINE,UN3PAR,GEN
RAD,NSM,SSW,DRY,STREET,MULTI,NO,FINE,INCIDENT,GEN
BSP,NSR,SSW,DRY,NIGHT,MULTI,LIGHT,FINE,RES,EMP
RAD,NSF,BTMO,WET,DAY,MULTI,MODERATE,RAIN,INCIDENT,EMP
BSP,NSM,SSW,SLIP,NIGHT,BUS,MODERATE,RAIN,RES,EMP
RAD,OSM,N2T,DRY,DAY,MULTI,MODERATE,FINE,NRES,CARS TRUCKS
RAD,NSR,SSW,DRY,DAY,MULTI,LIGHT,RAIN,RES,EMP
RAD,FRNT,REVERSING,DRY,DAY,SINGLE,LIGHT,FINE,NRES,CARS TRUCKS
RAD,NSR,SSW,DRY,NIGHT,MULTI,MODERATE,FOG,RES,EMP
RAD,OSR,N2T,WET,DAY,MULTI,LIGHT,RAIN,NRES,CARS TRUCKS
RAD,OSR,TBO,WET,DAY,SINGLE,NO,RAIN,NRES,CARS TRUCKS
BSP,OSR,REVERSING,SLIP,DAY,SINGLE,LIGHT,RAIN,NRES,CARS TRUCKS
BSP,OSF,SSW,DRY,DAY,MULTI,MODERATE,FINE,NRES,GEN
RAD,WSRE,N2T,DRY,DAY,SINGLE,LIGHT,FINE,OTHERBUS,EMP
TIN,NSR,SSW,DRY,DAY,MULTI,MODERATE,FINE,RES,EMP
RAD,NSF,HON,DRY,DAY,SINGLE,LIGHT,FINE,RES,EMP
RAD,FRNT,HON,DRY,DAY,MULTI,MODERATE,FINE,RES,BUS - OTHER
RBT,OSM,SSW,DRY,DAY,SINGLE,MODERATE,FINE,RES,EMP
RAD,OSF,SSW,DRY,DAY,MULTI,LIGHT,FINE,RES,EMP
BSP,NSM,SSW,DRY,DAY,SINGLE,HEAVY,FINE,RES,BUS - OTHER
BSP,OSR,SSW,DRY,DAY,SINGLE,MODERATE,FINE,OTHERBUS,BUS - OTHER
BSP,OSR,SSW,DRY,DAY,MULTI,MODERATE,FINE,NRES,CARS TRUCKS
RAD,OSR,N2T,DRY,DAY,MULTI,LIGHT,FINE,NRES,CARS TRUCKS
RAD,NSM,SSW,DRY,DAY,MULTI,LIGHT,FINE,NRES,CARS TRUCKS
RAD,MIR,SSW,WET,DAY,MULTI,MODERATE,RAIN,RES,BUS - OTHER
RBT,NSF,BTMO,DRY,DAY,SINGLE,LIGHT,FINE,RES,EMP
RAD,NSF,SSW,WET,NIGHT,SINGLE,LIGHT,FOG,INCIDENT,BUS - OTHER
BSP,NSF,SSW,DRY,DAY,SINGLE,NO,FINE,RES,BUS - OTHER
RAD,FRNT,N2T,DRY,DAY,SINGLE,LIGHT,FINE,RES,CARS TRUCKS
BSP,MIR,SSW,DRY,DAY,SINGLE,LIGHT,FINE,RES,BUS - OTHER
RBT,NSF,SSW,DRY,DAY,SINGLE,LIGHT,FINE,RES,EMP
RAD,NSR,TBO,DRY,DAY,MULTI,LIGHT,FINE,NRES,CARS TRUCKS
BSP,OSR,SSW,DRY,DAY,BUS,MODERATE,FINE,OTHERBUS,BUS - OTHER
RAD,OSR,TAI,WET,DAY,MULTI,LIGHT,RAIN,RES,EMP
XRD,REAR,N2T,DRY,DAY,MULTI,MODERATE,FINE,NRES,CARS TRUCKS
RBT,NSR,TAI,DRY,DAY,MULTI,MODERATE,FINE,RES,EMP
RAD,NSM,SSW,DRY,DAY,SINGLE,MODERATE,FINE,RES,BUS - OTHER
RBT,NSM,SSW,DRY,DAY,SINGLE,MODERATE,FINE,RES,EMP
RAD,FRNT,HON,DRY,DAY,SINGLE,HEAVY,FINE,RES,BUS - OTHER
RAD,NSR,SSW,DRY,DAY,SINGLE,HEAVY,FINE,RES,EMP
BSP,OSR,TAI,DRY,DAY,SINGLE,LIGHT,FINE,NRES,CARS TRUCKS
RAD,FRNT,SSW,DRY,DAY,MULTI,MODERATE,FINE,UN3PAR,EMP
RAD,OSF,SSW,DRY,DAY,MULTI,LIGHT,FINE,UN3PAR,CARS TRUCKS
RBT,OSM,SSW,DRY,DAY,SINGLE,LIGHT,FINE,NRES,CARS TRUCKS
BSP,REAR,SSW,DRY,DAY,MULTI,LIGHT,FINE,NRES,CARS TRUCKS
RAD,NSR,SSW,DRY,DAY,SINGLE,MODERATE,FINE,RES,EMP
RAD,OSR,SSW,DRY,DAY,SINGLE,MODERATE,FINE,RES,BUS - OTHER
RAD,OSR,N2T,DRY,DAWN,MULTI,LIGHT,FINE,NRES,CARS TRUCKS
RAD,FRNT,SSW,DRY,DAY,MULTI,LIGHT,FINE,NRES,GEN
RAD,FRNT,HON,DRY,DAY,MULTI,MODERATE,FINE,NRES,CARS TRUCKS
BSP,OSR,N2T,DRY,DAY,MULTI,HEAVY,FINE,NRES,EMP
BSP,NSF,HON,WET,DAY,SINGLE,LIGHT,RAIN,RES,EMP
RAD,MIR,SSW,DRY,DAY,MULTI,MODERATE,FINE,RES,EMP
BSP,NSR,SSW,WET,DAY,BUS,NO,FINE,RES,EMP
BSP,REAR,N2T,DRY,DAY,BUS,MODERATE,FINE,NRES,CARS TRUCKS
BSP,MIR,SSW,DRY,DAWN,SINGLE,NO,FINE,RES,EMP
BSP,NSR,SSW,DRY,NIGHT,SINGLE,LIGHT,FINE,RES,EMP
BSP,WSRE,HON,DRY,DAY,SINGLE,NO,FINE,RES,EMP
RAD,REAR,SSW,DRY,DAY,MULTI,MODERATE,FINE,RES,BUS - OTHER
RBT,NSM,SSW,WET,DAY,BUS,LIGHT,RAIN,RES,EMP
RAD,REAR,N2T,DRY,DAY,SINGLE,LIGHT,FINE,NRES,CARS TRUCKS
TIN,NSR,SSW,DRY,DAY,SINGLE,HEAVY,FINE,RES,EMP
RAD,FRNT,SSW,DRY,DAY,SINGLE,NO,FINE,RES,EMP
RAD,NSF,TBO,DRY,DUSK,SINGLE,EXTREME,FINE,RES,CARS TRUCKS
RAD,NSF,ROO,DRY,DAY,MULTI,LIGHT,FINE,RES,EMP
RAD,NSF,SSW,DRY,DAY,SINGLE,LIGHT,FINE,RES,EMP
RAD,NSR,SSW,DRY,DAY,SINGLE,LIGHT,FINE,UNREP,OTH
RAD,NSR,TAI,DRY,DAY,BUS,NO,FINE,RES,EMP
XRD,OSR,TAI,DRY,DAY,MULTI,HEAVY,FINE,UN3PAR,EMP
XRD,NSM,SSW,DRY,DAY,SINGLE,HEAVY,FINE,RES,CARS TRUCKS
RAD,MIR,SSW,WET,DAY,SINGLE,MODERATE,FINE,RES,EMP
RAD,NSM,SSW,WET,DUSK,MULTI,HEAVY,RAIN,INCIDENT,ENV
RAD,NSR,SSW,WET,DAY,SINGLE,MODERATE,RAIN,RES,EMP
RAD,NSF,SSW,DRY,NIGHT,SINGLE,NO,FINE,INCIDENT,ENV
BSP,OSM,REVERSING,DRY,DAY,BUS,MODERATE,FINE,NRES,CARS TRUCKS
RAD,NSR,SSW,DRY,DAY,SINGLE,NO,FINE,RES,EMP
BSP,MIR,SSW,WET,DUSK,MULTI,LIGHT,RAIN,RES,EMP
XRD,OSR,TAI,DRY,DAY,MULTI,MODERATE,FINE,RES,BUS - OTHER
RAD,WSRE,SSW,DRY,DAY,SINGLE,HEAVY,FINE,RES,BUS - OTHER
RAD,OSR,SSW,DRY,DAY,MULTI,HEAVY,FINE,UN3PAR,BUS - OTHER
RAD,NSM,SSW,WET,DAY,MULTI,MODERATE,RAIN,RES,EMP
RAD,NSR,SSW,DRY,DAY,MULTI,MODERATE,FINE,RES,EMP
RAD,REAR,N2T,DRY,DAY,SINGLE,MODERATE,FINE,NRES,CARS TRUCKS
BSP,OSR,SSW,DRY,DAY,MULTI,HEAVY,FINE,NRES,CARS TRUCKS
RAD,OSM,SSW,DRY,DAY,SINGLE,LIGHT,FINE,RES,EMP
RAD,NSF,SSW,WET,DUSK,MULTI,MODERATE,RAIN,RES,EMP
RAD,NSM,SSW,DRY,NIGHT,SINGLE,NO,FINE,INCIDENT,GEN
BSP,OSF,SSW,DRY,DAY,SINGLE,NO,FINE,NRES,CARS TRUCKS
RAD,NSM,TAI,DRY,NIGHT,SINGLE,NO,FINE,RES,EMP
RAD,REAR,N2T,DRY,DAY,MULTI,MODERATE,FINE,NRES,CARS TRUCKS
RAD,REAR,REVERSING,DRY,DAY,MULTI,NO,FINE,RES,BUS - OTHER
BSP,OSM,SSW,DRY,NIGHT,SINGLE,NO,FINE,RES,EMP
RAD,REAR,SSW,DRY,DAY,SINGLE,MODERATE,FINE,RES,EMP
RAD,NSM,SSW,DRY,DAWN,SINGLE,HEAVY,FINE,RES,EMP
RAD,OSR,SSW,DRY,DAY,MULTI,MODERATE,SUN,NRES,CARS TRUCKS
RAD,NSR,TBO,DRY,DUSK,MULTI,LIGHT,FINE,NRES,CARS TRUCKS
XRD,FRNT,TBO,DRY,DAY,MULTI,LIGHT,FINE,NRES,CARS TRUCKS
RAD,NSF,SSW,DRY,DAY,SINGLE,LIGHT,FINE,NRES,CARS TRUCKS
XRD,NSM,SSW,DRY,DAY,BUS,NO,FINE,RES,EMP
TIN,OSM,SSW,DRY,DAY,MULTI,MODERATE,FINE,NRES,BUS - OTHER
BSP,OSF,SSW,DRY,DAY,SINGLE,MODERATE,FINE,OTHERBUS,CARS TRUCKS
RAD,OSR,SSW,DRY,DAY,SINGLE,LIGHT,FINE,RES,EMP
RAD,REAR,TAI,DRY,DAY,MULTI,HEAVY,FINE,RES,EMP
RAD,MIR,SSW,DRY,DAY,MULTI,NO,FINE,UN3PAR,CARS TRUCKS
RAD,MIR,SSW,WET,DAY,MULTI,HEAVY,RAIN,RES,EMP
BSP,OSM,SSW,DRY,DAY,BUS,NO,FINE,RES,BUS - OTHER
RAD,NSF,SSW,DRY,DAY,SINGLE,LIGHT,SUN,INCIDENT,EMP
RAD,NSF,REVERSING,DRY,DAY,SINGLE,NO,FINE,RES,EMP
RAD,FRNT,REVERSING,WET,DAY,SINGLE,LIGHT,RAIN,UN3PAR,GEN
RAD,REAR,REVERSING,DRY,DAY,BUS,LIGHT,FINE,RES,EMP
XRD,NSF,SSW,DRY,DAY,MULTI,LIGHT,FINE,RES,EMP
TIN,MIR,TAI,DRY,DAY,MULTI,HEAVY,FINE,RES,EMP
RAD,OSR,SSW,DRY,DAY,MULTI,LIGHT,FINE,NRES,CARS TRUCKS
BSP,NSR,REVERSING,DRY,DAY,SINGLE,NO,FINE,RES,EMP
RAD,OSM,SSW,DRY,DAY,SINGLE,EXTREME,FINE,RES,EMP
BSP,MIR,SSW,SLIP,DAWN,BUS,NO,FOG,RES,EMP
RAD,FRNT,TBO,DRY,DAY,SINGLE,LIGHT,FINE,RES,EMP
XRD,NSR,SSW,DRY,DAY,SINGLE,LIGHT,FINE,NRES,CARS TRUCKS
BSP,OSR,SSW,DRY,DAY,BUS,NO,FINE,RES,EMP
BSP,NSF,SSW,DRY,DAY,SINGLE,MODERATE,FINE,RES,EMP
RAD,MIR,SSW,DRY,DAY,BUS,MODERATE,FINE,UN3PAR,EMP
RAD,TOPF,ROO,DRY,DAY,SINGLE,LIGHT,FINE,RES,EMP
RAD,NSF,BTMO,DRY,DAY,SINGLE,LIGHT,FINE,RES,EMP
RAD,NSR,SSW,SLIP,DAY,MULTI,MODERATE,FOG,NRES,CARS TRUCKS
RAD,NSR,SSW,DRY,DAY,SINGLE,HEAVY,FINE,RES,EMP
XRD,OSR,SSW,DRY,DAY,SINGLE,HEAVY,FINE,RES,EMP
RAD,REAR,TBO,DRY,DAY,SINGLE,HEAVY,FINE,NRES,CARS TRUCKS
RAD,NSR,SSW,DRY,DAY,SINGLE,NO,FINE,RES,EMP
BSP,NSR,SSW,DRY,DAY,MULTI,LIGHT,FINE,RES,EMP
RAD,NSR,SSW,DRY,DAY,SINGLE,LIGHT,FINE,INCIDENT,EMP
BSP,MIR,SSW,DRY,DAY,MULTI,LIGHT,FINE,UN3PAR,CARS TRUCKS
BSP,NSR,TAI,DRY,DAY,SINGLE,LIGHT,FINE,RES,EMP
BSP,FRNT,HON,DRY,NIGHT,MULTI,LIGHT,FINE,RES,EMP
RAD,NSF,SSW,WET,DAY,SINGLE,LIGHT,RAIN,INCIDENT,ENV
RAD,NSR,SSW,DRY,DAY,SINGLE,LIGHT,FINE,INCIDENT,GEN
RAD,NSR,SSW,DRY,DAWN,SINGLE,LIGHT,FINE,RES,EMP
BSP,NSR,TAI,DRY,DAY,BUS,LIGHT,FINE,RES,BUS - OTHER
RAD,OSM,TAI,DRY,DAY,MULTI,MODERATE,FINE,RES,EMP
RAD,OSM,SSW,DRY,DAY,MULTI,NO,FINE,RES,BUS - OTHER
RAD,MIR,SSW,WET,DAY,MULTI,LIGHT,RAIN,RES,BUS - OTHER
RAD,OSM,SSW,DRY,DAY,SINGLE,LIGHT,FINE,RES,EMP
RAD,REAR,TAI,DRY,DAY,SINGLE,LIGHT,FINE,RES,EMP
RAD,NSR,SSW,DRY,DAY,SINGLE,HEAVY,FINE,RES,EMP
RAD,NSR,SSW,DRY,DAY,MULTI,LIGHT,FINE,RES,EMP
BSP,NSR,SSW,DRY,DAWN,SINGLE,HEAVY,FINE,RES,EMP
BSP,OSR,REVERSING,DRY,DAY,SINGLE,NO,FOG,RES,EMP
RAD,FRNT,HON,DRY,NIGHT,SINGLE,NO,FINE,RES,EMP
RAD,NSR,TAI,DRY,DAY,SINGLE,LIGHT,FINE,RES,EMP
RBT,NSR,HON,DRY,DAY,SINGLE,HEAVY,FINE,RES,CARS TRUCKS
XRD,MIR,SSW,DRY,DAY,MULTI,MODERATE,FINE,RES,CARS TRUCKS
BSP,OSR,SSW,DRY,DAY,MULTI,MODERATE,FINE,UN3PAR,CARS TRUCKS
XRD,FRNT,HON,SLIP,DAY,MULTI,LIGHT,RAIN,RES,EMP
XRD,NSR,SSW,WET,DAWN,MULTI,LIGHT,RAIN,RES,BUS - OTHER
RAD,NSR,SSW,DRY,DAY,MULTI,EXTREME,FINE,RES,BUS - OTHER
BSP,OSR,SSW,DRY,DAY,BUS,NO,FINE,OTHERBUS,BUS - OTHER
BSP,NSR,SSW,DRY,DAY,BUS,LIGHT,FINE,RES,EMP
RAD,REAR,BTMO,DRY,DAY,MULTI,LIGHT,FINE,NRES,CARS TRUCKS
BSP,OSM,SSW,DRY,DAY,MULTI,LIGHT,FINE,RES,CARS TRUCKS
RAD,NSM,SSW,DRY,DAY,SINGLE,NO,FINE,RES,EMP
RAD,OSR,SSW,DRY,DAY,MULTI,HEAVY,FINE,NRES,CARS TRUCKS
RAD,NSM,SSW,DRY,DAY,SINGLE,LIGHT,FINE,RES,EMP
RAD,REAR,N2T,WET,DAY,SINGLE,MODERATE,FINE,NRES,CARS TRUCKS
BSP,MIR,HON,DRY,DAY,MULTI,LIGHT,FINE,UN3PAR,CARS TRUCKS
RAD,MIR,SSW,DRY,STREET,SINGLE,HEAVY,FINE,UN3PAR,EMP
BSP,NSR,TAI,DRY,DAY,BUS,LIGHT,FINE,RES,EMP
RBT,FRNT,BTMO,DRY,DAY,MULTI,NO,FINE,RES,BUS - OTHER
BSP,REAR,N2T,DRY,DUSK,MULTI,HEAVY,FINE,UN3PAR,CARS TRUCKS
RBT,NSR,SSW,WET,DAY,SINGLE,HEAVY,RAIN,RES,EMP
RAD,FRNT,N2T,DRY,DUSK,MULTI,MODERATE,FINE,RES,EMP
BSP,REAR,REVERSING,DRY,DAY,SINGLE,LIGHT,FINE,RES,EMP
RAD,NSR,SSW,WET,DAY,MULTI,MODERATE,FINE,NRES,CARS TRUCKS
BSP,NSR,SSW,DRY,DAY,BUS,HEAVY,FINE,RES,EMP
RAD,NSM,SSW,DRY,NIGHT,MULTI,NO,FINE,RES,EMP
RAD,NSR,SSW,DRY,DAY,MULTI,LIGHT,FINE,NRES,CARS TRUCKS
XRD,NSF,SSW,DRY,DAY,MULTI,HEAVY,FINE,NRES,CARS TRUCKS
TIN,OSF,SSW,DRY,DAY,SINGLE,MODERATE,FINE,RES,EMP
BSP,NSR,SSW,DRY,NIGHT,MULTI,MODERATE,FINE,INCIDENT,PAS
RAD,MIR,SSW,DRY,DAY,SINGLE,LIGHT,FINE,UN3PAR,CARS TRUCKS
XRD,MIR,SSW,DRY,DAY,MULTI,EXTREME,FINE,RES,EMP
RAD,NSF,SSW,DRY,DAY,MULTI,HEAVY,FINE,RES,CARS TRUCKS
RAD,FRNT,SSW,DRY,DUSK,MULTI,LIGHT,FINE,NRES,CARS TRUCKS
RAD,NSM,SSW,WET,DAY,MULTI,MODERATE,RAIN,INCIDENT,EMP
BSP,OSR,SSW,DRY,DAY,SINGLE,LIGHT,FINE,NRES,EMP
RAD,OSR,SSW,DRY,DAY,SINGLE,HEAVY,FINE,RES,EMP
RAD,MIR,SSW,DRY,DAY,MULTI,MODERATE,FINE,UN3PAR,GEN
BSP,MIR,SSW,DRY,NIGHT,MULTI,NO,FINE,RES,BUS - OTHER
TIN,NSM,SSW,DRY,NIGHT,SINGLE,LIGHT,FINE,RES,EMP
RAD,OSR,TAI,DRY,DUSK,SINGLE,MODERATE,FINE,RES,EMP
RAD,MIR,SSW,DRY,DAY,SINGLE,NO,FINE,RES,CARS TRUCKS
RAD,NSF,SSW,DRY,DAY,SINGLE,NO,FINE,INCIDENT,BUS - OTHER
RAD,MIR,SSW,DRY,DAY,MULTI,LIGHT,FINE,RES,EMP
RAD,MIR,SSW,DRY,DAY,SINGLE,LIGHT,FINE,UN3PAR,CARS TRUCKS
RAD,NSR,TAI,DRY,DAY,BUS,NO,FINE,RES,EMP
BSP,OSR,HON,DRY,DAY,SINGLE,LIGHT,FINE,UN3PAR,EMP
RAD,MIR,SSW,DRY,DAY,SINGLE,LIGHT,FINE,UN3PAR,CARS TRUCKS
XRD,OSR,TAI,DRY,DAY,MULTI,LIGHT,FINE,RES,EMP
RAD,FRNT,N2T,DRY,NIGHT,SINGLE,MODERATE,FINE,RES,CARS TRUCKS
RAD,NSR,TAI,DRY,DAWN,SINGLE,NO,FINE,RES,EMP
BSP,NSR,TAI,DRY,DAY,MULTI,LIGHT,SUN,RES,EMP
BSP,OSF,SSW,WET,STREET,MULTI,LIGHT,FINE,UN3PAR,CARS TRUCKS
RAD,NSR,SSW,DRY,DAY,SINGLE,NO,FINE,RES,BUS - OTHER
RAD,OSR,TAI,DRY,DAY,SINGLE,MODERATE,FINE,RES,EMP
RBT,OSF,SSW,WET,DAY,MULTI,HEAVY,FINE,RES,BUS - OTHER
BSP,FRNT,HON,DRY,DUSK,MULTI,HEAVY,FINE,RES,EMP
BSP,NSR,SSW,DRY,DAY,SINGLE,LIGHT,FINE,RES,BUS - OTHER
RAD,MIR,SSW,DRY,DAY,MULTI,LIGHT,FINE,RES,EMP
RAD,OSM,SSW,DRY,DAY,SINGLE,LIGHT,FINE,INCIDENT,GEN
BSP,OSR,SSW,DRY,DAY,BUS,NO,FINE,RES,EMP
RAD,NSR,TAI,DRY,DAY,MULTI,EXTREME,FINE,RES,EMP
RAD,NSR,N2T,DRY,DUSK,MULTI,HEAVY,FINE,NRES,EMP
BSP,MIR,SSW,DRY,DAY,SINGLE,MODERATE,FINE,RES,EMP
RAD,OSR,TAI,DRY,DAY,MULTI,LIGHT,FINE,RES,BUS - OTHER
TIN,NSF,TBO,DRY,DAY,MULTI,LIGHT,FINE,NRES,CARS TRUCKS
BSP,NSR,SSW,DRY,DAY,BUS,LIGHT,FINE,UN3PAR,CARS TRUCKS
RAD,FRNT,SSW,DRY,DAY,SINGLE,NO,FINE,INCIDENT,EMP
RBT,FRNT,HON,DRY,DAY,SINGLE,LIGHT,FINE,RES,BUS - OTHER
RAD,OSM,SSW,DRY,NIGHT,MULTI,LIGHT,FINE,RES,EMP
RAD,NSM,SSW,DRY,DAY,MULTI,HEAVY,FINE,RES,EMP
RAD,OSM,SSW,DRY,DAY,MULTI,EXTREME,FINE,NRES,CARS TRUCKS
RAD,MIR,SSW,DRY,NIGHT,MULTI,LIGHT,FINE,INCIDENT,OTH