location_code,damage_code,collision_code,road_code,light_code,road_type_code,traffic_code,weather_code,emp_liability_code,kpi_cause_code
RAD,NSM,SSW,DRY,DUSK,SINGLE,EXTREME,FINE,RES,BUS - OTHER
RAD,NSR,SSW,DRY,DAY,SINGLE,LIGHT,FINE,RES,EMP
TIN,NSM,TBO,DRY,DAY,SINGLE,NO,FINE,NRES,CARS TRUCKS
BSP,OSR,SSW,DRY,DAY,SINGLE,LIGHT,FINE,NRES,BUS - OTHER
BSP,MIR,SSW,DRY,DAY,SINGLE,LIGHT,FINE,RES,EMP
RAD,MIR,SSW,DRY,DAY,SINGLE,LIGHT,FINE,RES,CARS TRUCKS
RAD,MIR,SSW,DRY,DAY,MULTI,MODERATE,FINE,NRES,EMP
BSP,NSM,SSW,DRY,DAY,SINGLE,HEAVY,FINE,RES,EMP
RAD,NSR,BTMO,DRY,DAY,SINGLE,NO,FINE,RES,EMP
BSP,MIR,SSW,DRY,DAY,BUS,NO,FINE,RES,EMP
RAD,NSR,SSW,DRY,DAY,SINGLE,LIGHT,FINE,RES,EMP
XRD,FRNT,TBO,DRY,DAY,MULTI,LIGHT,FINE,NRES,BUS - OTHER
BSP,NSF,SSW,DRY,DAY,SINGLE,NO,FINE,RES,EMP
BSP,FRNT,ROO,DRY,DAY,SINGLE,LIGHT,FINE,RES,EMP
RAD,OSM,SSW,DRY,DAY,SINGLE,LIGHT,FINE,RES,EMP
RAD,NSR,TAI,DRY,DAY,SINGLE,NO,FINE,RES,EMP
BSP,REAR,HON,DRY,DAY,BUS,MODERATE,FINE,NRES,CARS TRUCKS
RAD,REAR,N2T,DRY,DAY,MULTI,HEAVY,FINE,NRES,BUS BRAKING
BSP,NSR,SSW,DRY,DAY,SINGLE,MODERATE,FINE,UNREP,OTH
RAD,NSR,SSW,WET,NIGHT,SINGLE,HEAVY,FINE,NRES,EMP
RAD,OSR,SSW,WET,DAY,SINGLE,LIGHT,RAIN,RES,EMP
RAD,MIR,SSW,DRY,DAY,SINGLE,LIGHT,FINE,RES,EMP
RAD,NSM,SSW,DRY,DAY,SINGLE,EXTREME,FINE,RES,EMP
RAD,NSF,SSW,DRY,DAY,SINGLE,LIGHT,SUN,NRES,CARS TRUCKS
RBT,NSF,SSW,WET,DUSK,SINGLE,NO,FINE,RES,EMP
RAD,REAR,HON,DRY,DAY,SINGLE,LIGHT,FINE,NRES,EMP
RAD,OSR,TAI,DRY,DAY,SINGLE,LIGHT,FINE,RES,EMP
RAD,NSR,TAI,WET,DAY,SINGLE,MODERATE,RAIN,RES,EMP
BSP,NSR,N2T,DRY,DAY,SINGLE,LIGHT,FINE,NRES,CARS TRUCKS
BSP,MIR,SSW,DRY,DAY,SINGLE,NO,FINE,UN3PAR,CARS TRUCKS
RAD,NSR,REVERSING,DRY,NIGHT,SINGLE,MODERATE,FINE,RES,EMP
RAD,NSR,SSW,DRY,NIGHT,BUS,NO,FINE,RES,EMP
BSP,MIR,SSW,DRY,NIGHT,BUS,LIGHT,FINE,RES,EMP
RAD,NSR,TBO,DRY,NIGHT,SINGLE,NO,FINE,NRES,OTH
TIN,NSM,SSW,SLIP,DAY,MULTI,HEAVY,RAIN,RES,EMP
XRD,MIR,HON,DRY,DAY,MULTI,MODERATE,FINE,RES,EMP
RAD,NSR,SSW,DRY,DAY,BUS,EXTREME,FINE,RES,EMP
BSP,NSF,SSW,DRY,DAY,BUS,LIGHT,FINE,RES,EMP
RBT,OSF,TBO,WET,DAWN,SINGLE,NO,RAIN,RES,CARS TRUCKS
RAD,MIR,SSW,DRY,DAY,BUS,NO,FINE,OTHERBUS,BUS - OTHER
BSP,MIR,SSW,DRY,DAY,SINGLE,LIGHT,FINE,RES,EMP
RAD,OSM,SSW,SLIP,DAY,MULTI,MODERATE,FINE,UN3PAR,CARS TRUCKS
RAD,NSF,SSW,DRY,DAY,SINGLE,LIGHT,FINE,RES,EMP
BSP,REAR,SSW,DRY,DUSK,BUS,LIGHT,FINE,OTHERBUS,BUS - OTHER
RAD,MIR,SSW,DRY,DAY,SINGLE,MODERATE,FINE,RES,EMP
XRD,OSM,SSW,DRY,DAY,MULTI,HEAVY,FINE,RES,EMP
BSP,OSR,N2T,DRY,DUSK,BUS,NO,FINE,OTHERBUS,BUS - OTHER
RAD,NSR,SSW,DRY,DAY,MULTI,MODERATE,FINE,RES,BUS - OTHER
RAD,NSR,TBO,DRY,DAY,SINGLE,LIGHT,FINE,NRES,CARS TRUCKS
RAD,OSR,SSW,DRY,DAY,SINGLE,NO,FINE,RES,EMP
RAD,REAR,REVERSING,DRY,DAY,BUS,LIGHT,FINE,RES,BUS - OTHER
XRD,NSM,SSW,DRY,DAY,MULTI,LIGHT,FINE,NRES,BUS - OTHER
BSP,MIR,SSW,DRY,DAY,SINGLE,MODERATE,FINE,UN3PAR,CARS TRUCKS
RAD,NSF,SSW,DRY,NIGHT,SINGLE,LIGHT,FINE,NRES,CARS TRUCKS
BSP,NSM,SSW,DRY,DUSK,SINGLE,NO,FINE,RES,EMP
BSP,REAR,REVERSING,DRY,DAY,MULTI,MODERATE,FINE,RES,EMP
RAD,NSR,SSW,DRY,DAY,MULTI,MODERATE,FINE,NRES,CARS TRUCKS
RBT,NSF,SSW,DRY,DAY,MULTI,MODERATE,FINE,NRES,CARS TRUCKS
RAD,OSF,SSW,WET,DAWN,MULTI,MODERATE,RAIN,NRES,CARS TRUCKS
RAD,REAR,N2T,DRY,DAY,MULTI,LIGHT,FINE,NRES,CARS TRUCKS
RAD,OSM,SSW,DRY,DAY,SINGLE,NO,FINE,RES,BUS - OTHER
RAD,FRNT,SSW,DRY,DUSK,SINGLE,HEAVY,FINE,RES,BUS - OTHER
BSP,NSR,TAI,DRY,DAY,SINGLE,NO,FINE,RES,EMP
RAD,NSF,SSW,DRY,DAY,MULTI,MODERATE,FINE,RES,GEN
RAD,MIR,SSW,DRY,DAY,MULTI,MODERATE,FINE,RES,BUS - OTHER
RAD,OSR,TAI,DRY,DAY,SINGLE,LIGHT,FINE,RES,EMP
BSP,NSR,SSW,WET,DAY,MULTI,HEAVY,RAIN,RES,EMP
RAD,OSR,SSW,DRY,DAY,SINGLE,NO,FINE,RES,EMP
RAD,MIR,SSW,DRY,DAY,MULTI,MODERATE,FINE,RES,EMP
RAD,NSR,REVERSING,DRY,DAY,MULTI,LIGHT,FINE,NRES,EMP
DEPOT,FRNT,N2T,DRY,DAY,MULTI,LIGHT,FINE,RES,BUS - OTHER
RAD,OSR,SSW,DRY,DAY,SINGLE,LIGHT,FINE,RES,BUS - OTHER
RAD,OSR,REVERSING,DRY,DAY,SINGLE,LIGHT,FINE,RES,EMP
RAD,OSF,SSW,DRY,DAY,MULTI,MODERATE,FINE,UN3PAR,CARS TRUCKS
BSP,REAR,HON,DRY,DAY,MULTI,LIGHT,FINE,NRES,CARS TRUCKS
RAD,NSF,SSW,DRY,DAY,SINGLE,NO,FINE,RES,EMP
RAD,MIR,SSW,SLIP,DAY,MULTI,HEAVY,RAIN,RES,EMP
BSP,NSF,SSW,WET,NIGHT,SINGLE,MODERATE,RAIN,RES,EMP
BSP,REAR,REVERSING,DRY,DAY,BUS,NO,FINE,RES,EMP
RAD,NSM,SSW,DRY,DAY,BUS,HEAVY,FINE,RES,EMP
BSP,NSR,TAI,WET,DAY,SINGLE,NO,RAIN,RES,EMP
BSP,OSF,SSW,DRY,DAY,MULTI,EXTREME,FINE,UN3PAR,EMP
BSP,OSF,SSW,DRY,DAWN,SINGLE,MODERATE,FINE,RES,BUS - OTHER
BSP,OSR,N2T,DRY,DAY,SINGLE,NO,FINE,NRES,CARS TRUCKS
RAD,MIR,SSW,DRY,DAY,SINGLE,MODERATE,FINE,RES,EMP
TIN,REAR,TAI,DRY,DAY,MULTI,MODERATE,FINE,RES,EMP
BSP,MIR,SSW,DRY,DAY,BUS,NO,FINE,RES,EMP
RAD,NSR,SSW,DRY,DAY,SINGLE,LIGHT,FINE,RES,EMP
BSP,MIR,SSW,DRY,DAY,SINGLE,LIGHT,FINE,RES,EMP
RAD,NSR,SSW,DRY,DAY,SINGLE,LIGHT,FINE,NRES,CARS TRUCKS
RAD,NSF,SSW,DRY,DAY,MULTI,HEAVY,FINE,RES,EMP
TIN,REAR,N2T,DRY,DAY,SINGLE,LIGHT,FINE,NRES,CARS TRUCKS
RBT,NSR,TAI,DRY,DAY,SINGLE,NO,FINE,RES,BUS - OTHER
RAD,NSR,REVERSING,DRY,DAY,BUS,EXTREME,FINE,RES,EMP
RAD,NSR,SSW,DRY,DAY,SINGLE,MODERATE,FINE,RES,EMP
RAD,NSR,N2T,DRY,DAY,MULTI,HEAVY,FINE,NRES,EMP
BSP,NSR,TAI,DRY,DAY,BUS,NO,FINE,RES,EMP
RAD,NSR,SSW,WET,DAY,SINGLE,NO,RAIN,RES,EMP
RAD,NSR,SSW,WET,DAY,SINGLE,NO,RAIN,RES,EMP
RAD,MIR,SSW,DRY,DAY,SINGLE,LIGHT,FINE,RES,EMP
RAD,OSM,TBO,DRY,DAY,SINGLE,NO,FINE,NRES,CARS TRUCKS
RAD,NSR,SSW,DRY,DAY,SINGLE,LIGHT,FINE,RES,EMP
RAD,REAR,SSW,DRY,NIGHT,SINGLE,NO,FINE,INCIDENT,OTH
BSP,OSF,SSW,WET,DAY,MULTI,HEAVY,FINE,UN3PAR,CARS TRUCKS
RBT,OSF,N2T,DRY,DAY,MULTI,HEAVY,FINE,RES,EMP
RAD,OSR,TAI,WET,NIGHT,SINGLE,LIGHT,RAIN,RES,EMP
RAD,OSR,SSW,DRY,DAY,MULTI,LIGHT,FINE,RES,CARS TRUCKS
BSP,NSR,SSW,DRY,DAY,SINGLE,MODERATE,FINE,RES,EMP
RAD,MIR,SSW,DRY,DAY,BUS,LIGHT,FINE,NRES,CARS TRUCKS
RAD,NSR,SSW,DRY,DAY,SINGLE,LIGHT,FINE,RES,BUS - OTHER
BSP,OSR,SSW,DRY,DAY,MULTI,HEAVY,FINE,NRES,CARS TRUCKS
RAD,REAR,N2T,DRY,DAY,SINGLE,MODERATE,FINE,NRES,CARS TRUCKS
XRD,MIR,SSW,DRY,DAY,MULTI,LIGHT,FINE,RES,EMP
RAD,NSF,SSW,DRY,DAY,SINGLE,NO,FINE,RES,EMP
BSP,NSR,SSW,DRY,DAY,SINGLE,LIGHT,FINE,RES,BUS - OTHER
RAD,OSR,SSW,DRY,DAY,MULTI,LIGHT,FINE,RES,EMP
BSP,MIR,SSW,DRY,DAY,BUS,MODERATE,FINE,NRES,CARS TRUCKS
RAD,NSM,SSW,DRY,DAY,SINGLE,LIGHT,FINE,RES,EMP
RAD,NSR,TAI,DRY,DAY,SINGLE,LIGHT,FINE,RES,EMP
RAD,NSR,SSW,SLIP,DAY,SINGLE,MODERATE,ICE,RES,BUS - OTHER
RAD,MIR,SSW,DRY,DAY,BUS,LIGHT,FINE,RES,EMP
BSP,MIR,SSW,DRY,DUSK,BUS,LIGHT,FINE,RES,EMP
XRD,OSR,SSW,DRY,DAY,MULTI,HEAVY,FINE,NRES,CARS TRUCKS
RAD,MIR,SSW,DRY,DAY,MULTI,LIGHT,FINE,UN3PAR,GEN
BSP,MIR,SSW,DRY,DAY,SINGLE,MODERATE,FINE,UN3PAR,CARS TRUCKS
RAD,OSM,SSW,DRY,DAY,MULTI,LIGHT,FINE,RES,EMP
XRD,OSR,SSW,DRY,DAWN,BUS,HEAVY,FINE,RES,EMP
RAD,FRNT,SSW,DRY,DAY,MULTI,HEAVY,FINE,UN3PAR,CARS TRUCKS
RAD,NSM,SSW,DRY,DAY,MULTI,HEAVY,FINE,NRES,CARS TRUCKS
BSP,MIR,SSW,DRY,NIGHT,SINGLE,NO,FINE,RES,EMP
RAD,NSM,TAI,DRY,DAY,SINGLE,MODERATE,FINE,RES,EMP
RAD,REAR,BTMO,DRY,DAY,MULTI,HEAVY,FINE,NRES,CARS TRUCKS
BSP,MIR,TAI,DRY,DAY,BUS,MODERATE,FINE,RES,EMP
BSP,MIR,SSW,DRY,DUSK,SINGLE,MODERATE,FINE,OTHERBUS,EMP
RAD,NSR,SSW,DRY,DAY,MULTI,HEAVY,FINE,NRES,CARS TRUCKS
RAD,NSM,SSW,DRY,DAY,SINGLE,MODERATE,FINE,RES,EMP
BSP,NSR,SSW,DRY,DAY,BUS,LIGHT,FINE,RES,EMP
RAD,OSM,SSW,SLIP,NIGHT,MULTI,HEAVY,RAIN,NRES,CARS TRUCKS
BSP,NSF,ROO,DRY,DAY,MULTI,MODERATE,FINE,RES,EMP
BSP,MIR,SSW,DRY,DAY,SINGLE,MODERATE,FINE,UN3PAR,CARS TRUCKS
RBT,NSR,SSW,WET,DAWN,SINGLE,NO,RAIN,RES,EMP
RAD,MIR,SSW,DRY,DAY,MULTI,MODERATE,FINE,UN3PAR,CARS TRUCKS
RAD,MIR,SSW,DRY,DAY,MULTI,LIGHT,FINE,NRES,GEN
RAD,OSM,SSW,DRY,STREET,SINGLE,HEAVY,FINE,NRES,EMP
RAD,NSR,SSW,DRY,DAY,SINGLE,MODERATE,FINE,RES,EMP
RAD,NSR,SSW,DRY,DAY,SINGLE,EXTREME,FINE,RES,EMP
RAD,NSM,TAI,DRY,NIGHT,SINGLE,LIGHT,FINE,RES,EMP
RAD,NSF,SSW,WET,NIGHT,SINGLE,MODERATE,RAIN,RES,CARS TRUCKS
RAD,NSR,SSW,DRY,DAY,SINGLE,MODERATE,FINE,RES,EMP
XRD,NSM,HON,DRY,DAY,MULTI,LIGHT,FINE,NRES,CARS TRUCKS
RAD,NSF,HON,DRY,DAY,SINGLE,LIGHT,FINE,RES,BUS - OTHER
XRD,NSM,SSW,DRY,DAY,MULTI,LIGHT,FINE,RES,EMP
RBT,NSR,SSW,DRY,DAY,SINGLE,MODERATE,FINE,RES,EMP
RAD,OSM,SSW,DRY,DAY,SINGLE,LIGHT,FINE,NRES,CARS TRUCKS
RAD,REAR,REVERSING,DRY,DAY,SINGLE,NO,FINE,RES,EMP
RAD,OSM,SSW,DRY,DAY,SINGLE,LIGHT,FINE,RES,CARS TRUCKS
RAD,NSR,SSW,DRY,DAY,SINGLE,HEAVY,FINE,NRES,CARS TRUCKS
XRD,NSF,HON,WET,DAY,MULTI,HEAVY,RAIN,RES,EMP
RAD,FRNT,SSW,WET,DAWN,SINGLE,LIGHT,RAIN,INCIDENT,EMP
RAD,NSR,SSW,DRY,NIGHT,SINGLE,HEAVY,FINE,RES,EMP
BSP,FRNT,SSW,DRY,DAY,BUS,LIGHT,FINE,NRES,CARS TRUCKS
RAD,NSR,SSW,DRY,DAY,SINGLE,MODERATE,FINE,NRES,BUS - OTHER
TIN,NSF,SSW,DRY,DAY,SINGLE,LIGHT,FINE,RES,EMP
BSP,TOPF,SSW,WET,DAY,BUS,LIGHT,RAIN,RES,CARS TRUCKS
RAD,OSR,SSW,DRY,DAY,SINGLE,NO,FINE,RES,EMP
RAD,OSR,SSW,WET,DAY,MULTI,HEAVY,RAIN,RES,EMP
XRD,FRNT,REVERSING,DRY,DUSK,MULTI,LIGHT,FINE,NRES,BUS - OTHER
RAD,NSR,SSW,DRY,DAY,SINGLE,NO,SUN,RES,EMP
BSP,OSF,SSW,DRY,DAY,SINGLE,NO,FINE,RES,EMP
RAD,NSF,SSW,DRY,DAY,MULTI,LIGHT,FINE,NRES,GEN
RBT,NSM,SSW,DRY,DAY,SINGLE,LIGHT,FINE,RES,EMP
RAD,REAR,TAI,DRY,DAY,MULTI,MODERATE,FINE,RES,EMP
RAD,WSRE,SSW,DRY,DAY,SINGLE,LIGHT,FINE,RES,EMP
BSP,MIR,SSW,WET,NIGHT,SINGLE,MODERATE,RAIN,RES,EMP
RAD,NSR,SSW,DRY,DUSK,SINGLE,HEAVY,FINE,RES,EMP
BSP,OSF,HON,DRY,DUSK,BUS,EXTREME,FINE,RES,EMP
RAD,MIR,SSW,DRY,DAY,MULTI,HEAVY,FINE,RES,BUS - OTHER
RAD,MIR,SSW,DRY,DAY,MULTI,LIGHT,FINE,RES,EMP
RAD,FRNT,HON,DRY,DAY,SINGLE,LIGHT,RAIN,RES,BUS - OTHER
RBT,NSF,BTMO,DRY,DAY,SINGLE,LIGHT,FINE,RES,EMP
RAD,FRNT,SSW,DRY,DAY,SINGLE,HEAVY,FINE,UN3PAR,BUS - OTHER
BSP,NSR,SSW,DRY,DAY,BUS,LIGHT,FINE,RES,EMP
RAD,OSF,SSW,DRY,DAY,BUS,HEAVY,FINE,OTHERBUS,CARS TRUCKS
RAD,NSM,TBO,DRY,NIGHT,SINGLE,NO,FINE,RES,EMP
BSP,OSR,TAI,DRY,DAY,SINGLE,HEAVY,FINE,OTHERBUS,EMP
RAD,OSM,SSW,DRY,DAY,MULTI,LIGHT,FINE,NRES,EMP
XRD,NSM,SSW,DRY,DAWN,MULTI,HEAVY,FINE,RES,EMP
RAD,NSM,SSW,WET,NIGHT,MULTI,MODERATE,RAIN,INCIDENT,ENV
RAD,OSR,SSW,DRY,DAY,SINGLE,LIGHT,FINE,NRES,EMP
BSP,MIR,SSW,DRY,DAY,SINGLE,LIGHT,FINE,RES,EMP
RAD,NSR,SSW,DRY,DAY,SINGLE,NO,FINE,RES,CARS TRUCKS
BSP,MIR,SSW,DRY,DAY,SINGLE,HEAVY,FINE,RES,EMP
BSP,NSR,SSW,DRY,STREET,BUS,MODERATE,FINE,OTHERBUS,EMP
BSP,FRNT,SSW,DRY,DAY,BUS,NO,FINE,RES,EMP
RAD,NSF,SSW,DRY,DAY,SINGLE,LIGHT,FINE,RES,EMP
RBT,NSM,SSW,DRY,DAY,MULTI,LIGHT,FINE,NRES,CARS TRUCKS
RAD,WIN,SSW,DRY,DAY,MULTI,LIGHT,RAIN,RES,EMP
RAD,TOPF,ROO,DRY,DAY,SINGLE,LIGHT,FINE,RES,BUS - OTHER
RAD,NSR,TAI,DRY,DAY,BUS,LIGHT,FINE,RES,EMP
RAD,NSR,TAI,DRY,DAY,MULTI,HEAVY,FINE,RES,EMP
RAD,NSR,SSW,DRY,DAY,SINGLE,EXTREME,FINE,RES,EMP
RAD,MIR,SSW,DRY,DAY,MULTI,HEAVY,FINE,RES,EMP
BSP,OSR,SSW,DRY,DAY,BUS,LIGHT,FINE,NRES,CARS TRUCKS
RAD,REAR,N2T,DRY,STREET,SINGLE,LIGHT,FINE,UN3PAR,CARS TRUCKS
BSP,FRNT,N2T,DRY,DAY,SINGLE,NO,FINE,RES,EMP
BSP,NSR,SSW,DRY,DAWN,SINGLE,LIGHT,FINE,NRES,CARS TRUCKS
RBT,FRNT,BTMO,SLIP,DAY,SINGLE,NO,RAIN,RES,EMP
BSP,OSM,SSW,DRY,DAY,MULTI,HEAVY,FINE,NRES,CARS TRUCKS
BSP,NSR,SSW,DRY,DAY,MULTI,HEAVY,FINE,UN3PAR,CARS TRUCKS
BSP,MIR,HON,DRY,DAWN,SINGLE,LIGHT,FINE,RES,BUS - OTHER
RAD,NSR,SSW,DRY,DAY,SINGLE,HEAVY,FINE,RES,EMP
RAD,NSR,SSW,DRY,DAY,MULTI,HEAVY,FINE,NRES,CARS TRUCKS
RAD,REAR,SSW,DRY,DAY,SINGLE,NO,FINE,RES,EMP
BSP,OSR,SSW,DRY,DAY,SINGLE,NO,FINE,RES,SURFING
RAD,MIR,SSW,DRY,DAY,SINGLE,MODERATE,FINE,RES,CARS TRUCKS
RAD,OSR,TBO,DRY,NIGHT,MULTI,LIGHT,FINE,NRES,CARS TRUCKS
BSP,OSR,SSW,DRY,DAY,BUS,LIGHT,FINE,RES,EMP
RAD,FRNT,TAI,DRY,DAY,MULTI,HEAVY,FINE,RES,BUS - OTHER
BSP,NSR,SSW,WET,DAY,SINGLE,LIGHT,FINE,RES,EMP
BSP,WSRE,SSW,DRY,DAY,SINGLE,NO,FINE,OTHERBUS,BUS - OTHER
RAD,NSF,SSW,WET,NIGHT,SINGLE,MODERATE,RAIN,NRES,CARS TRUCKS
DEPOT,MIR,SSW,DRY,DAY,MULTI,MODERATE,FINE,NRES,EMP
BSP,OSF,SSW,DRY,DAY,MULTI,HEAVY,FINE,UN3PAR,CARS TRUCKS
RAD,FRNT,N2T,WET,DAY,MULTI,LIGHT,RAIN,RES,EMP
XRD,NSF,SSW,DRY,DUSK,MULTI,NO,FINE,RES,BUS - OTHER
RBT,REAR,N2T,DRY,DAY,MULTI,MODERATE,FINE,NRES,CARS TRUCKS
BSP,NSM,SSW,DRY,DAY,MULTI,LIGHT,FINE,RES,EMP
RAD,OSR,SSW,DRY,DAY,SINGLE,LIGHT,FINE,RES,EMP
BSP,OSR,SSW,DRY,DUSK,BUS,NO,FINE,NRES,BUS - OTHER
RAD,WSRE,SSW,DRY,DAY,SINGLE,LIGHT,SUN,RES,EMP
RAD,MIR,SSW,DRY,DAY,SINGLE,MODERATE,FINE,RES,CARS TRUCKS
RAD,NSR,SSW,DRY,DAY,SINGLE,LIGHT,FINE,INCIDENT,CARS TRUCKS
RAD,MIR,SSW,DRY,NIGHT,MULTI,LIGHT,FINE,RES,EMP
BSP,NSR,SSW,DRY,DAY,SINGLE,LIGHT,FINE,OTHERBUS,CARS TRUCKS
RAD,NSR,N2T,DRY,DAY,MULTI,MODERATE,FINE,NRES,CARS TRUCKS
RAD,NSF,SSW,DRY,DAY,MULTI,LIGHT,FINE,NRES,CARS TRUCKS
XRD,NSF,SSW,DRY,DAY,MULTI,HEAVY,FINE,RES,EMP
RAD,NSR,SSW,DRY,DAY,SINGLE,LIGHT,FINE,RES,EMP
BSP,NSR,SSW,DRY,DAY,SINGLE,NO,FINE,RES,EMP
RBT,FRNT,HON,DRY,DAY,SINGLE,NO,FINE,RES,EMP
BSP,NSR,SSW,DRY,DAY,BUS,LIGHT,FINE,OTHERBUS,BUS - OTHER
RAD,NSR,SSW,DRY,DAY,SINGLE,LIGHT,FINE,INCIDENT,PAS
RAD,NSF,ROO,DRY,DAY,SINGLE,NO,FINE,RES,EMP
BSP,FRNT,ROO,WET,DAY,BUS,LIGHT,FINE,RES,EMP
RAD,NSR,SSW,DRY,DAY,MULTI,LIGHT,FINE,UN3PAR,GEN
RAD,NSR,TBO,DRY,DAY,MULTI,HEAVY,FINE,RES,EMP
TIN,OSM,SSW,DRY,DUSK,SINGLE,MODERATE,FINE,RES,EMP
RAD,FRNT,N2T,DRY,DAY,MULTI,HEAVY,FINE,OTHERBUS,BUS - OTHER
RAD,NSR,BTMO,DRY,DAY,SINGLE,EXTREME,FINE,RES,BUS - OTHER
RAD,OSF,SSW,DRY,DAY,MULTI,LIGHT,FINE,NRES,CARS TRUCKS
XRD,NSR,SSW,DRY,DAY,SINGLE,NO,FINE,RES,BUS - OTHER
BSP,NSR,REVERSING,DRY,DAY,SINGLE,LIGHT,FINE,UN3PAR,GEN
BSP,NSF,SSW,DRY,DAY,MULTI,HEAVY,FINE,RES,OTH
RAD,FRNT,HON,DRY,NIGHT,MULTI,LIGHT,FINE,INCIDENT,OTH
RAD,NSR,SSW,DRY,DAY,MULTI,LIGHT,FINE,UN3PAR,BUS - OTHER
XRD,OSR,SSW,DRY,DAY,MULTI,MODERATE,FINE,RES,EMP
XRD,MIR,SSW,DRY,DAY,MULTI,HEAVY,FINE,NRES,CARS TRUCKS
RAD,MIR,SSW,DRY,DAY,MULTI,LIGHT,FINE,RES,BUS - OTHER
BSP,OSR,SSW,DRY,DAY,MULTI,NO,FINE,NRES,OTH
RAD,MIR,SSW,DRY,DAY,MULTI,LIGHT,FINE,NRES,CARS TRUCKS
RAD,OSR,TAI,DRY,DAY,MULTI,MODERATE,FINE,RES,BUS - OTHER
BSP,NSF,SSW,DRY,DAWN,SINGLE,LIGHT,FINE,RES,EMP
BSP,OSR,SSW,DRY,DAY,MULTI,MODERATE,FINE,UN3PAR,CARS TRUCKS
RAD,TOPF,HON,DRY,DAY,SINGLE,LIGHT,FINE,RES,EMP
RAD,MIR,HON,DRY,DAY,SINGLE,HEAVY,FINE,UN3PAR,CARS TRUCKS
RAD,FRNT,SSW,DRY,DAY,BUS,NO,FINE,RES,BUS - OTHER
XRD,FRNT,N2T,DRY,DAY,MULTI,MODERATE,FINE,RES,EMP
RAD,NSR,TAI,DRY,DAY,MULTI,NO,FINE,RES,EMP
TIN,NSM,TBO,DRY,DAY,SINGLE,LIGHT,FINE,NRES,CARS TRUCKS
RAD,FRNT,SSW,DRY,DAY,MULTI,MODERATE,FINE,NRES,CARS TRUCKS
XRD,OSF,SSW,DRY,NIGHT,SINGLE,LIGHT,FINE,UN3PAR,CARS TRUCKS
XRD,OSM,SSW,DRY,DAY,MULTI,HEAVY,SUN,RES,EMP
RAD,OSR,TAI,DRY,DUSK,MULTI,MODERATE,SUN,RES,EMP
RAD,NSR,SSW,DRY,DAY,SINGLE,HEAVY,FINE,RES,EMP
BSP,NSM,SSW,DRY,DAY,MULTI,HEAVY,FINE,RES,EMP
RAD,OSR,SSW,DRY,NIGHT,MULTI,LIGHT,FINE,NRES,EMP
RAD,FRNT,TBO,DRY,DAY,SINGLE,MODERATE,FINE,NRES,EMP
RAD,MIR,SSW,DRY,DAY,MULTI,MODERATE,FINE,UN3PAR,CARS TRUCKS
BSP,REAR,N2T,DRY,DAY,MULTI,MODERATE,FINE,NRES,CARS TRUCKS
XRD,NSM,SSW,DRY,DAY,MULTI,HEAVY,FINE,NRES,CARS TRUCKS
BSP,NSR,REVERSING,WET,DAWN,BUS,NO,RAIN,RES,BUS - OTHER
BSP,REAR,TBO,WET,DAY,BUS,HEAVY,RAIN,NRES,CARS TRUCKS
BSP,OSR,SSW,DRY,DAY,SINGLE,LIGHT,FINE,NRES,EMP
BSP,OSR,TAI,SLIP,DAY,BUS,LIGHT,RAIN,RES,EMP
BSP,OSR,SSW,DRY,DAY,SINGLE,NO,FINE,NRES,CARS TRUCKS
BSP,NSM,SSW,DRY,DUSK,BUS,NO,FINE,OTHERBUS,EMP
BSP,OSF,SSW,DRY,DAY,MULTI,LIGHT,FINE,INCIDENT,GEN
RAD,FRNT,HON,DRY,DAY,SINGLE,LIGHT,FINE,INCIDENT,BUS - OTHER
BSP,NSM,SSW,DRY,DUSK,SINGLE,LIGHT,FINE,RES,BUS - OTHER
RBT,OSF,HON,DRY,DAY,SINGLE,LIGHT,FINE,RES,EMP
RAD,OSR,SSW,DRY,DAY,SINGLE,NO,FINE,RES,BUS - OTHER
BSP,NSF,SSW,DRY,DAY,MULTI,LIGHT,FINE,UN3PAR,ALCO/DRUG
XRD,OSM,SSW,DRY,NIGHT,SINGLE,NO,FINE,RES,EMP
RAD,OSR,SSW,DRY,DAY,MULTI,HEAVY,FINE,NRES,CARS TRUCKS
XRD,MIR,SSW,DRY,DAY,MULTI,HEAVY,FINE,RES,EMP
RAD,TOPR,ROO,DRY,DAY,SINGLE,NO,FINE,RES,EMP
XRD,NSF,SSW,SLIP,DAY,MULTI,MODERATE,RAIN,OTHERBUS,EMP
XRD,NSM,SSW,DRY,DAY,MULTI,MODERATE,FINE,RES,EMP
RAD,OSR,SSW,DRY,DAY,SINGLE,LIGHT,FINE,NRES,CARS TRUCKS
TIN,FRNT,HON,DRY,DAY,MULTI,EXTREME,FINE,RES,EMP
BSP,OSF,N2T,DRY,DAY,SINGLE,NO,FINE,RES,EMP
RAD,OSR,SSW,DRY,DAY,MULTI,LIGHT,FINE,RES,EMP
RAD,FRNT,TBO,DRY,DAY,SINGLE,HEAVY,FINE,NRES,CARS TRUCKS