location_code,damage_code,collision_code,road_code,light_code,road_type_code,traffic_code,weather_code,emp_liability_code,kpi_cause_code
BSP,OSR,TAI,DRY,DAY,SINGLE,LIGHT,FINE,RES,EMP
RAD,OSM,REVERSING,DRY,DAY,SINGLE,NO,FINE,NRES,EMP
RAD,MIR,SSW,DRY,DAY,MULTI,LIGHT,FINE,NRES,CARS TRUCKS
RAD,NSR,N2T,DRY,DAY,MULTI,LIGHT,FINE,UN3PAR,CARS TRUCKS
RAD,MIR,SSW,DRY,NIGHT,SINGLE,MODERATE,FINE,NRES,CARS TRUCKS
RAD,FRNT,HON,WET,NIGHT,MULTI,MODERATE,RAIN,INCIDENT,OTH
XRD,OSR,SSW,DRY,DAY,MULTI,LIGHT,FINE,RES,EMP
TIN,OSF,SSW,DRY,DAY,MULTI,LIGHT,FINE,OTHERBUS,CARS TRUCKS
RAD,OSR,TAI,DRY,DAY,SINGLE,LIGHT,FINE,NRES,BUS - OTHER
BSP,NSR,SSW,DRY,DUSK,SINGLE,LIGHT,FINE,RES,EMP
TIN,NSR,SSW,DRY,DAY,SINGLE,MODERATE,FINE,RES,BUS - OTHER
XRD,OSM,SSW,DRY,DAY,SINGLE,MODERATE,FINE,RES,EMP
RAD,NSR,SSW,DRY,DAY,SINGLE,HEAVY,FINE,RES,EMP
TIN,FRNT,HON,DRY,DAY,MULTI,LIGHT,FINE,RES,EMP
RAD,FRNT,SSW,DRY,DAY,MULTI,MODERATE,FINE,NRES,CARS TRUCKS
RAD,OSR,SSW,DRY,DAY,SINGLE,HEAVY,FINE,NRES,EMP
RAD,NSF,REVERSING,DRY,DAWN,SINGLE,EXTREME,FINE,NRES,GEN
RAD,NSF,SSW,DRY,DAY,SINGLE,NO,FINE,RES,EMP
RAD,NSR,TAI,DRY,DAY,SINGLE,NO,FINE,RES,EMP
XRD,MIR,SSW,DRY,DAY,MULTI,LIGHT,FINE,RES,EMP
BSP,NSR,TAI,DRY,DAY,MULTI,HEAVY,FINE,NRES,CARS TRUCKS
BSP,REAR,BTMO,DRY,DAY,MULTI,HEAVY,FINE,NRES,CARS TRUCKS
XRD,OSF,SSW,DRY,DAY,MULTI,HEAVY,FINE,NRES,BUS - OTHER
RAD,NSM,SSW,DRY,DAY,SINGLE,LIGHT,FINE,RES,EMP
BSP,MIR,SSW,DRY,DAY,SINGLE,NO,FINE,RES,EMP
RAD,OSM,SSW,DRY,DAY,MULTI,LIGHT,FINE,NRES,CARS TRUCKS
RAD,MIR,SSW,WET,DAY,SINGLE,EXTREME,RAIN,RES,EMP
RAD,OSR,SSW,DRY,DAY,SINGLE,NO,FINE,NRES,CARS TRUCKS
BSP,NSR,SSW,DRY,DAY,BUS,MODERATE,FINE,RES,EMP
RAD,NSR,SSW,WET,DAY,MULTI,MODERATE,RAIN,NRES,CARS TRUCKS
RAD,NSR,SSW,WET,DAY,MULTI,LIGHT,RAIN,RES,EMP
XRD,MIR,SSW,DRY,DAY,MULTI,LIGHT,FINE,NRES,CARS TRUCKS
XRD,FRNT,SSW,DRY,DAY,MULTI,LIGHT,FINE,NRES,EMP
RAD,NSR,SSW,DRY,DAY,SINGLE,LIGHT,FINE,RES,BUS - OTHER
RAD,NSF,SSW,DRY,NIGHT,MULTI,LIGHT,FINE,RES,EMP
XRD,NSR,SSW,DRY,NIGHT,MULTI,MODERATE,FINE,RES,EMP
RAD,OSR,SSW,DRY,DAY,MULTI,HEAVY,FINE,NRES,CARS TRUCKS
RAD,NSR,SSW,DRY,DAY,SINGLE,LIGHT,FINE,RES,CARS TRUCKS
RAD,FRNT,ROO,DRY,DAY,SINGLE,LIGHT,FINE,RES,EMP
XRD,FRNT,TBO,DRY,DAY,MULTI,LIGHT,FINE,NRES,CARS TRUCKS
RAD,OSR,TAI,DRY,DAY,SINGLE,MODERATE,FINE,RES,EMP
BSP,OSR,BTMO,DRY,DAY,MULTI,LIGHT,FINE,NRES,CARS TRUCKS
RAD,FRNT,TBO,DRY,NIGHT,MULTI,LIGHT,FINE,NRES,CARS TRUCKS
RBT,NSR,BTMO,DRY,DAY,SINGLE,LIGHT,FINE,INCIDENT,ENV
RAD,NSR,SSW,DRY,DAY,MULTI,MODERATE,FINE,NRES,CARS TRUCKS
RAD,NSF,SSW,DRY,DAY,MULTI,HEAVY,FINE,NRES,CARS TRUCKS
RAD,NSM,SSW,DRY,DAY,MULTI,MODERATE,FINE,RES,EMP
RAD,NSF,SSW,DRY,DAY,SINGLE,NO,FINE,RES,EMP
BSP,OSR,TAI,DRY,DUSK,BUS,NO,FINE,OTHERBUS,BUS - OTHER
RAD,FRNT,N2T,DRY,DAY,MULTI,MODERATE,FINE,RES,EMP
RAD,FRNT,N2T,WET,DUSK,MULTI,LIGHT,RAIN,RES,BUS BRAKING
RAD,REAR,REVERSING,DRY,DAY,MULTI,LIGHT,FINE,RES,EMP
BSP,WIN,TAI,DRY,NIGHT,SINGLE,NO,FINE,RES,EMP
BSP,NSR,SSW,WET,DAWN,SINGLE,MODERATE,RAIN,RES,EMP
RAD,OSM,SSW,WET,DUSK,SINGLE,HEAVY,RAIN,NRES,EMP
TIN,OSM,SSW,DRY,DAY,MULTI,LIGHT,FINE,NRES,GEN
BSP,OSR,SSW,DRY,DAY,SINGLE,LIGHT,FINE,NRES,CARS TRUCKS
RAD,OSR,SSW,DRY,DUSK,SINGLE,LIGHT,FINE,RES,BUS - OTHER
XRD,NSR,SSW,DRY,DAY,SINGLE,EXTREME,SUN,RES,CARS TRUCKS
RAD,NSR,SSW,DRY,DAY,MULTI,LIGHT,FINE,INCIDENT,NONPOW
RBT,NSR,TBO,DRY,DAY,SINGLE,LIGHT,FINE,NRES,CARS TRUCKS
RAD,NSR,TAI,DRY,DAY,MULTI,MODERATE,FINE,RES,BUS - OTHER
XRD,NSM,SSW,DRY,DAY,MULTI,MODERATE,FINE,NRES,CARS TRUCKS
RAD,NSF,SSW,DRY,DAY,SINGLE,NO,FINE,NRES,CARS TRUCKS
BSP,OSR,TAI,DRY,DAY,SINGLE,LIGHT,FINE,RES,EMP
BSP,MIR,SSW,DRY,DAY,MULTI,HEAVY,FINE,RES,EMP
BSP,REAR,TAI,DRY,DAY,BUS,MODERATE,FINE,RES,EMP
RAD,REAR,N2T,DRY,DAY,MULTI,MODERATE,FINE,NRES,CARS TRUCKS
RAD,NSR,SSW,DRY,DAY,SINGLE,LIGHT,FINE,RES,EMP
RAD,NSR,HON,DRY,DAWN,SINGLE,LIGHT,FINE,RES,EMP
RAD,REAR,REVERSING,DRY,DAY,SINGLE,NO,FINE,RES,EMP
RAD,NSR,SSW,DRY,NIGHT,MULTI,MODERATE,FINE,OTHERBUS,EMP
RAD,OSR,SSW,DRY,DAWN,MULTI,LIGHT,FINE,NRES,CARS TRUCKS
RAD,NSR,SSW,DRY,DAY,SINGLE,MODERATE,FINE,NRES,CARS TRUCKS
RAD,FRNT,N2T,DRY,NIGHT,SINGLE,MODERATE,FINE,RES,EMP
BSP,MIR,SSW,DRY,DUSK,SINGLE,LIGHT,SUN,RES,BUS - OTHER
RBT,OSR,SSW,DRY,DAY,SINGLE,HEAVY,FINE,RES,EMP
RAD,NSR,SSW,DRY,DAY,MULTI,NO,FINE,RES,EMP
RAD,NSR,SSW,WET,DAY,SINGLE,MODERATE,FINE,RES,EMP
RAD,FRNT,HON,DRY,DAY,SINGLE,NO,FINE,RES,BUS - OTHER
RAD,NSR,SSW,DRY,DAY,SINGLE,HEAVY,FINE,RES,BUS - OTHER
RAD,OSR,SSW,DRY,DAY,MULTI,MODERATE,FINE,NRES,CARS TRUCKS
BSP,MIR,SSW,DRY,DAY,BUS,MODERATE,FINE,UN3PAR,CARS TRUCKS
RAD,NSF,SSW,DRY,DUSK,MULTI,MODERATE,FINE,RES,EMP
RAD,FRNT,N2T,DRY,DUSK,MULTI,LIGHT,FINE,NRES,CARS TRUCKS
RAD,NSR,SSW,DRY,DAY,SINGLE,LIGHT,FINE,NRES,GEN
RAD,NSF,SSW,WET,DAY,MULTI,LIGHT,FINE,INCIDENT,BUS - OTHER
RAD,NSR,SSW,DRY,DAY,SINGLE,LIGHT,FINE,PEND,EMP
RAD,NSR,SSW,DRY,DAY,SINGLE,MODERATE,FINE,NRES,EMP
RAD,REAR,N2T,DRY,DAY,SINGLE,MODERATE,FINE,NRES,CARS TRUCKS
RAD,NSR,REVERSING,DRY,DAY,SINGLE,LIGHT,FINE,RES,BUS - OTHER
RBT,NSM,TBO,WET,DAY,MULTI,MODERATE,RAIN,NRES,CARS TRUCKS
RAD,NSR,SSW,DRY,DAY,SINGLE,LIGHT,FINE,PEND,EMP
TIN,NSR,SSW,DRY,DAY,MULTI,MODERATE,FINE,NRES,CARS TRUCKS
RAD,OSF,SSW,DRY,DAY,SINGLE,HEAVY,FINE,NRES,CARS TRUCKS
RAD,MIR,SSW,DRY,DAY,MULTI,LIGHT,FINE,RES,EMP
BSP,OSR,SSW,DRY,DAY,MULTI,MODERATE,FINE,NRES,CARS TRUCKS
BSP,OSR,SSW,DRY,DAY,SINGLE,MODERATE,FINE,UN3PAR,EMP
TIN,FRNT,HON,WET,DAY,SINGLE,MODERATE,RAIN,RES,EMP
XRD,OSR,N2T,DRY,DAY,MULTI,LIGHT,FINE,UN3PAR,CARS TRUCKS
RAD,NSR,SSW,DRY,DAY,SINGLE,MODERATE,FINE,RES,CARS TRUCKS
RAD,NSR,SSW,DRY,DUSK,SINGLE,LIGHT,SUN,RES,ENV
RAD,MIR,SSW,DRY,NIGHT,SINGLE,NO,FINE,RES,BUS - OTHER
BSP,NSR,TAI,WET,DUSK,MULTI,EXTREME,RAIN,RES,EMP
RAD,FRNT,HON,DRY,DAY,MULTI,MODERATE,FINE,UN3PAR,CARS TRUCKS
TIN,OSR,SSW,DRY,DAY,SINGLE,HEAVY,FINE,NRES,CARS TRUCKS
RAD,NSR,SSW,DRY,DAY,SINGLE,LIGHT,FINE,PEND,EMP
BSP,MIR,SSW,SLIP,DAY,MULTI,MODERATE,RAIN,RES,EMP
RAD,MIR,SSW,DRY,DAY,MULTI,LIGHT,FINE,RES,EMP
TIN,NSM,TBO,DRY,DAY,MULTI,LIGHT,FINE,NRES,CARS TRUCKS
BSP,NSR,TAI,DRY,DAY,BUS,LIGHT,FINE,RES,EMP
RAD,NSF,SSW,DRY,DAY,SINGLE,LIGHT,FINE,INCIDENT,BUS - OTHER
RAD,NSR,SSW,DRY,DAY,SINGLE,LIGHT,FINE,PEND,EMP
BSP,MIR,SSW,DRY,DAY,MULTI,MODERATE,FINE,RES,EMP
RAD,NSR,SSW,SLIP,DAY,SINGLE,HEAVY,ICE,RES,BUS - OTHER
TIN,OSR,SSW,DRY,DAY,SINGLE,LIGHT,FINE,RES,EMP
BSP,FRNT,SSW,DRY,DAY,MULTI,LIGHT,FINE,RES,EMP
BSP,MIR,SSW,DRY,DAY,MULTI,LIGHT,FINE,UN3PAR,CARS TRUCKS
RAD,NSR,TAI,DRY,DAWN,BUS,EXTREME,FINE,RES,EMP
BSP,REAR,REVERSING,WET,NIGHT,BUS,NO,RAIN,RES,EMP
RAD,OSF,SSW,DRY,DAY,SINGLE,NO,FINE,OTHERBUS,EMP
BSP,NSR,TAI,WET,DUSK,BUS,LIGHT,RAIN,RES,BUS - OTHER
RAD,OSF,SSW,DRY,DAY,MULTI,LIGHT,FINE,RES,EMP
RAD,OSR,SSW,DRY,DAY,MULTI,MODERATE,FINE,NRES,CARS TRUCKS
RAD,NSR,REVERSING,DRY,DAY,SINGLE,LIGHT,FOG,RES,EMP
RAD,NSR,SSW,DRY,DAY,SINGLE,HEAVY,FINE,RES,CARS TRUCKS
RAD,OSR,SSW,DRY,DAY,BUS,MODERATE,FINE,RES,EMP
TIN,NSR,TBO,DRY,DAY,MULTI,LIGHT,FINE,NRES,CYC
XRD,REAR,N2T,DRY,DAWN,SINGLE,MODERATE,FINE,NRES,CARS TRUCKS
BSP,OSR,SSW,DRY,DAY,MULTI,LIGHT,FINE,UN3PAR,CARS TRUCKS
BSP,MIR,SSW,WET,DUSK,BUS,LIGHT,RAIN,RES,CARS TRUCKS
RAD,MIR,SSW,DRY,DAY,MULTI,LIGHT,FINE,RES,EMP
RAD,OSM,SSW,DRY,DAY,SINGLE,NO,FINE,NRES,CARS TRUCKS
BSP,MIR,SSW,DRY,DAY,MULTI,HEAVY,FINE,RES,EMP
RAD,NSR,REVERSING,WET,NIGHT,SINGLE,NO,RAIN,RES,EMP
TIN,NSM,SSW,DRY,DAY,SINGLE,MODERATE,FINE,RES,EMP
RAD,MIR,SSW,DRY,DAY,MULTI,HEAVY,FINE,UN3PAR,CARS TRUCKS
RBT,NSR,SSW,DRY,DAWN,SINGLE,NO,FINE,RES,EMP
RAD,NSR,SSW,DRY,DAY,SINGLE,LIGHT,FINE,PEND,EMP
RAD,MIR,HON,WET,DAWN,MULTI,NO,RAIN,RES,EMP
RAD,NSR,SSW,DRY,DAY,MULTI,NO,FINE,NRES,EMP
BSP,OSR,SSW,DRY,DAY,MULTI,LIGHT,FINE,NRES,CARS TRUCKS
XRD,NSF,SSW,DRY,DAY,MULTI,HEAVY,FINE,RES,EMP
RAD,OSF,SSW,DRY,DAY,BUS,MODERATE,FINE,OTHERBUS,CARS TRUCKS
RAD,NSF,SSW,DRY,DAY,MULTI,MODERATE,FINE,NRES,CARS TRUCKS
RAD,MIR,SSW,DRY,DAY,MULTI,LIGHT,FINE,RES,EMP
BSP,NSR,SSW,WET,NIGHT,BUS,NO,RAIN,RES,EMP
RAD,MIR,SSW,DRY,DUSK,SINGLE,HEAVY,FINE,OTHERBUS,EMP
TIN,OSR,TAI,DRY,DAY,MULTI,HEAVY,FINE,RES,EMP
RAD,NSR,SSW,DRY,DAY,SINGLE,MODERATE,FINE,RES,EMP
RAD,OSR,SSW,DRY,DAY,MULTI,MODERATE,FINE,RES,CARS TRUCKS
RAD,MIR,SSW,DRY,DAY,SINGLE,NO,FINE,NRES,CARS TRUCKS
BSP,MIR,SSW,DRY,DAY,MULTI,NO,FINE,RES,BUS - OTHER
TIN,NSM,SSW,DRY,DAY,MULTI,LIGHT,FINE,NRES,GEN
RAD,NSR,SSW,DRY,DAY,SINGLE,NO,FINE,UNREP,OTH
BSP,NSR,REVERSING,DRY,DAY,BUS,MODERATE,FINE,RES,EMP
RAD,NSR,SSW,WET,NIGHT,SINGLE,MODERATE,RAIN,RES,EMP
XRD,NSF,TBO,DRY,DAY,SINGLE,LIGHT,FINE,NRES,CARS TRUCKS
RAD,FRNT,HON,DRY,DAY,SINGLE,LIGHT,FINE,RES,EMP
BSP,FRNT,HON,DRY,DAWN,BUS,NO,FOG,RES,EMP
BSP,NSF,SSW,DRY,DAY,SINGLE,LIGHT,SUN,RES,CARS TRUCKS
TIN,REAR,TAI,DRY,DAY,SINGLE,EXTREME,FINE,NRES,EMP
BSP,NSM,SSW,DRY,DAY,BUS,NO,FINE,RES,EMP
RAD,NSR,SSW,DRY,DAWN,SINGLE,LIGHT,FINE,RES,CARS TRUCKS
RAD,WSRE,SSW,WET,DAY,SINGLE,LIGHT,RAIN,RES,ENV
RAD,NSR,SSW,DRY,DAY,SINGLE,LIGHT,FINE,RES,EMP
RAD,FRNT,SSW,DRY,DAY,MULTI,MODERATE,FINE,RES,EMP
BSP,MIR,SSW,DRY,DAWN,MULTI,LIGHT,FINE,UN3PAR,CARS TRUCKS
RAD,NSR,SSW,DRY,DAY,SINGLE,LIGHT,FINE,RES,EMP
XRD,MIR,SSW,DRY,DAY,SINGLE,HEAVY,SUN,RES,EMP
RAD,MIR,SSW,DRY,DAY,MULTI,HEAVY,FINE,RES,EMP
RAD,NSM,BTMO,DRY,DAY,SINGLE,LIGHT,FINE,RES,EMP
BSP,MIR,HON,DRY,DAY,SINGLE,MODERATE,FINE,RES,EMP
RAD,NSR,REVERSING,DRY,DAY,SINGLE,NO,FINE,RES,CARS TRUCKS
RAD,NSR,TAI,DRY,DUSK,BUS,NO,FINE,RES,EMP
TIN,REAR,REVERSING,DRY,DAWN,SINGLE,MODERATE,FINE,RES,EMP
TIN,OSM,SSW,DRY,DAY,MULTI,HEAVY,FINE,RES,EMP
RAD,NSR,TAI,DRY,DAY,BUS,HEAVY,FINE,RES,EMP
BSP,TOPR,TAI,DRY,DAY,SINGLE,MODERATE,FINE,RES,BUS - OTHER
RAD,MIR,HON,DRY,DAY,SINGLE,LIGHT,FINE,RES,EMP
RBT,NSR,BTMO,DRY,DAY,SINGLE,LIGHT,FINE,RES,CARS TRUCKS
RAD,NSM,TBO,DRY,DAY,MULTI,LIGHT,FINE,NRES,CARS TRUCKS
BSP,NSR,TAI,WET,DAY,SINGLE,MODERATE,RAIN,RES,EMP
RAD,REAR,SSW,DRY,DUSK,MULTI,MODERATE,FINE,NRES,CARS TRUCKS
RAD,NSR,SSW,DRY,DAY,SINGLE,LIGHT,FINE,UN3PAR,CARS TRUCKS
RAD,OSM,SSW,DRY,DAY,SINGLE,MODERATE,FINE,RES,CARS TRUCKS
BSP,NSM,SSW,DRY,DAY,SINGLE,HEAVY,FINE,RES,EMP
RAD,FRNT,SSW,DRY,DAY,MULTI,MODERATE,FINE,NRES,EMP
RAD,REAR,SSW,DRY,DAY,MULTI,MODERATE,FINE,NRES,CARS TRUCKS
RAD,MIR,SSW,DRY,DAY,SINGLE,LIGHT,FINE,RES,EMP
XRD,FRNT,HON,DRY,DAY,MULTI,LIGHT,FINE,NRES,CARS TRUCKS
RAD,NSF,SSW,DRY,DAY,SINGLE,LIGHT,FINE,RES,EMP
BSP,MIR,SSW,DRY,DAY,BUS,LIGHT,FINE,OTHERBUS,EMP
RAD,NSF,SSW,DRY,DAY,SINGLE,LIGHT,FINE,RES,EMP
RAD,NSR,SSW,DRY,DAY,MULTI,HEAVY,FINE,UN3PAR,CARS TRUCKS
TIN,NSM,SSW,DRY,DAY,BUS,LIGHT,FINE,NRES,EMP
RAD,NSR,SSW,DRY,DUSK,MULTI,LIGHT,FINE,RES,EMP
RBT,OSR,TAI,DRY,DAY,SINGLE,NO,FINE,RES,EMP
RAD,NSR,SSW,SLIP,DAY,MULTI,LIGHT,RAIN,NRES,CARS TRUCKS
RAD,NSR,HON,DRY,DAY,SINGLE,HEAVY,FINE,RES,EMP
BSP,MIR,SSW,DRY,DAY,MULTI,MODERATE,FINE,RES,EMP
RAD,REAR,REVERSING,DRY,DAWN,SINGLE,NO,FINE,RES,EMP
RAD,REAR,REVERSING,DRY,DAY,SINGLE,LIGHT,FINE,RES,EMP
BSP,MIR,HON,DRY,DUSK,MULTI,NO,FINE,RES,EMP
RAD,REAR,N2T,DRY,DAY,FREE,HEAVY,FINE,NRES,BUS - OTHER
RAD,OSM,TBO,DRY,DAY,SINGLE,NO,FINE,NRES,CARS TRUCKS
TIN,OSR,SSW,DRY,DAY,MULTI,LIGHT,FINE,UN3PAR,EMP
BSP,NSR,SSW,DRY,DUSK,SINGLE,MODERATE,FINE,RES,EMP
BSP,NSR,SSW,WET,DAY,SINGLE,NO,RAIN,RES,EMP
RAD,NSR,SSW,DRY,DAY,SINGLE,MODERATE,FINE,RES,EMP
RAD,NSF,BTMO,DRY,DAY,SINGLE,NO,FINE,RES,CARS TRUCKS
BSP,REAR,REVERSING,DRY,DAWN,BUS,LIGHT,FINE,RES,BUS - OTHER
XRD,OSR,SSW,DRY,DAY,MULTI,LIGHT,FINE,RES,EMP
RAD,REAR,BTMO,DRY,DAY,SINGLE,EXTREME,FINE,NRES,CARS TRUCKS
BSP,OSR,SSW,DRY,DAY,BUS,LIGHT,FINE,OTHERBUS,EMP
BSP,OSR,SSW,DRY,DAY,MULTI,LIGHT,FINE,NRES,CARS TRUCKS
TIN,NSF,TBO,DRY,DUSK,SINGLE,LIGHT,FINE,NRES,CARS TRUCKS
TIN,NSM,SSW,DRY,DAY,MULTI,LIGHT,FINE,NRES,CARS TRUCKS
RAD,NSR,SSW,DRY,DAY,SINGLE,LIGHT,FINE,RES,CARS TRUCKS
BSP,NSM,SSW,DRY,DAY,SINGLE,HEAVY,FINE,RES,EMP
RAD,NSR,SSW,DRY,DAY,SINGLE,LIGHT,FINE,NRES,CYC
BSP,OSR,SSW,DRY,DAY,MULTI,NO,FINE,UN3PAR,EMP
BSP,NSR,TAI,DRY,DAY,BUS,NO,FINE,RES,EMP
RAD,NSR,SSW,DRY,DAY,SINGLE,LIGHT,FINE,UN3PAR,CARS TRUCKS
RAD,REAR,REVERSING,DRY,NIGHT,MULTI,MODERATE,FINE,RES,BUS - OTHER
BSP,NSR,SSW,DRY,DAY,MULTI,HEAVY,FINE,RES,EMP
XRD,NSM,SSW,DRY,DAY,MULTI,HEAVY,FINE,UN3PAR,GEN
RAD,NSM,SSW,DRY,DAY,SINGLE,HEAVY,FINE,RES,EMP
RAD,MIR,SSW,SLIP,DAY,MULTI,MODERATE,RAIN,RES,EMP
RAD,OSM,SSW,DRY,DAY,SINGLE,LIGHT,FINE,RES,EMP
BSP,NSR,TAI,DRY,DUSK,BUS,LIGHT,FINE,RES,EMP
RAD,OSF,SSW,DRY,DAY,MULTI,HEAVY,FINE,NRES,GEN
RAD,OSR,SSW,DRY,DAY,SINGLE,NO,FINE,RES,EMP
RAD,NSF,HON,DRY,DAY,MULTI,HEAVY,FINE,RES,EMP
RAD,NSM,SSW,DRY,DAY,SINGLE,MODERATE,FINE,NRES,CARS TRUCKS
RAD,REAR,BTMO,DRY,DAY,MULTI,HEAVY,FINE,RES,CARS TRUCKS
RAD,OSR,SSW,DRY,DAY,MULTI,HEAVY,FINE,RES,GEN
BSP,MIR,SSW,DRY,DUSK,BUS,MODERATE,FINE,RES,EMP
BSP,MIR,SSW,WET,DAY,SINGLE,LIGHT,RAIN,RES,EMP
RAD,OSR,SSW,DRY,DAY,SINGLE,HEAVY,FINE,NRES,CARS TRUCKS
RAD,OSM,SSW,DRY,DAY,SINGLE,HEAVY,FINE,RES,EMP
RAD,NSR,TAI,WET,DAY,SINGLE,NO,FINE,RES,EMP
BSP,NSR,SSW,DRY,DAY,MULTI,LIGHT,FINE,UN3PAR,CARS TRUCKS
RAD,NSR,SSW,DRY,DAY,SINGLE,MODERATE,FINE,INCIDENT,CARS TRUCKS
RAD,NSM,SSW,DRY,DAY,MULTI,LIGHT,FINE,NRES,EMP
RAD,NSM,SSW,DRY,DAY,SINGLE,LIGHT,FINE,RES,EMP
RAD,NSM,SSW,DRY,DAY,MULTI,MODERATE,FINE,RES,BUS - OTHER
RAD,OSR,REVERSING,DRY,DAY,SINGLE,LIGHT,FINE,RES,EMP
BSP,MIR,SSW,DRY,DAY,SINGLE,MODERATE,FINE,RES,EMP
BSP,MIR,SSW,DRY,DAY,SINGLE,LIGHT,FINE,RES,EMP
BSP,NSR,SSW,DRY,DAY,MULTI,HEAVY,FINE,NRES,EMP
BSP,MIR,SSW,DRY,DAY,MULTI,NO,FINE,RES,EMP
BSP,NSF,SSW,DRY,DAY,BUS,NO,FINE,RES,EMP
TIN,NSR,TAI,DRY,NIGHT,MULTI,MODERATE,FINE,RES,OTH
RAD,MIR,HON,DRY,DUSK,SINGLE,HEAVY,FINE,RES,EMP
BSP,NSR,SSW,DRY,DAY,SINGLE,LIGHT,SUN,RES,EMP
RAD,FRNT,HON,DRY,DAY,MULTI,MODERATE,FINE,RES,CARS TRUCKS
RAD,REAR,BTMO,DRY,DAY,SINGLE,LIGHT,FINE,RES,EMP
BSP,NSF,SSW,DRY,DAY,SINGLE,LIGHT,FINE,RES,BUS - OTHER
BSP,FRNT,HON,DRY,DAY,SINGLE,LIGHT,FINE,RES,EMP
RAD,OSR,SSW,DRY,DAY,SINGLE,LIGHT,FINE,RES,EMP
RAD,MIR,SSW,WET,DAY,MULTI,MODERATE,RAIN,RES,BUS - OTHER
TIN,NSM,SSW,DRY,DAY,MULTI,LIGHT,FINE,NRES,CARS TRUCKS
RAD,NSR,BTMO,WET,DAY,MULTI,EXTREME,FINE,RES,EMP
RAD,NSR,SSW,DRY,DAY,SINGLE,LIGHT,FINE,NRES,GEN
BSP,NSM,SSW,DRY,DAY,SINGLE,LIGHT,FINE,RES,CARS TRUCKS
BSP,NSR,TAI,DRY,NIGHT,MULTI,NO,FINE,RES,EMP
BSP,FRNT,HON,DRY,DAY,SINGLE,NO,FINE,RES,EMP
BSP,OSR,SSW,DRY,DAY,BUS,NO,FINE,NRES,EMP
BSP,NSM,SSW,WET,DAY,MULTI,LIGHT,RAIN,RES,EMP
RAD,MIR,SSW,DRY,DAY,MULTI,LIGHT,FINE,UN3PAR,CARS TRUCKS
BSP,NSM,SSW,DRY,DAY,MULTI,LIGHT,FINE,RES,EMP
RAD,OSF,SSW,DRY,DAY,MULTI,MODERATE,FINE,NRES,CARS TRUCKS
RAD,MIR,HON,DRY,DAY,SINGLE,LIGHT,FINE,RES,BUS - OTHER
TIN,OSF,HON,WET,DAY,MULTI,MODERATE,RAIN,NRES,CARS TRUCKS
XRD,FRNT,TBO,DRY,DAY,SINGLE,MODERATE,FINE,NRES,CARS TRUCKS
BSP,FRNT,TBO,DRY,DAY,MULTI,LIGHT,FINE,NRES,CARS TRUCKS
RAD,OSF,N2T,DRY,DAY,MULTI,MODERATE,FINE,UN3PAR,CARS TRUCKS
BSP,NSM,SSW,DRY,DAY,BUS,LIGHT,FINE,RES,EMP
TIN,WIN,SSW,DRY,DAY,SINGLE,NO,FINE,RES,EMP
BSP,REAR,REVERSING,DRY,NIGHT,MULTI,NO,FINE,RES,EMP
RBT,OSM,SSW,WET,NIGHT,SINGLE,LIGHT,FINE,RES,BUS - OTHER
XRD,MIR,HON,DRY,DAY,MULTI,LIGHT,FINE,OTHERBUS,BUS - OTHER
RAD,OSF,SSW,DRY,DAY,SINGLE,LIGHT,FINE,NRES,CARS TRUCKS
RAD,NSR,SSW,DRY,DAY,SINGLE,HEAVY,FINE,RES,EMP
BSP,NSR,TAI,DRY,DAY,SINGLE,LIGHT,FOG,RES,EMP
RAD,WSRE,SSW,DRY,DAY,SINGLE,LIGHT,FINE,INCIDENT,BUS - OTHER
RBT,TOPF,HON,WET,DUSK,SINGLE,MODERATE,RAIN,RES,EMP
XRD,REAR,N2T,DRY,NIGHT,MULTI,MODERATE,FINE,UN3PAR,CARS TRUCKS
BSP,OSM,BTMO,DRY,DAY,SINGLE,NO,FINE,NRES,CARS TRUCKS
RAD,NSM,SSW,DRY,DAY,SINGLE,HEAVY,FINE,RES,EMP
XRD,MIR,SSW,DRY,DAY,MULTI,MODERATE,FINE,NRES,CARS TRUCKS
RAD,OSR,SSW,DRY,DAY,SINGLE,LIGHT,FINE,NRES,GEN
XRD,OSR,TAI,DRY,DAY,MULTI,LIGHT,FINE,RES,EMP
XRD,NSM,SSW,DRY,DAY,MULTI,HEAVY,FINE,RES,EMP
RBT,NSM,SSW,DRY,DAY,SINGLE,NO,FINE,RES,EMP
RAD,TOPR,REVERSING,DRY,DAY,MULTI,LIGHT,FINE,RES,EMP
BSP,OSR,SSW,DRY,DAY,MULTI,MODERATE,FINE,RES,CARS TRUCKS
RAD,NSR,SSW,DRY,DAY,SINGLE,LIGHT,FINE,RES,BUS - OTHER
BSP,MIR,SSW,DRY,DAY,MULTI,LIGHT,FINE,RES,EMP
BSP,REAR,REVERSING,DRY,DAY,BUS,LIGHT,FINE,RES,EMP
RAD,OSM,SSW,SLIP,DAY,SINGLE,NO,RAIN,RES,EMP