location_code,damage_code,collision_code,road_code,light_code,road_type_code,traffic_code,weather_code,emp_liability_code,kpi_cause_code
RAD,MIR,SSW,DRY,DAY,SINGLE,MODERATE,FINE,RES,BUS - OTHER
RAD,NSF,HON,WET,DAY,MULTI,LIGHT,RAIN,RES,EMP
RAD,OSR,SSW,DRY,DAY,MULTI,HEAVY,FINE,NRES,EMP
TIN,NSR,SSW,DRY,DAY,MULTI,LIGHT,FINE,NRES,CARS TRUCKS
BSP,NSR,SSW,WET,DAY,BUS,LIGHT,RAIN,OTHERBUS,EMP
RAD,NSR,SSW,DRY,DAWN,MULTI,LIGHT,FINE,NRES,CARS TRUCKS
BSP,NSR,N2T,DRY,DAY,SINGLE,HEAVY,FINE,RES,BUS - OTHER
BSP,NSF,SSW,DRY,DAY,BUS,LIGHT,FINE,RES,EMP
RAD,NSR,SSW,DRY,DAY,SINGLE,LIGHT,FINE,RES,EMP
BSP,OSR,SSW,DRY,DAY,MULTI,NO,FINE,NRES,GEN
RBT,NSM,SSW,DRY,NIGHT,SINGLE,LIGHT,FINE,RES,BUS - OTHER
BSP,MIR,SSW,WET,DAY,SINGLE,NO,RAIN,RES,EMP
RAD,NSR,TAI,DRY,DUSK,SINGLE,MODERATE,FINE,RES,EMP
RAD,NSM,SSW,DRY,DAY,SINGLE,LIGHT,FINE,RES,EMP
XRD,OSF,HON,DRY,DAY,BUS,LIGHT,FINE,NRES,GEN
RAD,NSR,SSW,DRY,DAY,SINGLE,LIGHT,FINE,RES,EMP
RAD,NSF,SSW,DRY,DAY,SINGLE,LIGHT,FINE,RES,BUS - OTHER
RAD,NSM,SSW,DRY,DAY,SINGLE,MODERATE,FINE,RES,EMP
RAD,MIR,SSW,DRY,DAY,MULTI,LIGHT,FINE,RES,EMP
XRD,MIR,SSW,DRY,DAY,MULTI,LIGHT,FINE,RES,EMP
RAD,NSR,SSW,DRY,DAY,SINGLE,LIGHT,FINE,RES,BUS - OTHER
RAD,NSM,SSW,DRY,DAY,SINGLE,EXTREME,FINE,RES,EMP
RAD,NSF,ROO,DRY,DAY,SINGLE,NO,FINE,RES,EMP
RAD,REAR,HON,DRY,DAY,MULTI,HEAVY,FINE,NRES,EMP
RAD,MIR,SSW,DRY,DAY,MULTI,LIGHT,FINE,RES,EMP
RAD,NSR,SSW,DRY,NIGHT,SINGLE,NO,FINE,RES,EMP
XRD,OSR,TAI,DRY,DAY,SINGLE,LIGHT,FINE,RES,EMP
RAD,NSR,SSW,DRY,DAY,SINGLE,NO,FINE,RES,EMP
RBT,NSR,TAI,DRY,NIGHT,SINGLE,NO,FINE,RES,EMP
RAD,NSF,SSW,DRY,DAY,MULTI,LIGHT,FINE,UN3PAR,CARS TRUCKS
RAD,NSR,TBO,DRY,DAY,MULTI,MODERATE,FINE,NRES,EMP
RBT,OSR,SSW,DRY,NIGHT,SINGLE,LIGHT,FINE,RES,EMP
RAD,OSR,SSW,WET,DAY,MULTI,MODERATE,FOG,RES,EMP
RAD,FRNT,TBO,WET,NIGHT,MULTI,HEAVY,RAIN,NRES,EMP
RAD,FRNT,TBO,DRY,DAY,SINGLE,LIGHT,FINE,NRES,CARS TRUCKS
RAD,OSR,TAI,DRY,DAY,MULTI,HEAVY,SUN,RES,EMP
BSP,NSR,REVERSING,DRY,DAY,SINGLE,LIGHT,FINE,RES,EMP
RAD,FRNT,REVERSING,DRY,DAY,SINGLE,LIGHT,FINE,NRES,GEN
RAD,NSR,SSW,DRY,DAY,SINGLE,LIGHT,FINE,OTHERBUS,EMP
BSP,MIR,SSW,DRY,DAY,SINGLE,LIGHT,FINE,RES,EMP
RAD,NSM,SSW,DRY,DAY,SINGLE,LIGHT,FINE,RES,EMP
RAD,MIR,SSW,DRY,DAY,MULTI,LIGHT,FINE,UN3PAR,CARS TRUCKS
RAD,NSR,TAI,DRY,DAY,MULTI,MODERATE,FINE,RES,EMP
XRD,MIR,SSW,DRY,DAY,SINGLE,LIGHT,FINE,NRES,EMP
RAD,NSF,SSW,WET,NIGHT,MULTI,LIGHT,RAIN,NRES,CARS TRUCKS
RAD,REAR,BTMO,DRY,DAY,SINGLE,HEAVY,FINE,RES,EMP
BSP,MIR,SSW,DRY,DAWN,MULTI,NO,FINE,NRES,CARS TRUCKS
RAD,NSM,SSW,DRY,DAY,SINGLE,MODERATE,FINE,NRES,CARS TRUCKS
RAD,NSR,SSW,DRY,DAY,SINGLE,LIGHT,FINE,NRES,CARS TRUCKS
RAD,NSR,SSW,DRY,NIGHT,SINGLE,NO,FINE,RES,EMP
BSP,OSF,SSW,DRY,DAY,MULTI,LIGHT,FINE,UN3PAR,CARS TRUCKS
RAD,NSM,SSW,DRY,DAY,MULTI,MODERATE,FINE,RES,EMP
RAD,NSM,SSW,WET,DAY,SINGLE,MODERATE,RAIN,RES,CARS TRUCKS
RAD,MIR,SSW,DRY,DAY,SINGLE,LIGHT,FINE,RES,CARS TRUCKS
RAD,NSR,TAI,DRY,DAY,SINGLE,MODERATE,FINE,RES,EMP
RAD,NSR,HON,WET,DAY,MULTI,LIGHT,RAIN,RES,EMP
BSP,MIR,SSW,DRY,DAY,MULTI,HEAVY,FINE,NRES,CARS TRUCKS
BSP,FRNT,BTMO,DRY,DAY,MULTI,MODERATE,FINE,INCIDENT,ENV
BSP,MIR,SSW,DRY,DAY,SINGLE,LIGHT,FINE,RES,EMP
RAD,OSR,SSW,DRY,DAY,SINGLE,HEAVY,FINE,INCIDENT,BUS - OTHER
RAD,NSR,SSW,DRY,DAY,SINGLE,HEAVY,FINE,RES,EMP
BSP,MIR,SSW,DRY,DAY,SINGLE,MODERATE,FINE,RES,BUS - OTHER
RAD,NSM,SSW,DRY,DAY,MULTI,LIGHT,FINE,NRES,CARS TRUCKS
XRD,NSM,SSW,DRY,DAY,SINGLE,LIGHT,FINE,NRES,CARS TRUCKS
BSP,REAR,N2T,DRY,DAY,MULTI,MODERATE,FINE,NRES,CARS TRUCKS
TIN,MIR,SSW,DRY,DAY,SINGLE,NO,FINE,RES,EMP
RAD,FRNT,TBO,DRY,DAY,MULTI,LIGHT,FINE,NRES,GEN
RAD,FRNT,HON,DRY,DAY,BUS,MODERATE,FINE,INCIDENT,EMP
RAD,NSM,SSW,DRY,DAY,SINGLE,LIGHT,FINE,RES,BUS - OTHER
BSP,FRNT,REVERSING,DRY,DAY,SINGLE,LIGHT,FINE,NRES,CARS TRUCKS
BSP,MIR,SSW,DRY,DAY,MULTI,MODERATE,SUN,RES,EMP
BSP,NSR,SSW,DRY,DAY,SINGLE,NO,FINE,RES,CARS TRUCKS
RAD,REAR,SSW,DRY,DAY,SINGLE,HEAVY,FINE,UN3PAR,CARS TRUCKS
RAD,MIR,SSW,DRY,DUSK,MULTI,HEAVY,FINE,RES,EMP
RAD,MIR,SSW,DRY,DAY,SINGLE,HEAVY,FINE,RES,EMP
RAD,MIR,SSW,DRY,DAY,MULTI,MODERATE,FINE,UN3PAR,CARS TRUCKS
RAD,TOPR,ROO,DRY,DAY,SINGLE,NO,FINE,RES,EMP
RAD,OSF,HON,DRY,DAY,MULTI,LIGHT,FINE,RES,EMP
RAD,NSR,SSW,DRY,DAY,MULTI,HEAVY,FINE,NRES,CARS TRUCKS
RAD,NSR,SSW,DRY,NIGHT,MULTI,LIGHT,FINE,NRES,BUS - OTHER
BSP,NSF,SSW,DRY,DAY,MULTI,LIGHT,FINE,RES,EMP
RBT,NSR,SSW,DRY,DAY,SINGLE,NO,FINE,RES,EMP
TIN,OSM,SSW,DRY,DAY,SINGLE,LIGHT,FINE,RES,EMP
BSP,OSR,SSW,DRY,DAY,MULTI,MODERATE,FINE,NRES,CARS TRUCKS
RAD,OSM,SSW,DRY,DAY,SINGLE,LIGHT,FINE,NRES,CARS TRUCKS
RAD,MIR,SSW,DRY,DAY,MULTI,LIGHT,FINE,RES,EMP
RAD,NSR,SSW,DRY,DAY,SINGLE,LIGHT,FINE,RES,EMP
TIN,NSM,SSW,DRY,DAY,SINGLE,LIGHT,FINE,NRES,EMP
XRD,MIR,SSW,DRY,DAY,MULTI,MODERATE,FINE,RES,EMP
RAD,NSR,SSW,DRY,NIGHT,SINGLE,LIGHT,FINE,NRES,CARS TRUCKS
TIN,OSR,TAI,WET,NIGHT,MULTI,HEAVY,RAIN,RES,BUS - OTHER
RAD,NSM,SSW,DRY,DAY,SINGLE,NO,FINE,RES,EMP
RAD,OSR,SSW,DRY,DAY,SINGLE,LIGHT,FINE,UNREP,EMP
RAD,OSR,TAI,DRY,DAY,MULTI,EXTREME,FINE,RES,EMP
RAD,NSF,SSW,WET,DAY,MULTI,LIGHT,RAIN,NRES,CARS TRUCKS
RAD,FRNT,SSW,DRY,DAY,MULTI,HEAVY,FINE,RES,EMP
BSP,MIR,SSW,DRY,NIGHT,SINGLE,NO,FINE,RES,EMP
RAD,MIR,TAI,DRY,DAY,MULTI,MODERATE,FINE,NRES,CARS TRUCKS
RAD,NSM,SSW,DRY,DAY,MULTI,MODERATE,FINE,NRES,CARS TRUCKS
TIN,NSF,HON,DRY,DAY,SINGLE,LIGHT,FINE,NRES,EMP
RAD,MIR,SSW,DRY,DAY,BUS,NO,SUN,RES,BUS - OTHER
RAD,OSF,TBO,DRY,DAY,SINGLE,LIGHT,FINE,NRES,CARS TRUCKS
BSP,NSR,N2T,DRY,NIGHT,SINGLE,LIGHT,FINE,NRES,GEN
RBT,MIR,SSW,DRY,DAY,SINGLE,LIGHT,FINE,RES,EMP
BSP,FRNT,HON,DRY,NIGHT,MULTI,LIGHT,FINE,RES,EMP
BSP,MIR,SSW,DRY,DAY,FREE,HEAVY,FINE,RES,EMP
RAD,MIR,SSW,DRY,DAY,MULTI,LIGHT,FINE,RES,EMP
TIN,NSR,SSW,DRY,DAY,SINGLE,NO,SUN,RES,EMP
RAD,NSR,SSW,DRY,DAY,SINGLE,LIGHT,FINE,RES,CARS TRUCKS
BSP,NSR,SSW,DRY,DAY,MULTI,LIGHT,FINE,NRES,CARS TRUCKS
BSP,OSR,SSW,WET,DAY,MULTI,LIGHT,RAIN,NRES,CARS TRUCKS
RAD,NSR,SSW,DRY,NIGHT,MULTI,HEAVY,FINE,RES,EMP
RAD,OSM,SSW,DRY,DAY,SINGLE,EXTREME,FINE,RES,EMP
RBT,REAR,BTMO,DRY,DAY,MULTI,MODERATE,FINE,NRES,CARS TRUCKS
RAD,NSR,SSW,DRY,DAY,SINGLE,EXTREME,FINE,RES,EMP
BSP,MIR,SSW,DRY,DAY,SINGLE,HEAVY,FINE,NRES,CARS TRUCKS
RAD,NSR,SSW,DRY,DAY,SINGLE,MODERATE,FINE,RES,EMP
RAD,NSR,SSW,DRY,DAY,SINGLE,MODERATE,FINE,NRES,EMP
RAD,OSR,SSW,DRY,NIGHT,MULTI,LIGHT,FINE,RES,BUS - OTHER
RAD,MIR,SSW,DRY,DAY,SINGLE,LIGHT,FINE,NRES,BUS - OTHER
RAD,NSF,SSW,WET,DUSK,MULTI,HEAVY,RAIN,INCIDENT,EMP
RAD,NSR,SSW,DRY,DAY,SINGLE,LIGHT,FINE,RES,BUS - OTHER
RAD,OSM,SSW,WET,DAWN,MULTI,LIGHT,RAIN,RES,EMP
XRD,TOPM,SSW,DRY,DAY,MULTI,LIGHT,FINE,RES,EMP
BSP,OSR,BTMO,DRY,DAY,MULTI,LIGHT,FINE,NRES,EMP
RBT,FRNT,REVERSING,WET,NIGHT,SINGLE,LIGHT,RAIN,NRES,EMP
XRD,NSR,SSW,DRY,NIGHT,MULTI,LIGHT,FINE,RES,EMP
RAD,OSR,BTMO,DRY,DAY,MULTI,HEAVY,FINE,NRES,CARS TRUCKS
RBT,NSR,SSW,DRY,DAY,SINGLE,LIGHT,FINE,RES,EMP
RAD,OSF,TBO,DRY,DAY,MULTI,MODERATE,FINE,NRES,CARS TRUCKS
RAD,OSM,SSW,DRY,DUSK,SINGLE,MODERATE,FINE,RES,BUS - OTHER
BSP,NSF,SSW,DRY,DAY,SINGLE,LIGHT,FINE,RES,EMP
RAD,MIR,HON,DRY,NIGHT,MULTI,MODERATE,FINE,RES,EMP
RAD,FRNT,HON,DRY,DAWN,SINGLE,LIGHT,FINE,RES,EMP
BSP,OSF,SSW,DRY,DAY,SINGLE,MODERATE,FINE,NRES,EMP
RAD,OSM,SSW,SLIP,DUSK,SINGLE,HEAVY,FINE,RES,EMP
RAD,OSM,SSW,DRY,DUSK,SINGLE,NO,FINE,RES,BUS - OTHER
BSP,OSR,SSW,DRY,DAY,SINGLE,LIGHT,FINE,NRES,CARS TRUCKS
RAD,NSF,SSW,DRY,DAY,MULTI,MODERATE,FINE,RES,EMP
RAD,REAR,N2T,DRY,DAY,MULTI,LIGHT,FINE,NRES,CARS TRUCKS
RAD,MIR,SSW,DRY,DAY,SINGLE,HEAVY,FINE,UN3PAR,CARS TRUCKS
RAD,NSR,SSW,DRY,DAY,SINGLE,LIGHT,FINE,RES,EMP
RAD,REAR,REVERSING,DRY,DAY,SINGLE,NO,FINE,UN3PAR,BUS - OTHER
BSP,NSF,HON,DRY,DAY,MULTI,NO,FINE,RES,EMP
RAD,NSR,SSW,DRY,DAY,SINGLE,LIGHT,FINE,RES,EMP
XRD,OSR,HON,DRY,DAY,MULTI,LIGHT,FINE,RES,EMP
BSP,NSR,SSW,DRY,DAY,MULTI,HEAVY,FINE,RES,EMP
RAD,MIR,SSW,DRY,NIGHT,MULTI,MODERATE,FINE,UN3PAR,CARS TRUCKS
RAD,NSR,SSW,WET,DUSK,SINGLE,HEAVY,FINE,UN3PAR,CARS TRUCKS
RAD,NSF,HON,DRY,DAY,MULTI,LIGHT,FINE,NRES,CARS TRUCKS
RBT,NSR,SSW,DRY,DAY,SINGLE,MODERATE,FINE,RES,EMP
BSP,MIR,SSW,WET,DAY,SINGLE,NO,RAIN,RES,BUS - OTHER
BSP,OSR,SSW,DRY,DUSK,BUS,HEAVY,FINE,NRES,CARS TRUCKS
RAD,FRNT,HON,DRY,DAY,SINGLE,HEAVY,FINE,RES,EMP
RAD,NSR,HON,DRY,DAY,SINGLE,MODERATE,FINE,NRES,EMP
RAD,OSR,REVERSING,DRY,NIGHT,MULTI,NO,FINE,RES,BUS - OTHER
RAD,OSM,SSW,DRY,DAY,SINGLE,LIGHT,FINE,RES,BUS - OTHER
RAD,OSR,SSW,DRY,DAY,SINGLE,MODERATE,FINE,NRES,CARS TRUCKS
XRD,NSR,SSW,DRY,DUSK,MULTI,LIGHT,FINE,RES,EMP
BSP,NSF,SSW,WET,DAY,SINGLE,NO,RAIN,INCIDENT,EMP
TIN,NSR,SSW,DRY,DAY,SINGLE,LIGHT,FINE,RES,EMP
RAD,FRNT,N2T,DRY,DUSK,SINGLE,HEAVY,FINE,RES,EMP
XRD,MIR,SSW,DRY,DAY,MULTI,MODERATE,FINE,NRES,CARS TRUCKS
RAD,REAR,REVERSING,DRY,DAY,SINGLE,LIGHT,FINE,RES,EMP
RAD,NSR,TAI,DRY,DAY,SINGLE,NO,FINE,RES,EMP
RAD,OSM,SSW,DRY,DAY,BUS,LIGHT,FINE,NRES,CARS TRUCKS
RAD,MIR,SSW,DRY,DAY,SINGLE,HEAVY,FINE,UN3PAR,EMP
RAD,FRNT,TBO,DRY,NIGHT,MULTI,LIGHT,FINE,NRES,EMP
RAD,MIR,SSW,DRY,DAY,MULTI,LIGHT,FINE,NRES,CARS TRUCKS
BSP,OSM,TBO,DRY,DAY,SINGLE,LIGHT,FINE,NRES,CARS TRUCKS
XRD,NSR,SSW,DRY,DAY,MULTI,HEAVY,FINE,RES,EMP
RAD,NSR,TAI,DRY,DAY,MULTI,HEAVY,SUN,RES,EMP
XRD,NSR,SSW,DRY,NIGHT,MULTI,MODERATE,FINE,NRES,CARS TRUCKS
TIN,OSR,TAI,DRY,DAY,SINGLE,HEAVY,FINE,RES,BUS - OTHER
XRD,NSM,TBO,DRY,DAY,MULTI,HEAVY,FINE,NRES,CARS TRUCKS
BSP,OSR,TAI,WET,DAY,SINGLE,NO,FOG,NRES,CARS TRUCKS
RAD,MIR,SSW,DRY,NIGHT,MULTI,NO,FINE,RES,EMP
BSP,FRNT,SSW,DRY,DAY,BUS,HEAVY,FINE,OTHERBUS,EMP
XRD,REAR,N2T,DRY,DAY,MULTI,MODERATE,FINE,NRES,CARS TRUCKS
RAD,MIR,SSW,DRY,DAY,MULTI,MODERATE,FINE,RES,EMP
RAD,NSR,SSW,WET,DAY,SINGLE,NO,RAIN,RES,EMP
RAD,OSR,N2T,DRY,DAY,MULTI,HEAVY,FINE,UN3PAR,EMP
RAD,OSR,SSW,DRY,DAY,MULTI,HEAVY,FINE,UN3PAR,CARS TRUCKS
RAD,NSF,TBO,DRY,DAY,MULTI,NO,FINE,NRES,CARS TRUCKS
RAD,NSM,SSW,DRY,DAWN,SINGLE,HEAVY,FINE,RES,EMP
RAD,FRNT,BTMO,DRY,DAY,SINGLE,LIGHT,FINE,RES,EMP
BSP,MIR,SSW,DRY,DAY,MULTI,HEAVY,SUN,RES,EMP
RAD,OSM,SSW,DRY,NIGHT,SINGLE,NO,FINE,RES,CARS TRUCKS
BSP,NSF,SSW,DRY,DAY,BUS,NO,FINE,RES,EMP
BSP,OSF,SSW,DRY,DAY,SINGLE,LIGHT,FINE,RES,EMP
RBT,NSF,HON,DRY,DAY,SINGLE,MODERATE,FINE,RES,EMP
TIN,NSR,TAI,DRY,DAY,MULTI,LIGHT,FINE,RES,EMP
RAD,OSM,SSW,DRY,DAY,MULTI,LIGHT,FINE,RES,EMP
RAD,NSR,SSW,SLIP,DAY,SINGLE,EXTREME,FINE,RES,BUS - OTHER
RAD,NSR,SSW,DRY,DAY,SINGLE,HEAVY,FINE,NRES,CARS TRUCKS
RAD,MIR,SSW,DRY,DAY,SINGLE,LIGHT,FINE,NRES,EMP
XRD,WIN,SSW,DRY,DAY,MULTI,MODERATE,FINE,RES,EMP
XRD,NSR,TBO,DRY,DUSK,MULTI,HEAVY,FINE,NRES,CARS TRUCKS
BSP,NSR,TAI,DRY,DAY,SINGLE,NO,FINE,RES,EMP
RBT,NSF,SSW,DRY,DAY,MULTI,MODERATE,FINE,NRES,EMP
RBT,OSM,SSW,DRY,STREET,SINGLE,LIGHT,FINE,NRES,CARS TRUCKS
BSP,REAR,SSW,WET,DAY,SINGLE,HEAVY,RAIN,NRES,CARS TRUCKS
BSP,REAR,REVERSING,DRY,DAY,BUS,NO,FINE,RES,EMP
XRD,NSF,SSW,DRY,DAY,MULTI,MODERATE,FINE,RES,EMP
RAD,FRNT,SSW,DRY,DAY,MULTI,HEAVY,FINE,NRES,GEN
RBT,NSR,TAI,DRY,NIGHT,SINGLE,MODERATE,FINE,RES,EMP
RAD,NSF,HON,DRY,DAY,MULTI,MODERATE,FINE,RES,EMP
BSP,REAR,N2T,DRY,DAY,MULTI,MODERATE,FINE,OTHERBUS,BUS - OTHER
XRD,NSF,SSW,DRY,DAY,MULTI,LIGHT,FINE,RES,EMP
BSP,MIR,HON,DRY,DAWN,SINGLE,LIGHT,FINE,RES,EMP
XRD,NSR,SSW,DRY,NIGHT,SINGLE,LIGHT,FOG,RES,EMP
BSP,MIR,SSW,DRY,DAY,SINGLE,NO,FINE,RES,EMP
RAD,NSF,SSW,DRY,NIGHT,SINGLE,LIGHT,FINE,RES,EMP
RAD,NSR,SSW,DRY,DAY,SINGLE,LIGHT,FINE,INCIDENT,BUS - OTHER
RAD,OSM,SSW,DRY,DAY,SINGLE,EXTREME,FINE,RES,EMP
RAD,OSF,TBO,DRY,DAY,MULTI,HEAVY,FINE,NRES,CARS TRUCKS
BSP,NSR,TBO,DRY,DAY,SINGLE,LIGHT,FINE,NRES,CARS TRUCKS
BSP,MIR,SSW,WET,DAY,SINGLE,LIGHT,RAIN,RES,EMP
RBT,NSF,HON,DRY,DAY,SINGLE,LIGHT,SUN,NRES,CARS TRUCKS
RBT,NSM,SSW,DRY,DAY,SINGLE,HEAVY,FINE,RES,EMP
RAD,NSR,SSW,DRY,DAY,SINGLE,LIGHT,FINE,RES,EMP
RAD,NSM,SSW,DRY,DAY,SINGLE,NO,FINE,RES,EMP
RAD,NSR,TAI,DRY,NIGHT,SINGLE,LIGHT,FINE,RES,EMP
RAD,NSR,SSW,DRY,DAY,SINGLE,HEAVY,FINE,RES,BUS - OTHER
XRD,NSR,SSW,DRY,DAWN,MULTI,LIGHT,FOG,UN3PAR,CARS TRUCKS
RAD,NSM,SSW,DRY,DAY,SINGLE,LIGHT,FINE,RES,BUS - OTHER
RAD,NSR,SSW,DRY,DUSK,SINGLE,HEAVY,FINE,RES,EMP
DEPOT,MIR,SSW,DRY,DAWN,BUS,HEAVY,FINE,RES,EMP
RAD,NSR,SSW,DRY,DAY,MULTI,LIGHT,FINE,UN3PAR,CARS TRUCKS
RAD,OSF,SSW,DRY,DAY,MULTI,MODERATE,FINE,NRES,CARS TRUCKS
DEPOT,MIR,TAI,DRY,DAY,BUS,MODERATE,FINE,OTHERBUS,CARS TRUCKS
RAD,OSF,SSW,DRY,NIGHT,SINGLE,NO,FINE,RES,EMP
TIN,FRNT,HON,DRY,DAY,MULTI,HEAVY,FINE,RES,EMP
XRD,NSF,HON,DRY,STREET,MULTI,NO,FINE,NRES,CARS TRUCKS
XRD,FRNT,TBO,DRY,DAY,MULTI,MODERATE,FINE,UN3PAR,CARS TRUCKS
XRD,NSF,SSW,DRY,DAY,MULTI,LIGHT,FINE,RES,EMP
RAD,MIR,SSW,WET,DAWN,MULTI,MODERATE,RAIN,RES,EMP
RBT,OSF,HON,WET,DAWN,SINGLE,MODERATE,RAIN,RES,CARS TRUCKS
RAD,MIR,SSW,WET,DAWN,MULTI,HEAVY,RAIN,UN3PAR,EMP
RAD,OSR,SSW,DRY,DAY,MULTI,MODERATE,FINE,NRES,CARS TRUCKS
RAD,NSR,SSW,DRY,DAY,MULTI,HEAVY,FINE,UN3PAR,EMP
RAD,OSR,SSW,DRY,DAY,SINGLE,MODERATE,FINE,UN3PAR,CARS TRUCKS
TIN,MIR,SSW,DRY,DAY,SINGLE,MODERATE,FINE,RES,EMP
RAD,REAR,N2T,DRY,DAY,MULTI,MODERATE,FINE,NRES,ROA
BSP,NSF,SSW,DRY,DAY,MULTI,HEAVY,FINE,NRES,EMP
RAD,REAR,SSW,DRY,DAY,SINGLE,LIGHT,FINE,RES,EMP
RAD,MIR,SSW,DRY,DAY,SINGLE,MODERATE,FINE,RES,EMP
BSP,OSR,SSW,DRY,DAY,SINGLE,LIGHT,FINE,NRES,EMP
RAD,NSR,TAI,DRY,DAY,SINGLE,LIGHT,FINE,RES,BUS - OTHER
XRD,NSM,SSW,WET,DAY,MULTI,MODERATE,RAIN,RES,CARS TRUCKS
RAD,NSF,SSW,DRY,DAY,MULTI,LIGHT,FINE,NRES,EMP
RAD,WIN,SSW,DRY,DAY,SINGLE,NO,FINE,INCIDENT,GEN
RAD,NSR,SSW,DRY,DAY,SINGLE,LIGHT,FINE,PEND,EMP
BSP,REAR,SSW,DRY,DAY,SINGLE,NO,FINE,RES,EMP
RAD,OSF,N2T,WET,NIGHT,MULTI,LIGHT,RAIN,NRES,CARS TRUCKS
RAD,MIR,SSW,DRY,NIGHT,SINGLE,NO,FINE,RES,EMP
RAD,FRNT,HON,DRY,DAY,MULTI,LIGHT,FINE,RES,CARS TRUCKS
XRD,NSR,N2T,DRY,DAY,SINGLE,HEAVY,FINE,RES,CARS TRUCKS
RAD,OSR,TAI,DRY,DAY,MULTI,MODERATE,FINE,RES,EMP
XRD,NSM,TAI,DRY,DUSK,MULTI,HEAVY,FINE,RES,CARS TRUCKS
XRD,MIR,SSW,DRY,DAY,MULTI,LIGHT,FINE,NRES,ROA
XRD,NSM,SSW,DRY,DAY,MULTI,HEAVY,FINE,RES,CARS TRUCKS
RBT,NSF,SSW,DRY,DAY,SINGLE,LIGHT,FINE,RES,CARS TRUCKS
RAD,REAR,N2T,DRY,DAY,MULTI,HEAVY,FINE,NRES,CARS TRUCKS
RAD,REAR,SSW,DRY,DAY,SINGLE,LIGHT,FINE,NRES,EMP
RAD,NSM,SSW,DRY,DAWN,SINGLE,HEAVY,FINE,RES,EMP
RAD,OSR,SSW,DRY,DAY,SINGLE,MODERATE,FINE,RES,EMP
RAD,MIR,SSW,DRY,NIGHT,SINGLE,LIGHT,FINE,RES,CARS TRUCKS
RAD,WSRE,HON,DRY,DAY,SINGLE,LIGHT,FINE,RES,EMP
RAD,NSF,SSW,DRY,DAY,SINGLE,LIGHT,FINE,UNREP,OTH
RAD,NSM,TBO,DRY,DAY,SINGLE,LIGHT,FINE,NRES,CARS TRUCKS
RAD,NSR,SSW,DRY,DAY,SINGLE,LIGHT,FINE,UNREP,OTH
RAD,MIR,SSW,DRY,DAY,MULTI,LIGHT,FINE,NRES,CARS TRUCKS
RAD,NSM,SSW,DRY,DAY,SINGLE,HEAVY,FINE,RES,CARS TRUCKS
RAD,REAR,N2T,DRY,DAY,MULTI,MODERATE,FINE,NRES,ROA
RBT,OSF,SSW,DRY,DAY,SINGLE,LIGHT,FINE,RES,BUS - OTHER
XRD,OSR,SSW,DRY,NIGHT,SINGLE,HEAVY,FINE,RES,CARS TRUCKS
RAD,MIR,SSW,DRY,NIGHT,MULTI,LIGHT,FINE,NRES,EMP
RAD,NSF,SSW,DRY,DAY,SINGLE,LIGHT,FINE,NRES,EMP
RAD,NSR,SSW,DRY,DAY,SINGLE,LIGHT,FINE,INCIDENT,EMP
RAD,OSF,SSW,DRY,DAY,SINGLE,LIGHT,FINE,NRES,EMP
RAD,OSR,SSW,DRY,DAY,SINGLE,LIGHT,FINE,RES,EMP
DEPOT,FRNT,N2T,DRY,DUSK,SINGLE,NO,FINE,RES,EMP
RAD,OSM,TBO,DRY,DAY,SINGLE,NO,FINE,NRES,EMP
RAD,NSF,SSW,DRY,NIGHT,SINGLE,HEAVY,FINE,NRES,EMP
RAD,WIN,SSW,DRY,DAY,SINGLE,LIGHT,FINE,UN3PAR,EMP
RAD,OSR,SSW,DRY,DAY,SINGLE,LIGHT,FINE,RES,EMP
RAD,OSR,TAI,DRY,DUSK,MULTI,MODERATE,FINE,RES,EMP
BSP,NSF,SSW,DRY,DAY,SINGLE,LIGHT,FINE,RES,EMP
RAD,FRNT,HON,DRY,DAY,SINGLE,LIGHT,FINE,RES,EMP
RAD,MIR,SSW,DRY,NIGHT,SINGLE,NO,FINE,INCIDENT,GEN
RAD,OSF,HON,DRY,DAY,SINGLE,LIGHT,FINE,RES,EMP
XRD,NSM,SSW,DRY,DAY,SINGLE,LIGHT,FINE,RES,CARS TRUCKS
RAD,OSR,SSW,DRY,DAY,SINGLE,LIGHT,FINE,INCIDENT,BUS - OTHER
RAD,NSR,SSW,DRY,DAY,BUS,HEAVY,FINE,NRES,EMP
RAD,NSR,SSW,WET,NIGHT,SINGLE,LIGHT,RAIN,RES,EMP
XRD,OSM,TBO,DRY,DUSK,MULTI,LIGHT,FINE,NRES,CARS TRUCKS
RAD,NSR,SSW,DRY,DAY,SINGLE,NO,FINE,RES,EMP
RAD,REAR,REVERSING,DRY,DAY,MULTI,LIGHT,FINE,RES,BUS - OTHER
RAD,WIN,SSW,DRY,DAY,SINGLE,LIGHT,FINE,UN3PAR,EMP
RAD,NSM,SSW,SLIP,DAWN,MULTI,NO,RAIN,RES,EMP
RAD,NSM,SSW,DRY,DAY,SINGLE,LIGHT,FINE,INCIDENT,OTH
XRD,OSR,SSW,DRY,DAY,MULTI,LIGHT,FINE,NRES,EMP