location_code,damage_code,collision_code,road_code,light_code,road_type_code,traffic_code,weather_code,emp_liability_code,kpi_cause_code
RAD,NSR,TAI,DRY,DAY,SINGLE,LIGHT,FINE,RES,EMP
RAD,NSR,SSW,DRY,DUSK,SINGLE,LIGHT,FINE,RES,EMP
TIN,OSM,SSW,DRY,DAY,SINGLE,MODERATE,FINE,UN3PAR,CARS TRUCKS
BSP,NSF,ROO,DRY,DAY,SINGLE,MODERATE,FINE,RES,CARS TRUCKS
BSP,MIR,SSW,DRY,DUSK,MULTI,LIGHT,FINE,RES,EMP
DEPOT,FRNT,HON,DRY,DAY,SINGLE,LIGHT,FINE,RES,CARS TRUCKS
BSP,MIR,SSW,DRY,NIGHT,SINGLE,LIGHT,FINE,RES,EMP
RAD,NSR,REVERSING,DRY,NIGHT,SINGLE,LIGHT,FINE,RES,CARS TRUCKS
RAD,WSRE,SSW,DRY,DAY,SINGLE,LIGHT,FINE,INCIDENT,OTH
RAD,NSM,SSW,DRY,DAY,SINGLE,MODERATE,SUN,RES,EMP
RAD,MIR,SSW,WET,DAY,MULTI,HEAVY,FINE,UN3PAR,CARS TRUCKS
RAD,OSF,SSW,DRY,DAY,MULTI,MODERATE,FINE,NRES,CARS TRUCKS
RAD,NSR,SSW,DRY,NIGHT,MULTI,MODERATE,FINE,RES,EMP
RAD,REAR,SSW,DRY,DUSK,SINGLE,LIGHT,FINE,NRES,EMP
BSP,NSF,SSW,DRY,DAWN,SINGLE,LIGHT,FINE,RES,EMP
RAD,NSF,HON,DRY,DAY,SINGLE,LIGHT,FINE,RES,CARS TRUCKS
RAD,NSR,SSW,DRY,DAY,SINGLE,LIGHT,FINE,INCIDENT,OTH
RAD,MIR,SSW,DRY,DAY,SINGLE,LIGHT,FINE,RES,BUS - OTHER
RAD,NSM,SSW,DRY,NIGHT,SINGLE,LIGHT,FINE,RES,BUS - OTHER
XRD,NSR,SSW,DRY,DAY,MULTI,MODERATE,FINE,RES,BUS - OTHER
TIN,OSM,TBO,DRY,DAY,MULTI,MODERATE,FINE,NRES,ROAD RAGE
RAD,NSM,SSW,DRY,DAY,MULTI,LIGHT,FINE,NRES,ROA
RBT,WSRE,BTMO,DRY,DAY,SINGLE,LIGHT,FINE,RES,EMP
BSP,NSR,SSW,WET,NIGHT,SINGLE,LIGHT,RAIN,RES,BUS - OTHER
RAD,OSR,BTMO,DRY,DAY,MULTI,LIGHT,FINE,NRES,CARS TRUCKS
RAD,NSF,SSW,DRY,DAY,SINGLE,LIGHT,FINE,RES,CARS TRUCKS
RAD,FRNT,HON,DRY,DAY,BUS,LIGHT,FINE,RES,EMP
RAD,NSR,SSW,DRY,DAY,SINGLE,LIGHT,FINE,RES,EMP
RAD,OSR,SSW,DRY,DAY,SINGLE,NO,FINE,NRES,CARS TRUCKS
RAD,OSR,TAI,DRY,DAY,SINGLE,LIGHT,FINE,RES,CARS TRUCKS
RAD,WSRE,BTMO,DRY,DAY,SINGLE,LIGHT,FINE,INCIDENT,OTH
RAD,OSR,TAI,DRY,DUSK,MULTI,MODERATE,FINE,RES,CARS TRUCKS
RAD,NSM,SSW,DRY,DAWN,BUS,LIGHT,FINE,RES,EMP
BSP,OSR,N2T,DRY,DAY,SINGLE,MODERATE,FINE,OTHERBUS,BUS - OTHER
RAD,NSR,SSW,DRY,STREET,SINGLE,LIGHT,FINE,RES,EMP
RAD,FRNT,HON,DRY,DAY,SINGLE,LIGHT,FINE,NRES,OTH
BSP,NSR,BTMO,DRY,DAY,SINGLE,NO,FINE,NRES,BUS - OTHER
RAD,REAR,SSW,DRY,DAY,SINGLE,LIGHT,FINE,RES,EMP
RAD,NSM,SSW,DRY,DAY,SINGLE,LIGHT,FINE,RES,EMP
RAD,OSF,SSW,DRY,DAY,SINGLE,LIGHT,FINE,RES,EMP
BSP,NSF,SSW,DRY,DAY,SINGLE,NO,FINE,RES,BUS - OTHER
XRD,OSM,SSW,DRY,DAY,MULTI,HEAVY,FINE,NRES,CARS TRUCKS
RAD,NSM,SSW,DRY,DAY,SINGLE,LIGHT,FINE,NRES,EMP
RAD,NSF,SSW,WET,DAY,SINGLE,LIGHT,RAIN,RES,EMP
BSP,NSF,SSW,DRY,NIGHT,MULTI,MODERATE,FINE,RES,EMP
RAD,OSR,SSW,DRY,DAY,SINGLE,LIGHT,FINE,NRES,EMP
RAD,NSR,SSW,DRY,DAY,SINGLE,LIGHT,FINE,RES,EMP
XRD,OSF,SSW,DRY,DAY,MULTI,MODERATE,FINE,UN3PAR,CARS TRUCKS
RAD,MIR,SSW,DRY,DAY,SINGLE,NO,FINE,RES,EMP
TIN,NSR,SSW,DRY,DAY,SINGLE,HEAVY,FINE,RES,EMP
RAD,NSR,SSW,WET,DAY,SINGLE,NO,RAIN,RES,EMP
BSP,REAR,N2T,DRY,DAY,MULTI,LIGHT,FINE,NRES,ROA
RAD,MIR,SSW,DRY,DAY,MULTI,HEAVY,FINE,NRES,EMP
RAD,NSM,SSW,DRY,DAY,MULTI,HEAVY,FINE,NRES,ROA
RAD,NSM,SSW,DRY,DAY,SINGLE,LIGHT,FINE,RES,EMP
BSP,NSR,SSW,DRY,DAY,MULTI,MODERATE,FINE,RES,EMP
RAD,WSRE,SSW,DRY,DUSK,SINGLE,NO,FINE,NRES,EMP
BSP,OSR,SSW,WET,NIGHT,MULTI,HEAVY,RAIN,NRES,CARS TRUCKS
RAD,NSF,SSW,DRY,DAY,SINGLE,LIGHT,FINE,RES,EMP
RAD,OSF,SSW,DRY,DAY,MULTI,HEAVY,FINE,NRES,ROA
BSP,NSR,TAI,DRY,DAY,SINGLE,LIGHT,FINE,RES,EMP
RAD,MIR,SSW,DRY,DAY,SINGLE,LIGHT,FINE,RES,EMP
RAD,NSM,SSW,DRY,DAY,SINGLE,LIGHT,FINE,RES,EMP
RAD,NSR,REVERSING,DRY,DAY,SINGLE,NO,FINE,RES,EMP
RAD,FRNT,SSW,SLIP,DUSK,SINGLE,HEAVY,RAIN,RES,EMP
RAD,NSM,SSW,DRY,NIGHT,MULTI,MODERATE,FINE,INCIDENT,EMP
RAD,NSR,REVERSING,DRY,DAY,SINGLE,LIGHT,FINE,RES,EMP
RAD,NSF,TBO,DRY,NIGHT,MULTI,MODERATE,FINE,NRES,EMP
XRD,NSF,SSW,DRY,DAWN,SINGLE,MODERATE,FINE,NRES,CARS TRUCKS
RAD,NSR,SSW,DRY,DAY,SINGLE,LIGHT,FINE,RES,EMP
RAD,OSR,SSW,DRY,DAY,SINGLE,LIGHT,FINE,NRES,ROA
TIN,NSF,N2T,DRY,DAY,SINGLE,LIGHT,FINE,RES,EMP
BSP,OSR,N2T,DRY,DAY,SINGLE,MODERATE,FINE,NRES,ROA
RAD,NSM,SSW,DRY,DAY,SINGLE,LIGHT,FINE,RES,EMP
RAD,NSR,SSW,DRY,DAY,SINGLE,LIGHT,FINE,RES,CARS TRUCKS
BSP,FRNT,HON,DRY,DAY,SINGLE,LIGHT,FINE,RES,EMP
BSP,NSR,SSW,DRY,DAY,SINGLE,NO,FINE,RES,EMP
RAD,MIR,SSW,DRY,DAY,SINGLE,LIGHT,FINE,RES,EMP
RAD,MIR,SSW,DRY,DUSK,SINGLE,MODERATE,FINE,UN3PAR,ROA
TIN,NSR,SSW,DRY,DAY,SINGLE,HEAVY,FINE,RES,CARS TRUCKS
RAD,FRNT,HON,DRY,DAY,MULTI,LIGHT,FINE,RES,EMP
RAD,FRNT,HON,DRY,NIGHT,SINGLE,NO,FINE,INCIDENT,OTH
RAD,REAR,N2T,DRY,DAY,MULTI,MODERATE,FINE,NRES,ROA
BSP,FRNT,HON,DRY,DUSK,SINGLE,LIGHT,FINE,RES,EMP
BSP,NSR,SSW,DRY,DUSK,MULTI,HEAVY,FINE,RES,EMP
XRD,OSR,N2T,DRY,DAY,MULTI,LIGHT,FINE,NRES,ROA
XRD,NSR,TAI,DRY,DAY,MULTI,MODERATE,FINE,RES,BUS - OTHER
XRD,OSR,SSW,DRY,DAY,MULTI,MODERATE,FINE,NRES,ROA
XRD,NSR,SSW,DRY,NIGHT,SINGLE,LIGHT,FINE,RES,EMP
BSP,WIN,SSW,DRY,NIGHT,MULTI,LIGHT,FINE,INCIDENT,PAS
RBT,NSM,SSW,DRY,DAY,SINGLE,MODERATE,FINE,RES,EMP
TIN,NSR,SSW,DRY,DAY,MULTI,LIGHT,FINE,NRES,ROA
BSP,FRNT,HON,DRY,DUSK,SINGLE,LIGHT,FINE,RES,CARS TRUCKS
RAD,NSM,SSW,WET,DAY,SINGLE,HEAVY,RAIN,RES,EMP
RAD,NSF,SSW,SLIP,DAY,BUS,HEAVY,RAIN,NRES,CARS TRUCKS
RAD,FRNT,SSW,DRY,DAY,SINGLE,LIGHT,FINE,RES,EMP
RAD,REAR,SSW,DRY,DAY,SINGLE,LIGHT,FINE,RES,EMP
XRD,OSR,TAI,DRY,DAY,MULTI,HEAVY,FINE,RES,EMP
BSP,NSF,SSW,DRY,DAY,MULTI,LIGHT,FINE,RES,EMP
BSP,NSF,SSW,DRY,NIGHT,SINGLE,LIGHT,FINE,INCIDENT,GEN
BSP,MIR,SSW,DRY,DAY,BUS,MODERATE,FINE,NRES,CARS TRUCKS
RAD,NSM,SSW,WET,DAY,BUS,LIGHT,RAIN,RES,EMP
RAD,NSR,SSW,DRY,DAY,SINGLE,LIGHT,FINE,NRES,ROA
RAD,NSR,SSW,DRY,DAY,SINGLE,LIGHT,FINE,UNREP,OTH
TIN,WSRE,BTMO,DRY,DAY,SINGLE,LIGHT,FINE,RES,EMP
BSP,MIR,SSW,DRY,DAY,SINGLE,LIGHT,FINE,RES,CARS TRUCKS
BSP,NSR,TAI,DRY,DAY,SINGLE,MODERATE,FINE,RES,EMP
RAD,NSF,SSW,DRY,DAY,MULTI,HEAVY,FINE,UN3PAR,CARS TRUCKS
BSP,OSR,SSW,DRY,DAY,SINGLE,NO,FINE,RES,EMP
RAD,MIR,SSW,DRY,DAY,SINGLE,LIGHT,FINE,NRES,ROA
RAD,NSF,SSW,DRY,DAY,SINGLE,LIGHT,FINE,RES,EMP
RAD,OSM,SSW,DRY,DAY,SINGLE,LIGHT,FINE,RES,EMP
BSP,OSR,SSW,DRY,DAWN,BUS,LIGHT,FINE,RES,EMP
RAD,NSM,SSW,DRY,DAY,SINGLE,LIGHT,FINE,NRES,EMP
RAD,NSM,SSW,DRY,DAY,SINGLE,LIGHT,FINE,RES,EMP
RAD,NSF,SSW,DRY,DAY,SINGLE,LIGHT,FINE,RES,EMP
BSP,OSR,N2T,DRY,DAY,SINGLE,MODERATE,FINE,NRES,EMP
RAD,OSR,SSW,DRY,DAY,SINGLE,LIGHT,FINE,RES,EMP
RAD,NSF,SSW,DRY,DAY,SINGLE,LIGHT,FINE,RES,EMP
RAD,NSR,SSW,DRY,DAY,MULTI,LIGHT,FINE,RES,CARS TRUCKS
RAD,OSM,SSW,DRY,NIGHT,MULTI,LIGHT,FINE,UN3PAR,CARS TRUCKS
RAD,NSF,SSW,DRY,DAY,SINGLE,LIGHT,FINE,NRES,EMP
RAD,REAR,SSW,DRY,DAY,SINGLE,LIGHT,FINE,UNREP,OTH
XRD,OSM,SSW,SLIP,DAY,MULTI,LIGHT,RAIN,NRES,BUS - OTHER
RAD,OSR,TAI,DRY,DAY,SINGLE,LIGHT,FINE,RES,CARS TRUCKS
RAD,NSM,SSW,DRY,DAY,SINGLE,LIGHT,FINE,RES,EMP
RAD,OSF,SSW,DRY,DAY,SINGLE,LIGHT,FINE,NRES,EMP
RAD,NSM,SSW,DRY,DAY,SINGLE,LIGHT,FINE,RES,EMP
RAD,NSF,TBO,DRY,DAY,SINGLE,LIGHT,FINE,NRES,ROA
RAD,WSRE,SSW,DRY,DAY,SINGLE,LIGHT,FINE,RES,EMP
RAD,NSR,SSW,DRY,DAY,SINGLE,LIGHT,FINE,RES,EMP
RAD,NSM,SSW,DRY,DAY,SINGLE,LIGHT,FINE,RES,EMP
RAD,OSR,SSW,DRY,DAY,SINGLE,LIGHT,FINE,PEND,EMP
RAD,OSF,SSW,DRY,DAY,SINGLE,LIGHT,FINE,PEND,EMP
RAD,REAR,N2T,DRY,DAY,MULTI,MODERATE,FINE,NRES,CARS TRUCKS
RAD,NSR,SSW,DRY,DAY,SINGLE,LIGHT,FINE,RES,EMP
RAD,NSR,SSW,DRY,DAY,SINGLE,LIGHT,FINE,RES,EMP
RAD,NSM,SSW,DRY,DAY,SINGLE,LIGHT,FINE,RES,CARS TRUCKS
RAD,NSF,SSW,DRY,DAY,MULTI,HEAVY,FINE,RES,CARS TRUCKS
RAD,OSR,SSW,DRY,DAY,SINGLE,LIGHT,FINE,NRES,EMP
RAD,NSR,SSW,DRY,DAY,SINGLE,LIGHT,FINE,RES,EMP
RAD,NSR,HON,DRY,DAY,SINGLE,LIGHT,FINE,NRES,ROA
XRD,OSM,SSW,DRY,DAY,MULTI,LIGHT,FINE,RES,BUS - OTHER
RAD,NSF,SSW,DRY,DAY,SINGLE,LIGHT,FINE,RES,EMP
RAD,TOPF,SSW,DRY,DAY,SINGLE,LIGHT,FINE,RES,EMP
RAD,NSF,SSW,WET,DAWN,MULTI,LIGHT,RAIN,RES,EMP
TIN,FRNT,SSW,DRY,DAY,MULTI,LIGHT,FINE,UN3PAR,ROA
RAD,NSR,TAI,DRY,DAY,SINGLE,LIGHT,FINE,RES,BUS - OTHER
RAD,REAR,SSW,DRY,DAY,SINGLE,LIGHT,FINE,UNREP,OTH
RBT,FRNT,TBO,WET,DAY,SINGLE,LIGHT,RAIN,RES,EMP
RAD,FRNT,SSW,DRY,DAY,MULTI,LIGHT,FINE,NRES,CARS TRUCKS
RAD,NSM,SSW,DRY,DAY,SINGLE,LIGHT,FINE,UNREP,OTH
BSP,REAR,N2T,WET,DAY,MULTI,MODERATE,RAIN,NRES,CARS TRUCKS
RAD,OSF,SSW,DRY,DAY,SINGLE,HEAVY,FINE,RES,CARS TRUCKS
RAD,OSM,TBO,DRY,DAY,SINGLE,LIGHT,FINE,NRES,EMP
RAD,NSF,SSW,DRY,DAY,SINGLE,NO,SUN,RES,EMP
RAD,NSF,SSW,DRY,DAY,MULTI,LIGHT,FINE,UN3PAR,ROA
RAD,NSF,SSW,DRY,DAY,SINGLE,LIGHT,FINE,UN3PAR,ROA
RAD,OSR,SSW,DRY,DAY,SINGLE,HEAVY,FINE,RES,CARS TRUCKS
RAD,OSM,SSW,WET,DAY,SINGLE,NO,RAIN,RES,EMP
RAD,NSR,SSW,DRY,DAY,SINGLE,LIGHT,FINE,RES,EMP
RAD,NSF,TBO,DRY,DAY,SINGLE,LIGHT,FINE,NRES,CARS TRUCKS
RAD,NSM,SSW,DRY,DAY,SINGLE,NO,FINE,RES,EMP
RAD,NSR,TAI,DRY,DAY,SINGLE,LIGHT,FINE,RES,BUS - OTHER
BSP,FRNT,SSW,DRY,DAY,SINGLE,MODERATE,FINE,RES,EMP
RAD,NSM,SSW,DRY,DAY,SINGLE,MODERATE,FINE,RES,EMP
BSP,OSR,SSW,DRY,DAY,SINGLE,LIGHT,FINE,RES,EMP
RAD,MIR,SSW,DRY,DAY,MULTI,MODERATE,FINE,NRES,EMP
RAD,NSF,HON,DRY,DAY,SINGLE,LIGHT,FINE,INCIDENT,ENV
BSP,OSR,SSW,DRY,DAY,BUS,MODERATE,FINE,NRES,GEN
RAD,MIR,SSW,DRY,DAY,MULTI,MODERATE,FINE,NRES,CARS TRUCKS
BSP,OSF,SSW,DRY,DAY,MULTI,MODERATE,FINE,UN3PAR,GEN
RAD,NSF,SSW,WET,NIGHT,MULTI,LIGHT,RAIN,INCIDENT,CARS TRUCKS
BSP,NSF,SSW,DRY,DAY,SINGLE,LIGHT,FINE,RES,EMP
RAD,NSR,TBO,DRY,DAY,SINGLE,NO,FINE,NRES,CARS TRUCKS
RAD,MIR,HON,WET,DAWN,MULTI,HEAVY,RAIN,RES,EMP
XRD,NSM,TBO,DRY,DAY,SINGLE,HEAVY,FINE,RES,CARS TRUCKS
RAD,NSF,SSW,DRY,DAY,MULTI,LIGHT,FINE,INCIDENT,OTH
RAD,NSR,TAI,DRY,DAY,MULTI,NO,FINE,RES,EMP
XRD,NSM,SSW,DRY,DAY,SINGLE,LIGHT,FINE,RES,CARS TRUCKS
TIN,REAR,SSW,WET,DAY,MULTI,MODERATE,RAIN,RES,EMP
XRD,REAR,N2T,DRY,DAY,SINGLE,LIGHT,FINE,NRES,CARS TRUCKS
RAD,REAR,N2T,DRY,DAY,SINGLE,LIGHT,FINE,NRES,CARS TRUCKS
XRD,NSM,SSW,DRY,DAY,MULTI,LIGHT,FINE,NRES,EMP
RAD,FRNT,BTMO,DRY,DAY,SINGLE,NO,FINE,RES,EMP
RAD,OSR,N2T,DRY,DAY,MULTI,HEAVY,FINE,NRES,CARS TRUCKS
RAD,WIN,SSW,DRY,DAY,SINGLE,LIGHT,FINE,INCIDENT,OTH
RAD,NSM,SSW,DRY,DAY,SINGLE,NO,FINE,RES,EMP
BSP,NSF,SSW,DRY,DAY,MULTI,MODERATE,FINE,UN3PAR,CARS TRUCKS
RAD,NSR,SSW,DRY,DAY,SINGLE,MODERATE,FINE,NRES,CARS TRUCKS
RAD,NSR,SSW,DRY,DAY,SINGLE,NO,FINE,RES,EMP
RBT,OSM,SSW,DRY,DAY,SINGLE,NO,FINE,RES,EMP
XRD,NSR,SSW,DRY,DUSK,SINGLE,HEAVY,FINE,RES,CARS TRUCKS
RAD,OSM,SSW,DRY,DAY,SINGLE,LIGHT,FINE,NRES,CARS TRUCKS
BSP,OSR,TAI,DRY,DAY,SINGLE,LIGHT,FINE,RES,EMP
BSP,OSR,SSW,DRY,DAY,MULTI,HEAVY,FINE,NRES,CARS TRUCKS
RAD,NSR,TAI,DRY,DAY,SINGLE,LIGHT,FINE,RES,CARS TRUCKS
RAD,OSM,SSW,WET,DAY,SINGLE,EXTREME,RAIN,RES,BUS - OTHER
RAD,NSR,TAI,DRY,DAY,SINGLE,LIGHT,FINE,RES,CARS TRUCKS
RAD,OSM,SSW,DRY,DAY,SINGLE,LIGHT,FINE,RES,EMP
BSP,NSM,SSW,DRY,DAY,SINGLE,LIGHT,FINE,NRES,CARS TRUCKS
RAD,OSM,SSW,DRY,DAY,SINGLE,LIGHT,FINE,RES,EMP
BSP,NSR,TAI,DRY,NIGHT,MULTI,LIGHT,FINE,RES,CARS TRUCKS
RAD,NSF,SSW,DRY,DAY,MULTI,LIGHT,FINE,NRES,CARS TRUCKS
RAD,NSR,SSW,DRY,DAY,SINGLE,HEAVY,FINE,RES,OTH
RAD,REAR,SSW,DRY,DAY,SINGLE,LIGHT,FINE,NRES,CARS TRUCKS
RAD,OSM,SSW,DRY,DAWN,MULTI,MODERATE,FINE,UN3PAR,CARS TRUCKS
TIN,OSR,TAI,DRY,DAY,SINGLE,HEAVY,FINE,RES,CARS TRUCKS
BSP,OSR,N2T,DRY,DAY,BUS,MODERATE,FINE,NRES,CARS TRUCKS
BSP,NSR,TAI,DRY,DAY,SINGLE,MODERATE,FINE,RES,EMP
RAD,NSR,SSW,DRY,DAY,SINGLE,LIGHT,FINE,RES,BUS - OTHER
XRD,NSF,SSW,DRY,DUSK,BUS,HEAVY,FINE,RES,BUS - OTHER
RAD,REAR,SSW,SLIP,DAY,MULTI,LIGHT,RAIN,RES,EMP
RBT,OSM,SSW,DRY,DAY,SINGLE,NO,FINE,RES,EMP
BSP,OSR,SSW,DRY,DAY,MULTI,HEAVY,FINE,RES,CARS TRUCKS
RBT,NSM,SSW,DRY,DAY,SINGLE,NO,FINE,RES,CARS TRUCKS
RBT,OSR,BTMO,DRY,DAY,SINGLE,LIGHT,FINE,RES,CARS TRUCKS
BSP,NSM,SSW,DRY,DAY,SINGLE,HEAVY,FINE,RES,CARS TRUCKS
RAD,REAR,SSW,DRY,DAY,SINGLE,LIGHT,FINE,NRES,EMP
BSP,NSR,SSW,DRY,DAY,SINGLE,LIGHT,FINE,RES,CARS TRUCKS
BSP,OSR,N2T,DRY,DAY,MULTI,MODERATE,FINE,NRES,CARS TRUCKS
RAD,OSR,SSW,DRY,DAY,MULTI,LIGHT,FINE,NRES,CARS TRUCKS
RAD,WIN,SSW,DRY,DAY,SINGLE,LIGHT,FINE,NRES,CARS TRUCKS
RAD,NSR,TAI,DRY,DAY,MULTI,LIGHT,FINE,RES,EMP
RAD,REAR,SSW,DRY,NIGHT,SINGLE,LIGHT,FINE,INCIDENT,GEN
RAD,REAR,N2T,DRY,DAY,SINGLE,MODERATE,FINE,NRES,CARS TRUCKS
RAD,REAR,TAI,DRY,DAY,SINGLE,LIGHT,FINE,RES,EMP
BSP,NSF,HON,DRY,DAY,MULTI,NO,FINE,RES,EMP
RAD,OSR,TBO,DRY,NIGHT,MULTI,NO,FINE,NRES,CARS TRUCKS
RAD,NSR,TAI,WET,DAY,SINGLE,NO,RAIN,RES,EMP
RAD,REAR,N2T,WET,DAY,MULTI,HEAVY,RAIN,NRES,CARS TRUCKS
RAD,NSR,SSW,WET,DUSK,SINGLE,MODERATE,RAIN,RES,EMP
RAD,REAR,SSW,DRY,DAY,FREE,HEAVY,FINE,RES,CARS TRUCKS
RAD,OSM,SSW,DRY,DAY,SINGLE,HEAVY,FINE,RES,CARS TRUCKS
RAD,FRNT,N2T,DRY,DAY,MULTI,HEAVY,FINE,RES,CARS TRUCKS
DEPOT,NSR,REVERSING,DRY,DAY,SINGLE,NO,FINE,RES,EMP
RAD,NSM,SSW,DRY,DAY,SINGLE,LIGHT,FINE,RES,EMP
RAD,OSR,REVERSING,DRY,DAY,SINGLE,NO,FINE,RES,EMP
BSP,OSM,SSW,DRY,DAY,MULTI,LIGHT,FINE,RES,CARS TRUCKS
RAD,OSR,TAI,DRY,DAY,SINGLE,LIGHT,FINE,RES,EMP
RAD,NSF,SSW,DRY,DAY,SINGLE,HEAVY,FINE,UN3PAR,EMP
RAD,NSF,SSW,DRY,DAY,MULTI,MODERATE,FINE,NRES,CARS TRUCKS
BSP,REAR,REVERSING,DRY,DAY,BUS,LIGHT,FINE,RES,EMP
RAD,NSR,SSW,DRY,DAY,SINGLE,NO,FINE,RES,EMP
RAD,NSF,SSW,WET,DAY,MULTI,HEAVY,FINE,RES,EMP
RAD,NSF,HON,DRY,DAY,MULTI,MODERATE,FINE,RES,EMP
BSP,OSR,REVERSING,DRY,DAY,SINGLE,LIGHT,FINE,NRES,CARS TRUCKS
RAD,NSR,SSW,DRY,DAY,MULTI,MODERATE,FINE,RES,EMP
RAD,OSM,SSW,DRY,DAY,MULTI,LIGHT,FINE,RES,BUS - OTHER
BSP,REAR,REVERSING,DRY,DAY,BUS,MODERATE,FINE,NRES,BUS - OTHER
BSP,NSF,HON,DRY,DAY,SINGLE,LIGHT,FINE,RES,CARS TRUCKS
RAD,OSF,SSW,DRY,DAY,SINGLE,LIGHT,FINE,NRES,EMP
RAD,NSR,TAI,WET,DAY,SINGLE,MODERATE,RAIN,RES,EMP
XRD,OSR,SSW,DRY,DAY,SINGLE,LIGHT,FINE,NRES,EMP
BSP,NSM,TBO,DRY,DUSK,MULTI,HEAVY,FINE,NRES,ROA
RAD,NSM,SSW,DRY,DAY,SINGLE,LIGHT,FINE,RES,EMP
BSP,REAR,SSW,DRY,DAWN,SINGLE,LIGHT,FINE,INCIDENT,OTH
BSP,MIR,SSW,WET,DAY,SINGLE,MODERATE,RAIN,RES,EMP
RAD,NSR,SSW,DRY,DAY,SINGLE,LIGHT,FINE,NRES,EMP
BSP,NSR,SSW,DRY,DAY,MULTI,HEAVY,FINE,RES,EMP
RAD,TOPF,SSW,DRY,DAY,SINGLE,LIGHT,FINE,NRES,EMP
DEPOT,NSF,SSW,DRY,DAY,SINGLE,LIGHT,FINE,RES,EMP
RBT,OSM,SSW,DRY,DAY,MULTI,NO,FINE,RES,EMP
RAD,FRNT,SSW,DRY,DAY,SINGLE,LIGHT,FINE,NRES,EMP
RAD,NSM,SSW,DRY,DAWN,MULTI,LIGHT,FINE,RES,EMP
RAD,REAR,SSW,DRY,DAY,SINGLE,LIGHT,FINE,NRES,EMP
RAD,OSF,SSW,DRY,DAY,MULTI,LIGHT,FINE,UN3PAR,CARS TRUCKS
TIN,OSR,SSW,DRY,DAY,SINGLE,NO,FINE,RES,EMP
RAD,OSR,TAI,DRY,DAY,MULTI,MODERATE,FINE,RES,EMP
RAD,OSR,SSW,DRY,DAY,SINGLE,NO,FINE,RES,CARS TRUCKS
RAD,FRNT,HON,DRY,DAY,SINGLE,MODERATE,FINE,RES,EMP
RAD,NSM,TBO,DRY,DAY,MULTI,HEAVY,FINE,RES,CARS TRUCKS
RAD,FRNT,HON,DRY,DAY,SINGLE,LIGHT,FINE,RES,EMP
RAD,WSRE,SSW,DRY,DAY,SINGLE,LIGHT,FINE,NRES,EMP
BSP,NSF,N2T,DRY,DAY,SINGLE,LIGHT,FINE,RES,EMP
RAD,NSF,SSW,DRY,DAY,SINGLE,LIGHT,FINE,RES,EMP
TIN,NSR,BTMO,DRY,DAY,SINGLE,MODERATE,FINE,RES,EMP
BSP,OSR,N2T,DRY,DAY,MULTI,LIGHT,FINE,NRES,EMP
RAD,NSR,SSW,DRY,NIGHT,SINGLE,MODERATE,FINE,RES,EMP
BSP,NSR,TAI,DRY,DAY,SINGLE,LIGHT,FINE,RES,EMP
RAD,NSF,SSW,DRY,DAY,SINGLE,HEAVY,FINE,RES,BUS - OTHER
XRD,OSM,SSW,DRY,DAY,SINGLE,LIGHT,FINE,RES,EMP
RAD,OSR,SSW,DRY,DAY,SINGLE,LIGHT,FINE,RES,EMP
RAD,OSR,SSW,DRY,DAY,SINGLE,LIGHT,FINE,RES,EMP
BSP,NSF,HON,DRY,DAY,MULTI,MODERATE,FINE,RES,CARS TRUCKS
RAD,REAR,REVERSING,DRY,DAY,SINGLE,LIGHT,FINE,RES,EMP
RAD,OSM,SSW,DRY,DAY,SINGLE,LIGHT,FINE,RES,EMP
BSP,NSR,SSW,WET,DAY,BUS,LIGHT,RAIN,RES,EMP
BSP,MIR,SSW,DRY,DAY,MULTI,HEAVY,FINE,UN3PAR,CARS TRUCKS
RAD,NSR,SSW,DRY,DAY,SINGLE,LIGHT,FINE,RES,EMP
XRD,NSM,SSW,SLIP,DAWN,MULTI,HEAVY,RAIN,NRES,EMP
BSP,NSF,SSW,DRY,DAY,SINGLE,LIGHT,FINE,RES,EMP
BSP,NSF,SSW,DRY,DAY,SINGLE,LIGHT,FINE,RES,EMP
BSP,FRNT,HON,WET,DAY,MULTI,LIGHT,RAIN,RES,EMP
RAD,NSR,SSW,DRY,DAY,MULTI,HEAVY,FINE,NRES,CARS TRUCKS
RAD,OSF,SSW,DRY,DAY,MULTI,MODERATE,FINE,NRES,EMP
RAD,OSM,SSW,DRY,DAY,SINGLE,LIGHT,FINE,RES,EMP
RAD,FRNT,HON,DRY,DAY,SINGLE,LIGHT,FINE,UN3PAR,EMP
RBT,NSF,SSW,DRY,DAY,SINGLE,NO,FINE,RES,EMP
XRD,NSR,SSW,DRY,NIGHT,MULTI,MODERATE,FINE,RES,EMP
BSP,NSM,SSW,DRY,DAY,SINGLE,MODERATE,FINE,RES,CARS TRUCKS
RAD,OSR,TAI,DRY,DAY,SINGLE,LIGHT,FINE,RES,EMP
BSP,NSM,SSW,DRY,DAY,SINGLE,NO,FINE,RES,EMP
RAD,REAR,N2T,DRY,NIGHT,MULTI,HEAVY,FINE,NRES,EMP
RAD,MIR,SSW,DRY,DAY,SINGLE,LIGHT,FINE,RES,CARS TRUCKS
RAD,FRNT,HON,DRY,DAY,SINGLE,LIGHT,FINE,INCIDENT,OTH