location_code,damage_code,collision_code,road_code,light_code,road_type_code,traffic_code,weather_code,emp_liability_code,kpi_cause_code
BSP,MIR,SSW,DRY,DAY,MULTI,LIGHT,FINE,RES,EMP
BSP,NSR,SSW,DRY,DAY,SINGLE,LIGHT,FINE,RES,EMP
RAD,NSF,SSW,DRY,DAY,SINGLE,LIGHT,FINE,RES,EMP
RAD,OSR,TAI,DRY,DAY,SINGLE,LIGHT,FINE,RES,EMP
RAD,NSM,SSW,DRY,DAY,SINGLE,LIGHT,FINE,RES,EMP
RAD,FRNT,SSW,DRY,DAY,SINGLE,LIGHT,FINE,PEND,EMP
RAD,NSF,HON,DRY,DAY,SINGLE,LIGHT,FINE,RES,EMP
RAD,REAR,TAI,DRY,DAY,SINGLE,NO,FINE,RES,EMP
RAD,NSR,SSW,DRY,DAY,SINGLE,LIGHT,FINE,RES,EMP
RAD,NSR,SSW,DRY,DAY,SINGLE,LIGHT,FINE,RES,EMP
RAD,OSR,TAI,DRY,DAY,SINGLE,LIGHT,FINE,RES,EMP
RAD,NSF,SSW,DRY,DAY,SINGLE,NO,FINE,RES,CARS TRUCKS
RAD,OSR,SSW,DRY,DAY,MULTI,LIGHT,FINE,NRES,ROA
RAD,FRNT,SSW,DRY,DAY,SINGLE,LIGHT,FINE,RES,EMP
BSP,NSM,SSW,DRY,DAY,SINGLE,MODERATE,FINE,NRES,CARS TRUCKS
RAD,NSR,SSW,DRY,DAY,SINGLE,LIGHT,FINE,RES,EMP
BSP,MIR,SSW,DRY,DAY,MULTI,LIGHT,FINE,UN3PAR,EMP
BSP,NSR,SSW,DRY,DAY,SINGLE,LIGHT,FINE,RES,EMP
RAD,OSF,SSW,DRY,DAY,SINGLE,NO,FINE,RES,EMP
BSP,NSR,SSW,DRY,DAY,MULTI,NO,FINE,RES,EMP
RAD,REAR,SSW,DRY,DAY,SINGLE,LIGHT,FINE,NRES,EMP
RAD,OSR,SSW,DRY,DAY,SINGLE,LIGHT,FINE,NRES,EMP
RAD,OSR,SSW,DRY,DAY,MULTI,MODERATE,FINE,RES,CARS TRUCKS
DEPOT,REAR,REVERSING,DRY,DAY,SINGLE,LIGHT,FINE,RES,EMP
RAD,REAR,BTMO,DRY,DAY,SINGLE,LIGHT,FINE,RES,EMP
RAD,WSRE,HON,DRY,DAY,SINGLE,LIGHT,FINE,RES,EMP
RAD,FRNT,HON,DRY,DAY,SINGLE,LIGHT,FINE,RES,EMP
DEPOT,WSRE,N2T,DRY,NIGHT,SINGLE,NO,FINE,RES,EMP
BSP,MIR,SSW,SLIP,DUSK,MULTI,LIGHT,RAIN,RES,EMP
RAD,NSR,SSW,DRY,DAY,SINGLE,LIGHT,FINE,RES,EMP
DEPOT,NSR,SSW,DRY,DAY,SINGLE,LIGHT,FINE,UN3PAR,EMP
RAD,NSR,SSW,DRY,DAY,SINGLE,LIGHT,FINE,UNREP,EMP
RAD,OSM,SSW,DRY,DAY,SINGLE,LIGHT,FINE,NRES,EMP
RAD,OSF,SSW,DRY,DAY,SINGLE,LIGHT,FINE,NRES,CARS TRUCKS
DEPOT,REAR,REVERSING,DRY,DAY,SINGLE,NO,FINE,RES,EMP
XRD,NSM,SSW,DRY,DAY,MULTI,MODERATE,FINE,NRES,CARS TRUCKS
RAD,OSF,SSW,DRY,DAY,SINGLE,LIGHT,FINE,NRES,EMP
RAD,NSR,SSW,DRY,DAY,SINGLE,LIGHT,FINE,INCIDENT,EMP
RAD,NSF,SSW,DRY,DAY,MULTI,MODERATE,FINE,INCIDENT,PL&EQ
RBT,NSF,HON,DRY,DAY,SINGLE,LIGHT,FINE,RES,EMP
RAD,NSM,SSW,DRY,DAY,SINGLE,LIGHT,FINE,RES,BUS - OTHER
RAD,Broken side win,SSW,DRY,DAY,SINGLE,LIGHT,FINE,PEND,EMP
RAD,NSM,SSW,DRY,DAY,SINGLE,LIGHT,FINE,UN3PAR,EMP
RAD,OSF,SSW,DRY,DAY,MULTI,HEAVY,FINE,UN3PAR,ROA
RAD,NSR,SSW,DRY,DAY,SINGLE,LIGHT,FINE,PEND,EMP
RAD,FRNT,SSW,DRY,DAY,SINGLE,MODERATE,FINE,INCIDENT,CARS TRUCKS
RAD,FRNT,N2T,DRY,NIGHT,SINGLE,NO,FINE,RES,EMP
RAD,OSR,SSW,DRY,DAY,MULTI,EXTREME,FINE,RES,EMP
RAD,OSF,SSW,DRY,DAY,SINGLE,LIGHT,FINE,NRES,EMP
RAD,REAR,N2T,DRY,DAY,MULTI,MODERATE,FINE,NRES,CARS TRUCKS
RAD,NSM,TBO,DRY,NIGHT,MULTI,LIGHT,FINE,RES,CARS TRUCKS
RAD,NSF,SSW,DRY,DAY,MULTI,LIGHT,FINE,NRES,CARS TRUCKS
RAD,NSR,SSW,DRY,DAY,SINGLE,LIGHT,FINE,NRES,EMP
RAD,OSM,SSW,DRY,DAY,SINGLE,LIGHT,FINE,RES,EMP
BSP,WSRE,HON,DRY,DAY,BUS,NO,FINE,RES,EMP
RAD,NSF,SSW,DRY,DAY,SINGLE,LIGHT,FINE,RES,EMP
RAD,NSR,SSW,DRY,NIGHT,MULTI,LIGHT,FINE,RES,EMP
RAD,NSR,SSW,DRY,DAY,SINGLE,LIGHT,FINE,UNREP,EMP
RAD,MIR,SSW,DRY,DAY,MULTI,MODERATE,FINE,INCIDENT,ENV
XRD,NSF,TBO,DRY,DAY,SINGLE,LIGHT,FINE,RES,EMP
RAD,TOPM,HON,DRY,DAY,SINGLE,LIGHT,FINE,RES,EMP
RAD,NSR,TAI,DRY,DUSK,MULTI,HEAVY,FINE,RES,EMP
XRD,NSR,SSW,DRY,DAY,SINGLE,HEAVY,FINE,RES,EMP
RAD,OSF,SSW,DRY,DAY,SINGLE,LIGHT,FINE,NRES,EMP
BSP,REAR,N2T,DRY,DAWN,MULTI,LIGHT,RAIN,NRES,CARS TRUCKS
BSP,OSF,SSW,SLIP,DAY,BUS,NO,RAIN,RES,EMP
BSP,TOPF,SSW,DRY,DAY,SINGLE,LIGHT,FINE,RES,EMP
RAD,OSR,SSW,DRY,DAY,SINGLE,LIGHT,FINE,NRES,EMP
RAD,NSR,SSW,DRY,DAY,SINGLE,LIGHT,FINE,UNREP,OTH
RAD,OSF,SSW,DRY,DAY,MULTI,HEAVY,FINE,NRES,CARS TRUCKS
RAD,NSR,TAI,DRY,DAY,MULTI,NO,FINE,RES,EMP
XRD,MIR,SSW,DRY,DAY,BUS,MODERATE,FINE,NRES,EMP
RAD,NSF,SSW,DRY,DAY,MULTI,HEAVY,FINE,NRES,ROA
RAD,NSF,SSW,DRY,DAY,SINGLE,LIGHT,FINE,RES,EMP
RAD,OSM,SSW,DRY,DAY,SINGLE,LIGHT,FINE,RES,EMP
RAD,NSR,SSW,WET,NIGHT,SINGLE,NO,RAIN,UN3PAR,CARS TRUCKS
RAD,NSR,SSW,WET,DAY,SINGLE,MODERATE,RAIN,RES,EMP
RAD,OSM,SSW,DRY,DAY,SINGLE,LIGHT,FINE,PEND,EMP
RAD,REAR,N2T,DRY,DAY,MULTI,LIGHT,FINE,NRES,CARS TRUCKS
RAD,NSF,SSW,DRY,DAY,SINGLE,LIGHT,FINE,RES,CARS TRUCKS
BSP,OSR,N2T,DRY,NIGHT,MULTI,HEAVY,FINE,UN3PAR,GEN
RAD,NSF,HON,DRY,DAY,SINGLE,MODERATE,FINE,UN3PAR,CARS TRUCKS
RAD,NSF,SSW,DRY,DAY,SINGLE,LIGHT,FINE,PEND,EMP
BSP,MIR,HON,WET,DAY,MULTI,MODERATE,SUN,RES,EMP
RAD,NSM,SSW,DRY,DAY,SINGLE,LIGHT,FINE,UNREP,OTH
BSP,NSR,SSW,DRY,DAY,SINGLE,LIGHT,FINE,RES,EMP
RAD,REAR,N2T,DRY,DAY,MULTI,MODERATE,FINE,NRES,ROA
RAD,OSM,SSW,DRY,DAY,SINGLE,LIGHT,FINE,PEND,EMP
RAD,OSR,SSW,DRY,DAY,SINGLE,LIGHT,FINE,NRES,EMP
BSP,OSR,TBO,DRY,NIGHT,SINGLE,LIGHT,FINE,NRES,CARS TRUCKS
BSP,FRNT,SSW,DRY,DAY,SINGLE,LIGHT,FINE,RES,EMP
RAD,NSR,SSW,DRY,DAY,SINGLE,LIGHT,FINE,PEND,EMP
RAD,NSR,SSW,DRY,DAY,SINGLE,LIGHT,FINE,RES,EMP
BSP,OSF,N2T,DRY,DAY,BUS,NO,FINE,OTHERBUS,BUS - OTHER
RAD,NSR,SSW,DRY,DAY,SINGLE,LIGHT,FINE,RES,EMP
RAD,NSF,SSW,DRY,DAY,MULTI,NO,FINE,RES,EMP
RAD,WSRE,SSW,DRY,NIGHT,MULTI,LIGHT,FINE,INCIDENT,OTH
RAD,WSRE,SSW,DRY,DAY,SINGLE,LIGHT,FINE,NRES,EMP
BSP,MIR,SSW,DRY,DAY,MULTI,LIGHT,FINE,RES,EMP
RAD,NSR,REVERSING,DRY,DAY,SINGLE,LIGHT,FINE,RES,BUS - OTHER
BSP,MIR,TAI,DRY,DAY,SINGLE,NO,FINE,OTHERBUS,BUS - OTHER
RAD,FRNT,N2T,DRY,DAY,MULTI,LIGHT,FINE,RES,EMP
BSP,NSF,SSW,WET,NIGHT,MULTI,MODERATE,RAIN,RES,EMP
TIN,FRNT,N2T,DRY,DAY,MULTI,LIGHT,FINE,RES,EMP
RAD,OSM,SSW,DRY,DAY,SINGLE,LIGHT,FINE,UNREP,BUS - OTHER
RAD,MIR,SSW,DRY,DAY,MULTI,MODERATE,FINE,UN3PAR,CARS TRUCKS
BSP,FRNT,HON,DRY,DAY,SINGLE,LIGHT,FINE,RES,EMP
TIN,OSR,SSW,DRY,DAY,SINGLE,MODERATE,FINE,RES,EMP
BSP,FRNT,HON,DRY,DAY,MULTI,LIGHT,FINE,RES,EMP
RAD,REAR,BTMO,DRY,DAY,SINGLE,LIGHT,FINE,NRES,BUS - OTHER
BSP,NSR,SSW,DRY,DAY,MULTI,LIGHT,FINE,NRES,CARS TRUCKS
BSP,MIR,SSW,DRY,DAY,SINGLE,LIGHT,FINE,UN3PAR,CARS TRUCKS
TIN,FRNT,N2T,DRY,DAY,SINGLE,HEAVY,FINE,RES,EMP
BSP,OSR,SSW,DRY,NIGHT,SINGLE,LIGHT,FINE,RES,EMP
BSP,OSR,SSW,DRY,DAY,SINGLE,HEAVY,FINE,NRES,EMP
BSP,OSM,SSW,DRY,DAY,SINGLE,NO,FINE,UN3PAR,CARS TRUCKS
RAD,NSM,SSW,DRY,DAY,SINGLE,NO,FINE,RES,EMP
RAD,NSF,HON,DRY,NIGHT,SINGLE,NO,FINE,INCIDENT,OTH
DEPOT,FRNT,SSW,DRY,DAY,SINGLE,LIGHT,FINE,NRES,BUS - OTHER
RAD,NSR,TAI,DRY,DAY,SINGLE,LIGHT,FINE,RES,EMP
RAD,WSRE,SSW,DRY,DAY,SINGLE,LIGHT,FINE,RES,EMP
RBT,NSR,SSW,DRY,DAY,MULTI,LIGHT,FINE,RES,EMP
RAD,NSR,SSW,DRY,DAY,SINGLE,LIGHT,FINE,NRES,EMP
RAD,REAR,SSW,DRY,DAY,SINGLE,LIGHT,FINE,RES,EMP
RAD,NSR,SSW,DRY,DAY,SINGLE,LIGHT,FINE,RES,EMP
RAD,NSM,SSW,DRY,DAY,SINGLE,LIGHT,FINE,RES,EMP
RAD,WIN,SSW,DRY,DUSK,SINGLE,LIGHT,FINE,RES,EMP
RAD,NSF,SSW,DRY,DAY,SINGLE,LIGHT,FINE,RES,EMP
XRD,OSR,SSW,DRY,STREET,SINGLE,NO,FINE,PEND,EMP
RAD,NSR,SSW,DRY,DAY,SINGLE,LIGHT,FINE,RES,CARS TRUCKS
RAD,FRNT,N2T,DRY,DAY,SINGLE,MODERATE,FINE,RES,EMP
RAD,NSM,SSW,DRY,DAY,SINGLE,LIGHT,FINE,PEND,EMP
RAD,WIN,SSW,DRY,DAY,MULTI,LIGHT,FINE,UN3PAR,EMP
BSP,MIR,HON,DRY,DAY,BUS,MODERATE,FINE,RES,EMP
XRD,NSM,REVERSING,DRY,DAY,SINGLE,LIGHT,FINE,NRES,EMP
RAD,NSF,SSW,WET,DAY,SINGLE,LIGHT,RAIN,RES,EMP
RAD,OSM,SSW,DRY,DAY,SINGLE,LIGHT,FINE,RES,CARS TRUCKS
RAD,OSF,BTMO,DRY,DAY,SINGLE,LIGHT,FINE,RES,EMP
XRD,NSM,SSW,WET,DUSK,MULTI,HEAVY,RAIN,RES,CARS TRUCKS
RAD,FRNT,TBO,DRY,DAY,SINGLE,MODERATE,FINE,NRES,EMP
RAD,NSR,SSW,DRY,DAY,MULTI,LIGHT,FINE,RES,EMP
XRD,NSM,TBO,DRY,DAWN,MULTI,LIGHT,FINE,NRES,EMP
RAD,NSM,SSW,DRY,DAY,SINGLE,LIGHT,FINE,RES,EMP
RAD,NSM,SSW,DRY,DAY,SINGLE,LIGHT,FINE,UNREP,OTH
RAD,FRNT,SSW,DRY,DAY,SINGLE,LIGHT,FINE,INCIDENT,GEN
BSP,REAR,N2T,DRY,DAY,MULTI,LIGHT,FINE,NRES,EMP
RAD,REAR,SSW,DRY,DAWN,SINGLE,HEAVY,FINE,RES,EMP
RAD,NSR,SSW,DRY,NIGHT,SINGLE,LIGHT,FINE,RES,EMP
TIN,NSF,SSW,DRY,DAY,SINGLE,HEAVY,FINE,RES,CARS TRUCKS
RAD,NSR,SSW,DRY,DAY,SINGLE,LIGHT,FINE,RES,EMP
RAD,NSF,TBO,WET,DUSK,MULTI,HEAVY,RAIN,RES,EMP
RAD,REAR,N2T,DRY,DAY,MULTI,LIGHT,FINE,NRES,EMP
BSP,TOPR,SSW,DRY,DAY,SINGLE,NO,FINE,RES,EMP
RAD,FRNT,N2T,DRY,DAY,SINGLE,NO,FINE,NRES,ROA
RAD,FRNT,SSW,DRY,DAY,SINGLE,LIGHT,FINE,RES,EMP
RAD,OSM,SSW,DRY,DAY,SINGLE,LIGHT,FINE,RES,EMP
RAD,OSR,SSW,DRY,DAY,SINGLE,LIGHT,FINE,NRES,EMP
RAD,NSF,SSW,DRY,DAY,SINGLE,LIGHT,FINE,RES,EMP
RAD,NSM,SSW,DRY,DAY,SINGLE,LIGHT,FINE,RES,EMP
RAD,NSM,SSW,DRY,DAY,SINGLE,LIGHT,FINE,NRES,EMP
RAD,NSF,SSW,DRY,DAY,SINGLE,LIGHT,FINE,RES,EMP
RAD,NSM,SSW,DRY,DAY,SINGLE,LIGHT,FINE,RES,EMP
RAD,REAR,SSW,DRY,DAY,SINGLE,LIGHT,FINE,NRES,EMP
RAD,OSR,SSW,DRY,DAY,SINGLE,LIGHT,FINE,RES,EMP
RAD,OSF,SSW,DRY,DAY,SINGLE,LIGHT,FINE,RES,EMP
DEPOT,NSM,REVERSING,DRY,DAY,SINGLE,LIGHT,FINE,RES,EMP
RAD,REAR,SSW,DRY,DAY,SINGLE,LIGHT,FINE,NRES,EMP
RAD,NSF,SSW,DRY,DAY,SINGLE,LIGHT,FINE,NRES,EMP
BSP,NSF,SSW,DRY,DAY,SINGLE,LIGHT,FINE,NRES,EMP
RAD,OSR,SSW,DRY,DAY,SINGLE,LIGHT,FINE,RES,EMP
RAD,NSR,SSW,DRY,DAY,SINGLE,LIGHT,FINE,RES,EMP
RAD,FRNT,SSW,DRY,DAY,SINGLE,LIGHT,FINE,RES,EMP
RAD,OSF,SSW,DRY,DAY,SINGLE,LIGHT,FINE,NRES,EMP
RAD,NSF,SSW,DRY,DAY,SINGLE,LIGHT,FINE,PEND,EMP
RAD,NSF,SSW,DRY,DAY,SINGLE,LIGHT,FINE,NRES,EMP
RAD,MIR,SSW,DRY,DAY,SINGLE,MODERATE,FINE,RES,EMP
RAD,NSR,SSW,DRY,DAY,SINGLE,LIGHT,FINE,NRES,EMP
RAD,MIR,SSW,DRY,DAY,SINGLE,LIGHT,FINE,RES,EMP
RAD,OSR,SSW,DRY,DAY,SINGLE,LIGHT,FINE,NRES,EMP
RAD,MIR,SSW,DRY,DAY,SINGLE,LIGHT,FINE,NRES,EMP
XRD,FRNT,SSW,DRY,DAY,SINGLE,EXTREME,FINE,RES,EMP
BSP,OSR,N2T,DRY,DAY,SINGLE,LIGHT,FINE,NRES,EMP
RAD,MIR,SSW,DRY,DAY,MULTI,EXTREME,FINE,NRES,EMP
RAD,MIR,SSW,DRY,DAY,MULTI,NO,FINE,RES,EMP
RAD,MIR,SSW,DRY,DUSK,SINGLE,MODERATE,FINE,RES,EMP
RAD,REAR,SSW,DRY,DAY,SINGLE,HEAVY,FINE,NRES,EMP
RAD,REAR,SSW,DRY,DAY,SINGLE,LIGHT,FINE,RES,EMP
RAD,MIR,SSW,DRY,DAY,MULTI,HEAVY,FINE,RES,EMP
BSP,OSF,SSW,DRY,DAY,SINGLE,MODERATE,FINE,NRES,EMP
RBT,OSM,SSW,DRY,DAY,SINGLE,HEAVY,FINE,NRES,EMP
RAD,OSM,SSW,DRY,DAY,SINGLE,LIGHT,FINE,RES,EMP
TIN,NSR,SSW,DRY,DAY,SINGLE,NO,FINE,RES,EMP
RAD,NSR,SSW,DRY,DUSK,SINGLE,HEAVY,FINE,RES,EMP
RAD,NSR,SSW,DRY,DAWN,BUS,LIGHT,FINE,RES,EMP
RAD,NSR,SSW,DRY,DAY,SINGLE,MODERATE,FINE,NRES,EMP
RAD,FRNT,SSW,DRY,DAY,MULTI,LIGHT,FINE,RES,EMP
RAD,NSR,SSW,DRY,DAY,SINGLE,LIGHT,FINE,RES,EMP
RAD,MIR,SSW,DRY,DAY,SINGLE,MODERATE,FINE,NRES,EMP
RAD,WSRE,SSW,DRY,DUSK,SINGLE,LIGHT,FINE,NRES,EMP
RAD,WIN,SSW,DRY,DUSK,BUS,LIGHT,FINE,NRES,EMP
RAD,NSR,SSW,DRY,DAY,SINGLE,LIGHT,FINE,RES,EMP
BSP,NSF,SSW,DRY,DAY,SINGLE,LIGHT,FINE,RES,EMP
RAD,NSM,SSW,DRY,DAY,SINGLE,LIGHT,FINE,RES,EMP
RAD,OSR,TBO,DRY,DAY,SINGLE,NO,FINE,RES,EMP
RAD,FRNT,SSW,DRY,DAY,SINGLE,LIGHT,FINE,RES,EMP
RAD,WSRE,SSW,WET,DAWN,MULTI,MODERATE,RAIN,RES,EMP
RAD,NSR,SSW,DRY,DAY,SINGLE,LIGHT,FINE,NRES,EMP
RAD,WSRE,HON,DRY,DAY,SINGLE,HEAVY,FINE,NRES,EMP
BSP,REAR,N2T,DRY,DAY,SINGLE,LIGHT,FINE,PEND,EMP
RAD,NSM,SSW,DRY,DAWN,MULTI,HEAVY,FINE,RES,EMP
RAD,MIR,SSW,DRY,DAY,MULTI,LIGHT,FINE,PEND,EMP
RAD,NSM,SSW,DRY,DUSK,MULTI,HEAVY,FINE,NRES,EMP
XRD,NSF,HON,DRY,DAY,SINGLE,LIGHT,FINE,PEND,EMP
RAD,REAR,SSW,DRY,DUSK,MULTI,LIGHT,FINE,NRES,EMP
RAD,NSM,SSW,DRY,DAY,SINGLE,LIGHT,FINE,PEND,EMP
RAD,NSM,SSW,DRY,DAY,SINGLE,LIGHT,FINE,PEND,EMP
RAD,NSR,SSW,DRY,DAY,SINGLE,LIGHT,FINE,RES,EMP
BSP,MIR,SSW,DRY,DAY,SINGLE,LIGHT,FINE,RES,EMP
TIN,MIR,SSW,DRY,DAY,MULTI,MODERATE,FINE,PEND,EMP
RAD,NSR,SSW,DRY,DAY,SINGLE,LIGHT,FINE,RES,EMP
RAD,FRNT,SSW,DRY,DAY,SINGLE,LIGHT,FINE,NRES,EMP
RAD,WSRE,SSW,DRY,DAY,SINGLE,LIGHT,FINE,NRES,EMP
XRD,FRNT,SSW,DRY,DAY,SINGLE,LIGHT,FINE,RES,EMP
RAD,NSR,SSW,DRY,DAY,SINGLE,LIGHT,FINE,RES,EMP
XRD,NSR,SSW,WET,NIGHT,SINGLE,HEAVY,RAIN,RES,EMP
BSP,TOPF,HON,DRY,DAY,SINGLE,LIGHT,FINE,RES,EMP
BSP,NSR,SSW,DRY,DAY,SINGLE,LIGHT,FINE,RES,EMP
RAD,WSRE,SSW,DRY,DAY,SINGLE,LIGHT,FINE,PEND,EMP
RAD,WSRE,SSW,DRY,DAY,SINGLE,LIGHT,FINE,NRES,EMP
RAD,MIR,SSW,DRY,DUSK,MULTI,MODERATE,FINE,NRES,EMP
RBT,OSM,SSW,DRY,DAY,SINGLE,NO,FINE,RES,EMP
RAD,NSM,SSW,DRY,DAY,SINGLE,LIGHT,FINE,NRES,EMP
RAD,FRNT,SSW,DRY,DAY,SINGLE,LIGHT,FINE,PEND,EMP
RAD,NSR,SSW,DRY,DAY,SINGLE,LIGHT,FINE,PEND,EMP
RAD,OSR,SSW,DRY,DAY,SINGLE,NO,FINE,PEND,EMP
RAD,OSF,SSW,WET,DUSK,SINGLE,LIGHT,RAIN,RES,EMP
RAD,WIN,SSW,DRY,DAY,SINGLE,LIGHT,FINE,NRES,EMP
XRD,NSF,SSW,DRY,DAY,SINGLE,NO,FINE,PEND,EMP
RAD,OSM,SSW,DRY,DAY,SINGLE,LIGHT,FINE,NRES,EMP
RAD,MIR,SSW,DRY,DAY,SINGLE,LIGHT,FINE,RES,EMP
RAD,NSR,SSW,DRY,DAY,SINGLE,LIGHT,FINE,RES,EMP
RAD,OSM,SSW,DRY,DAY,SINGLE,LIGHT,FINE,RES,EMP
RAD,OSM,SSW,DRY,DUSK,MULTI,LIGHT,FINE,PEND,EMP
BSP,OSR,SSW,DRY,DAY,SINGLE,MODERATE,FINE,NRES,EMP
RAD,MIR,SSW,DRY,DAY,SINGLE,LIGHT,FINE,PEND,EMP
RAD,OSR,SSW,DRY,DAY,SINGLE,LIGHT,FINE,RES,EMP
BSP,OSR,SSW,DRY,DAY,SINGLE,LIGHT,FINE,RES,EMP
BSP,NSR,SSW,DRY,DAY,SINGLE,LIGHT,FINE,RES,EMP
RAD,NSR,SSW,DRY,DAY,SINGLE,LIGHT,FINE,NRES,EMP
XRD,NSM,SSW,DRY,DAY,MULTI,HEAVY,FINE,RES,EMP
RBT,OSF,TBO,DRY,DAY,SINGLE,LIGHT,FINE,RES,EMP
RAD,NSR,SSW,DRY,DAY,SINGLE,LIGHT,FINE,RES,EMP
RAD,NSR,SSW,DRY,DAY,SINGLE,LIGHT,FINE,RES,EMP
TIN,REAR,SSW,DRY,STREET,SINGLE,HEAVY,FINE,RES,EMP
RAD,OSR,SSW,DRY,DAY,SINGLE,LIGHT,FINE,RES,EMP
RAD,FRNT,SSW,DRY,DAY,SINGLE,LIGHT,FINE,PEND,EMP
RAD,NSR,SSW,DRY,DAY,SINGLE,LIGHT,FINE,PEND,EMP
RAD,REAR,SSW,DRY,DAY,SINGLE,LIGHT,FINE,PEND,EMP
RAD,WIN,SSW,DRY,DAY,SINGLE,LIGHT,FINE,PEND,EMP
RAD,NSR,SSW,DRY,DAY,SINGLE,LIGHT,FINE,RES,EMP
RAD,NSR,SSW,DRY,DAY,SINGLE,LIGHT,FINE,RES,EMP
RAD,REAR,SSW,DRY,DAY,SINGLE,LIGHT,FINE,RES,EMP
RAD,NSR,SSW,DRY,DAY,SINGLE,LIGHT,FINE,RES,EMP
RAD,NSF,SSW,DRY,DAY,SINGLE,LIGHT,FINE,RES,EMP
RAD,WIN,SSW,DRY,DAY,SINGLE,LIGHT,FINE,NRES,EMP
RAD,NSM,SSW,DRY,DAY,SINGLE,LIGHT,FINE,NRES,EMP
RAD,NSM,SSW,DRY,DAY,SINGLE,LIGHT,FINE,NRES,EMP
RAD,NSR,SSW,DRY,DAY,SINGLE,LIGHT,FINE,NRES,EMP
RAD,OSM,SSW,DRY,NIGHT,MULTI,MODERATE,FINE,NRES,EMP
RAD,NSR,SSW,DRY,DAY,SINGLE,NO,FINE,NRES,EMP
RAD,REAR,SSW,DRY,DAY,SINGLE,LIGHT,FINE,NRES,EMP
RAD,NSR,SSW,DRY,DAY,SINGLE,LIGHT,FINE,PEND,EMP
RAD,NSR,SSW,DRY,DAY,SINGLE,LIGHT,FINE,RES,EMP
RAD,OSM,SSW,DRY,DAWN,MULTI,LIGHT,FINE,RES,EMP
RAD,REAR,N2T,DRY,DAY,FREE,HEAVY,FINE,NRES,EMP
RAD,NSF,N2T,DRY,DAY,SINGLE,HEAVY,FINE,RES,EMP
RAD,NSM,SSW,DRY,DAY,SINGLE,LIGHT,FINE,RES,EMP
RAD,TOPF,SSW,SLIP,DAY,SINGLE,LIGHT,RAIN,RES,EMP
BSP,NSR,SSW,DRY,DAY,SINGLE,LIGHT,FINE,RES,EMP
BSP,OSR,SSW,DRY,DAY,BUS,LIGHT,FINE,NRES,EMP
RAD,OSF,SSW,DRY,DAY,SINGLE,LIGHT,FINE,RES,EMP
RAD,REAR,N2T,DRY,DAY,MULTI,EXTREME,FINE,RES,EMP
RAD,OSR,SSW,WET,DAY,SINGLE,LIGHT,RAIN,RES,EMP
RAD,OSR,SSW,DRY,DAY,SINGLE,LIGHT,FINE,PEND,EMP
TIN,NSF,SSW,DRY,DAY,SINGLE,LIGHT,FINE,RES,EMP
RAD,NSR,SSW,DRY,DAY,SINGLE,LIGHT,FINE,RES,EMP
BSP,FRNT,N2T,DRY,DAY,BUS,MODERATE,FINE,RES,EMP
XRD,OSR,SSW,DRY,DAY,SINGLE,LIGHT,FINE,RES,EMP
RBT,NSR,SSW,DRY,DAY,SINGLE,LIGHT,FINE,PEND,EMP
RAD,NSR,SSW,DRY,DAY,SINGLE,LIGHT,FINE,NRES,EMP
XRD,NSF,SSW,DRY,DAY,SINGLE,LIGHT,FINE,RES,EMP
RBT,REAR,N2T,DRY,DAY,SINGLE,LIGHT,FINE,NRES,EMP
BSP,NSF,HON,DRY,DAY,MULTI,MODERATE,FINE,RES,EMP
RAD,FRNT,SSW,DRY,DAY,SINGLE,LIGHT,FINE,NRES,EMP
TIN,REAR,SSW,DRY,DAY,SINGLE,NO,FINE,NRES,EMP
RAD,NSR,SSW,DRY,DAY,SINGLE,LIGHT,FINE,NRES,EMP
XRD,FRNT,TBO,DRY,DAY,MULTI,LIGHT,FINE,NRES,EMP
BSP,OSF,SSW,DRY,DAY,SINGLE,LIGHT,FINE,NRES,EMP
XRD,FRNT,SSW,DRY,DAY,MULTI,HEAVY,FINE,NRES,EMP
RAD,WSRE,SSW,DRY,DAY,SINGLE,NO,FINE,RES,EMP
BSP,NSM,SSW,DRY,DAY,SINGLE,LIGHT,FINE,RES,EMP
TIN,NSR,SSW,DRY,DAY,SINGLE,LIGHT,FINE,RES,EMP
BSP,NSR,SSW,DRY,DAY,BUS,NO,FINE,RES,EMP
RAD,OSR,SSW,DRY,DAY,MULTI,LIGHT,FINE,NRES,EMP
BSP,MIR,SSW,DRY,DAY,MULTI,LIGHT,FINE,NRES,EMP
RAD,WIN,SSW,WET,NIGHT,MULTI,NO,FINE,NRES,EMP
RAD,NSF,SSW,DRY,DAY,SINGLE,LIGHT,FINE,RES,EMP
RAD,NSR,SSW,DRY,DAY,SINGLE,LIGHT,FINE,NRES,EMP
RAD,NSR,SSW,DRY,DAY,SINGLE,LIGHT,FINE,NRES,EMP
RAD,NSR,SSW,DRY,DAY,SINGLE,LIGHT,FINE,RES,EMP
RAD,NSR,TBO,DRY,DAY,SINGLE,LIGHT,FINE,NRES,EMP
RAD,NSR,SSW,DRY,NIGHT,SINGLE,MODERATE,FINE,RES,EMP
RAD,NSF,SSW,DRY,DAY,SINGLE,LIGHT,FINE,NRES,EMP
BSP,NSR,N2T,DRY,DAY,SINGLE,HEAVY,FINE,RES,EMP
RAD,OSR,SSW,DRY,DAY,MULTI,LIGHT,FINE,NRES,EMP
RAD,NSF,SSW,DRY,DAY,SINGLE,LIGHT,FINE,RES,EMP
TIN,NSF,SSW,DRY,DAY,MULTI,LIGHT,FINE,RES,EMP
BSP,MIR,HON,DRY,DAY,MULTI,HEAVY,FINE,RES,EMP