location_code,damage_code,collision_code,road_code,light_code,road_type_code,traffic_code,weather_code,emp_liability_code,kpi_cause_code
RAD,NSR,SSW,DRY,DAY,SINGLE,LIGHT,FINE,PEND,EMP
RAD,FRNT,HON,DRY,DAY,SINGLE,NO,FINE,RES,EMP
RAD,NSF,N2T,DRY,DAY,SINGLE,LIGHT,FINE,RES,EMP
TIN,FRNT,SSW,DRY,DAY,SINGLE,NO,FINE,RES,EMP
BSP,NSF,SSW,DRY,DAY,BUS,NO,RAIN,NRES,EMP
BSP,MIR,SSW,DRY,DAY,SINGLE,LIGHT,FINE,NRES,EMP
BSP,MIR,SSW,DRY,DAY,MULTI,LIGHT,FINE,RES,EMP
RAD,WSRE,SSW,DRY,DAY,SINGLE,LIGHT,FINE,NRES,EMP
BSP,REAR,N2T,DRY,DAY,MULTI,MODERATE,FINE,NRES,EMP
RAD,NSM,SSW,DRY,DAY,SINGLE,LIGHT,FINE,RES,EMP
BSP,NSR,SSW,WET,DAY,BUS,NO,RAIN,RES,EMP
RAD,FRNT,SSW,DRY,NIGHT,MULTI,NO,FINE,NRES,EMP
BSP,MIR,SSW,DRY,DAY,SINGLE,LIGHT,FINE,RES,EMP
RAD,NSR,SSW,DRY,DAY,SINGLE,LIGHT,FINE,RES,EMP
RAD,NSR,SSW,DRY,DAY,SINGLE,NO,FINE,RES,EMP
RAD,OSR,SSW,DRY,DAY,MULTI,HEAVY,FINE,NRES,EMP
RAD,NSR,SSW,DRY,DAY,BUS,MODERATE,FINE,RES,EMP
RAD,NSR,SSW,DRY,DAY,SINGLE,LIGHT,FINE,NRES,EMP
TIN,REAR,N2T,DRY,DAY,MULTI,LIGHT,FINE,NRES,EMP
RAD,WSRE,SSW,DRY,DAY,SINGLE,LIGHT,FINE,NRES,EMP
RAD,NSR,SSW,DRY,DAY,SINGLE,LIGHT,FINE,RES,EMP
BSP,FRNT,HON,WET,NIGHT,SINGLE,LIGHT,RAIN,RES,EMP
RAD,NSF,HON,WET,NIGHT,SINGLE,LIGHT,RAIN,RES,EMP
TIN,OSR,SSW,DRY,DAY,SINGLE,LIGHT,FINE,RES,EMP
XRD,MIR,SSW,DRY,DAY,SINGLE,LIGHT,FINE,NRES,EMP
BSP,NSF,SSW,DRY,DAY,MULTI,NO,FINE,NRES,EMP
BSP,TOPM,SSW,DRY,DAY,SINGLE,LIGHT,FINE,RES,EMP
RAD,NSF,SSW,DRY,STREET,SINGLE,NO,FINE,NRES,EMP
TIN,NSM,SSW,DRY,DAY,MULTI,MODERATE,FINE,NRES,EMP
RAD,NSR,SSW,DRY,DUSK,MULTI,HEAVY,RAIN,RES,EMP
BSP,REAR,SSW,DRY,DAY,SINGLE,LIGHT,RAIN,RES,EMP
BSP,MIR,SSW,DRY,DAY,SINGLE,LIGHT,FINE,RES,EMP
TIN,OSR,SSW,DRY,DAY,MULTI,LIGHT,FINE,RES,EMP
RAD,OSR,SSW,DRY,DAY,SINGLE,NO,FINE,RES,EMP
BSP,NSM,SSW,DRY,DAY,SINGLE,NO,FINE,RES,EMP
BSP,TOPM,SSW,DRY,DAY,SINGLE,MODERATE,FINE,RES,EMP
RAD,NSR,SSW,DRY,DAY,SINGLE,LIGHT,FINE,RES,EMP
BSP,OSF,SSW,DRY,DAY,SINGLE,LIGHT,FINE,RES,EMP
RAD,OSR,SSW,DRY,DAY,SINGLE,LIGHT,FINE,RES,EMP
RAD,OSR,TBO,DRY,DAY,SINGLE,NO,FINE,RES,EMP
RAD,FRNT,SSW,DRY,DAY,MULTI,HEAVY,FINE,NRES,EMP
RAD,OSR,SSW,DRY,DAY,MULTI,LIGHT,FINE,NRES,EMP
TIN,OSF,SSW,WET,DAY,MULTI,MODERATE,FINE,RES,EMP
RAD,OSR,SSW,SLIP,DAWN,MULTI,LIGHT,RAIN,NRES,EMP
RAD,NSF,SSW,DRY,DAY,SINGLE,LIGHT,FINE,RES,EMP
RAD,NSM,SSW,SLIP,NIGHT,SINGLE,NO,RAIN,RES,EMP
RAD,FRNT,N2T,DRY,DAY,SINGLE,HEAVY,FINE,RES,EMP
BSP,MIR,SSW,WET,NIGHT,SINGLE,NO,FINE,RES,EMP
XRD,FRNT,TBO,DRY,DAY,SINGLE,LIGHT,FINE,NRES,EMP
RAD,NSM,SSW,DRY,DAY,SINGLE,HEAVY,FINE,RES,EMP
BSP,FRNT,SSW,DRY,DAY,SINGLE,MODERATE,FINE,NRES,EMP
BSP,NSR,SSW,DRY,DAY,SINGLE,LIGHT,FINE,RES,EMP
RAD,NSR,SSW,DRY,DAY,MULTI,HEAVY,FINE,RES,EMP
RAD,NSR,SSW,DRY,DAY,SINGLE,LIGHT,FINE,RES,EMP
RAD,NSR,SSW,DRY,DAY,MULTI,NO,FINE,RES,EMP
RAD,NSR,SSW,DRY,DAY,SINGLE,LIGHT,FINE,NRES,EMP
RAD,NSR,SSW,DRY,DAY,SINGLE,LIGHT,FINE,NRES,EMP
BSP,OSR,TBO,DRY,DAY,SINGLE,LIGHT,FINE,NRES,EMP
TIN,NSF,SSW,DRY,DAY,MULTI,MODERATE,FINE,RES,EMP
RAD,WSRE,SSW,DRY,DAY,SINGLE,LIGHT,FINE,RES,EMP
RAD,NSR,SSW,DRY,DAY,SINGLE,LIGHT,FINE,RES,EMP
XRD,NSR,SSW,WET,DAY,MULTI,HEAVY,RAIN,RES,EMP
RAD,FRNT,HON,DRY,DAY,SINGLE,LIGHT,FINE,RES,EMP
BSP,MIR,SSW,DRY,DAWN,MULTI,LIGHT,FINE,RES,EMP
RAD,NSR,SSW,DRY,DAY,SINGLE,HEAVY,FINE,RES,EMP
RAD,REAR,SSW,DRY,DAY,SINGLE,LIGHT,FINE,RES,EMP
TIN,OSR,SSW,WET,STREET,MULTI,NO,RAIN,NRES,EMP
TIN,NSR,SSW,DRY,DAY,BUS,MODERATE,FINE,RES,EMP
TIN,OSR,SSW,DRY,DAY,MULTI,NO,FINE,RES,EMP
RAD,NSR,SSW,DRY,DAY,SINGLE,LIGHT,FINE,NRES,EMP
TIN,OSM,SSW,DRY,DAY,SINGLE,LIGHT,FINE,NRES,EMP
BSP,REAR,SSW,DRY,DAY,SINGLE,LIGHT,FINE,RES,EMP
RAD,FRNT,SSW,DRY,DAY,MULTI,LIGHT,FINE,NRES,EMP
BSP,NSM,SSW,DRY,DAY,SINGLE,LIGHT,FINE,RES,EMP
BSP,NSF,SSW,DRY,DAY,SINGLE,LIGHT,FINE,RES,EMP
XRD,OSM,SSW,DRY,NIGHT,SINGLE,LIGHT,FINE,RES,EMP
RAD,OSF,SSW,DRY,DAY,SINGLE,LIGHT,FINE,NRES,EMP
RAD,NSF,SSW,DRY,DAY,SINGLE,LIGHT,FINE,NRES,EMP
RAD,OSF,SSW,DRY,DAY,SINGLE,MODERATE,FINE,NRES,EMP
RAD,NSR,SSW,DRY,DAY,SINGLE,LIGHT,FINE,NRES,EMP
RAD,OSF,SSW,DRY,DAY,SINGLE,LIGHT,FINE,NRES,EMP
BSP,OSR,N2T,DRY,DAY,MULTI,MODERATE,FINE,NRES,EMP
RAD,NSR,SSW,DRY,DAY,SINGLE,LIGHT,FINE,RES,EMP
BSP,OSR,SSW,DRY,DAY,SINGLE,MODERATE,FINE,NRES,EMP
TIN,FRNT,N2T,DRY,DAY,MULTI,MODERATE,FINE,RES,EMP
RAD,NSF,SSW,DRY,DAY,SINGLE,LIGHT,FINE,RES,EMP
RAD,NSR,SSW,DRY,DAY,SINGLE,LIGHT,FINE,RES,EMP
RAD,FRNT,N2T,SLIP,NIGHT,SINGLE,EXTREME,RAIN,RES,EMP
BSP,NSR,SSW,DRY,DAY,SINGLE,LIGHT,FINE,RES,EMP
RAD,OSF,SSW,DRY,DAY,MULTI,MODERATE,FINE,NRES,EMP
BSP,NSR,SSW,WET,DAWN,SINGLE,NO,FINE,RES,EMP
BSP,OSR,SSW,DRY,DAY,SINGLE,LIGHT,FINE,NRES,EMP
RAD,NSF,SSW,DRY,DAY,SINGLE,MODERATE,FINE,NRES,EMP
RAD,OSF,SSW,DRY,DAY,MULTI,LIGHT,FINE,NRES,EMP
BSP,NSM,SSW,DRY,DAY,BUS,MODERATE,FINE,RES,EMP
RAD,FRNT,N2T,DRY,DAY,SINGLE,LIGHT,FINE,RES,EMP
RAD,NSF,SSW,DRY,DAY,SINGLE,LIGHT,FINE,NRES,EMP
RAD,NSR,SSW,DRY,DAY,SINGLE,LIGHT,FINE,RES,EMP
BSP,OSR,SSW,DRY,DAY,MULTI,MODERATE,FINE,NRES,EMP
RAD,FRNT,SSW,DRY,DAY,SINGLE,LIGHT,FINE,RES,EMP
RAD,FRNT,N2T,DRY,DAY,SINGLE,LIGHT,FINE,RES,EMP
RAD,NSR,SSW,DRY,DAY,SINGLE,LIGHT,FINE,RES,EMP
RBT,NSR,SSW,DRY,DAY,SINGLE,HEAVY,FINE,NRES,EMP
BSP,NSF,SSW,DRY,DAY,BUS,LIGHT,FINE,RES,EMP
RAD,NSF,SSW,DRY,DAY,SINGLE,LIGHT,FINE,NRES,EMP
RAD,OSF,SSW,DRY,DAY,SINGLE,HEAVY,FINE,NRES,EMP
RBT,OSR,SSW,DRY,DAY,SINGLE,LIGHT,FINE,NRES,EMP
RAD,FRNT,SSW,DRY,DAY,SINGLE,LIGHT,FINE,RES,EMP
RAD,OSF,N2T,WET,DAY,MULTI,HEAVY,RAIN,RES,EMP
RAD,FRNT,SSW,DRY,DAY,MULTI,LIGHT,FINE,NRES,EMP
RBT,FRNT,SSW,DRY,NIGHT,MULTI,LIGHT,FINE,NRES,EMP
XRD,NSM,SSW,DRY,NIGHT,SINGLE,MODERATE,FINE,NRES,EMP
RAD,NSR,SSW,WET,NIGHT,SINGLE,NO,FINE,RES,EMP
RBT,NSM,SSW,DRY,DAY,SINGLE,LIGHT,FINE,RES,EMP
RAD,FRNT,SSW,DRY,DAY,MULTI,HEAVY,FINE,RES,EMP
RAD,REAR,SSW,DRY,DAY,SINGLE,LIGHT,FINE,RES,EMP
BSP,NSF,SSW,DRY,DAY,SINGLE,LIGHT,FINE,RES,EMP
RAD,NSR,SSW,DRY,DAY,MULTI,HEAVY,FINE,RES,EMP
XRD,NSM,SSW,DRY,DAY,SINGLE,HEAVY,FINE,RES,EMP
RAD,NSR,TBO,DRY,DAY,SINGLE,LIGHT,FINE,NRES,EMP
RAD,NSF,SSW,DRY,DAY,SINGLE,LIGHT,FINE,RES,EMP
BSP,NSR,SSW,DRY,DAY,SINGLE,LIGHT,FINE,RES,EMP
XRD,NSM,SSW,DRY,DAY,SINGLE,LIGHT,FINE,RES,EMP
BSP,MIR,SSW,DRY,DAY,BUS,NO,FINE,RES,EMP
RBT,OSF,SSW,WET,DAY,MULTI,HEAVY,RAIN,NRES,EMP
XRD,NSR,SSW,DRY,DAY,SINGLE,MODERATE,FINE,RES,EMP
RBT,OSF,SSW,DRY,DAY,SINGLE,LIGHT,FINE,RES,EMP
TIN,NSR,SSW,WET,NIGHT,SINGLE,MODERATE,RAIN,RES,EMP
RAD,MIR,SSW,DRY,DAY,SINGLE,MODERATE,FINE,RES,EMP
RAD,OSM,SSW,DRY,DAY,SINGLE,LIGHT,FINE,NRES,EMP
RAD,NSF,SSW,DRY,DAY,SINGLE,LIGHT,FINE,NRES,EMP
RAD,REAR,SSW,DRY,DAY,SINGLE,LIGHT,FINE,RES,EMP
XRD,FRNT,N2T,DRY,DAY,MULTI,LIGHT,FINE,RES,EMP
RAD,NSF,SSW,DRY,DAY,MULTI,LIGHT,FINE,NRES,EMP
RAD,OSF,SSW,DRY,DAY,BUS,HEAVY,FINE,RES,EMP
BSP,NSR,SSW,DRY,DAY,SINGLE,LIGHT,FINE,RES,EMP
RAD,REAR,N2T,DRY,DAY,SINGLE,LIGHT,FINE,RES,EMP
RAD,NSR,SSW,DRY,DAY,SINGLE,LIGHT,FINE,RES,EMP
XRD,NSR,SSW,DRY,DAY,SINGLE,LIGHT,FINE,RES,EMP
RAD,OSR,SSW,DRY,DAY,SINGLE,HEAVY,FINE,RES,EMP
RAD,NSF,SSW,DRY,DAY,MULTI,HEAVY,FINE,RES,EMP
RAD,OSF,SSW,DRY,DAY,SINGLE,LIGHT,FINE,NRES,EMP
XRD,REAR,SSW,WET,DAY,SINGLE,NO,RAIN,RES,EMP
RAD,OSF,SSW,DRY,NIGHT,MULTI,NO,FINE,RES,EMP
RAD,WSRE,SSW,DRY,DAY,SINGLE,LIGHT,FINE,NRES,EMP
RAD,FRNT,TBO,DRY,DAY,SINGLE,LIGHT,FINE,NRES,EMP
RAD,FRNT,SSW,DRY,DAY,SINGLE,LIGHT,FINE,RES,EMP
RAD,NSR,SSW,DRY,DAWN,SINGLE,LIGHT,FINE,NRES,EMP
RAD,FRNT,SSW,WET,DAY,SINGLE,HEAVY,FINE,RES,EMP
RAD,NSR,SSW,DRY,DAY,SINGLE,LIGHT,FINE,RES,EMP
RAD,OSM,SSW,WET,DAWN,MULTI,LIGHT,RAIN,NRES,EMP
RAD,NSM,SSW,DRY,NIGHT,MULTI,LIGHT,FINE,NRES,EMP
BSP,NSF,SSW,DRY,DAY,SINGLE,LIGHT,FINE,RES,EMP
RAD,NSR,SSW,DRY,DAY,SINGLE,LIGHT,FINE,RES,EMP
TIN,NSM,SSW,DRY,DAY,SINGLE,LIGHT,FINE,NRES,EMP
RAD,FRNT,N2T,DRY,DAY,SINGLE,LIGHT,FINE,RES,EMP
RBT,OSM,SSW,DRY,DAY,SINGLE,LIGHT,FINE,RES,EMP
RAD,NSR,N2T,DRY,DAY,SINGLE,LIGHT,FINE,NRES,EMP
XRD,FRNT,N2T,DRY,DAY,SINGLE,LIGHT,FINE,RES,EMP
BSP,OSM,SSW,WET,DAY,MULTI,LIGHT,RAIN,NRES,EMP
RAD,OSR,SSW,DRY,DAY,SINGLE,LIGHT,FINE,NRES,EMP
RAD,NSF,N2T,DRY,DAY,SINGLE,LIGHT,FINE,RES,EMP
BSP,MIR,SSW,DRY,DAY,SINGLE,HEAVY,FINE,RES,EMP
TIN,OSR,SSW,WET,DAY,SINGLE,LIGHT,RAIN,RES,EMP
RBT,OSM,SSW,DRY,NIGHT,SINGLE,LIGHT,FINE,RES,EMP
RAD,FRNT,N2T,DRY,DAY,SINGLE,LIGHT,FINE,RES,EMP
RAD,OSF,SSW,DRY,NIGHT,BUS,LIGHT,FINE,NRES,EMP
RAD,REAR,SSW,DRY,NIGHT,MULTI,LIGHT,FINE,NRES,EMP
RAD,OSM,SSW,DRY,DAY,SINGLE,LIGHT,FOG,NRES,EMP
RAD,NSR,SSW,DRY,DAY,SINGLE,LIGHT,FINE,NRES,EMP
RAD,FRNT,N2T,DRY,DAY,MULTI,HEAVY,FINE,NRES,EMP
BSP,MIR,SSW,DRY,DAY,SINGLE,LIGHT,FINE,RES,EMP
RAD,FRNT,SSW,DRY,DAY,SINGLE,LIGHT,FINE,PEND,EMP
RAD,OSF,SSW,DRY,DAY,MULTI,LIGHT,FINE,RES,EMP
RAD,NSM,SSW,DRY,DAY,SINGLE,LIGHT,FINE,RES,EMP
XRD,NSR,N2T,DRY,DAY,SINGLE,MODERATE,FINE,NRES,EMP
RAD,TOPR,SSW,WET,NIGHT,SINGLE,NO,RAIN,RES,EMP
RAD,NSR,SSW,DRY,DAY,SINGLE,NO,FINE,RES,EMP
RAD,FRNT,SSW,DRY,DAY,SINGLE,LIGHT,FINE,NRES,EMP
BSP,MIR,SSW,DRY,DAY,SINGLE,LIGHT,FINE,RES,EMP
RAD,NSM,SSW,DRY,DAY,BUS,LIGHT,FINE,NRES,EMP
RAD,REAR,SSW,DRY,DAY,SINGLE,LIGHT,FINE,RES,EMP
BSP,OSR,SSW,DRY,DAY,SINGLE,LIGHT,FINE,NRES,EMP
BSP,REAR,N2T,DRY,DAY,MULTI,LIGHT,FINE,NRES,EMP
BSP,MIR,SSW,DRY,DAY,SINGLE,MODERATE,FINE,NRES,EMP
RAD,OSM,SSW,DRY,DAY,SINGLE,LIGHT,FINE,NRES,EMP
RAD,FRNT,N2T,DRY,DAY,SINGLE,LIGHT,FINE,RES,EMP
RAD,MIR,SSW,DRY,DAY,SINGLE,LIGHT,FINE,NRES,EMP
TIN,OSM,SSW,DRY,DAY,MULTI,HEAVY,FINE,RES,EMP
RAD,NSR,SSW,DRY,DAY,SINGLE,LIGHT,FINE,RES,EMP
RAD,MIR,SSW,DRY,DAY,MULTI,LIGHT,FINE,NRES,EMP
RAD,OSR,SSW,DRY,DAY,SINGLE,LIGHT,FINE,RES,EMP
RAD,TOPF,SSW,DRY,DAY,SINGLE,LIGHT,FINE,RES,EMP
RAD,OSF,SSW,DRY,DAY,SINGLE,LIGHT,FINE,NRES,EMP
RAD,NSM,SSW,DRY,DAY,SINGLE,LIGHT,FINE,NRES,EMP
RAD,NSF,SSW,DRY,DAY,SINGLE,LIGHT,FINE,RES,EMP
RAD,NSF,SSW,DRY,DAY,SINGLE,LIGHT,FINE,RES,EMP
BSP,MIR,HON,DRY,DAY,MULTI,LIGHT,FINE,RES,EMP
TIN,OSF,SSW,DRY,DAY,MULTI,LIGHT,FINE,NRES,EMP
XRD,NSM,SSW,DRY,DAY,SINGLE,HEAVY,FINE,NRES,EMP
BSP,NSR,N2T,DRY,DAY,SINGLE,LIGHT,FINE,NRES,EMP
BSP,NSR,SSW,DRY,DAY,SINGLE,MODERATE,FINE,RES,EMP
RAD,MIR,SSW,DRY,DAY,SINGLE,LIGHT,FINE,RES,EMP
RAD,NSR,SSW,DRY,DAY,SINGLE,LIGHT,FINE,RES,EMP
RAD,MIR,SSW,DRY,DAY,SINGLE,NO,FINE,NRES,EMP
BSP,NSR,TBO,DRY,DAY,SINGLE,LIGHT,FINE,NRES,EMP
BSP,MIR,SSW,DRY,DAY,SINGLE,LIGHT,FINE,RES,EMP
XRD,TOPR,SSW,DRY,DAY,SINGLE,LIGHT,FINE,RES,EMP
RAD,NSR,SSW,DRY,DAY,SINGLE,LIGHT,FINE,NRES,EMP
RAD,NSM,SSW,DRY,DAY,SINGLE,LIGHT,FINE,UNREP,EMP
RAD,NSM,SSW,DRY,NIGHT,SINGLE,HEAVY,FINE,RES,EMP
RAD,OSR,SSW,DRY,DAY,MULTI,HEAVY,FINE,NRES,EMP
RAD,NSM,SSW,DRY,DAY,SINGLE,NO,FINE,RES,EMP
BSP,FRNT,SSW,DRY,DAY,SINGLE,LIGHT,FINE,RES,EMP
XRD,NSF,TBO,DRY,DAY,MULTI,LIGHT,FINE,NRES,EMP
XRD,NSR,SSW,DRY,NIGHT,MULTI,HEAVY,FINE,RES,EMP
RAD,OSF,SSW,DRY,DAY,MULTI,MODERATE,FINE,NRES,EMP
RAD,OSR,SSW,DRY,DAY,SINGLE,LIGHT,FINE,RES,EMP
RAD,OSR,SSW,DRY,DAY,SINGLE,LIGHT,FINE,RES,EMP
RBT,NSR,SSW,DRY,DAY,SINGLE,LIGHT,FINE,RES,EMP
RAD,OSR,SSW,DRY,DAY,MULTI,LIGHT,FINE,RES,EMP
RAD,OSF,SSW,DRY,DAY,MULTI,LIGHT,FINE,NRES,EMP
XRD,REAR,SSW,DRY,DAWN,MULTI,NO,FINE,NRES,EMP
TIN,OSR,SSW,DRY,DAY,MULTI,EXTREME,FINE,RES,EMP
RAD,NSR,SSW,DRY,DAY,SINGLE,LIGHT,FINE,RES,EMP
RAD,OSR,SSW,WET,DAY,MULTI,MODERATE,RAIN,NRES,EMP
RAD,NSR,SSW,DRY,DAY,SINGLE,LIGHT,FINE,UN3PAR,EMP
XRD,FRNT,N2T,DRY,DAY,SINGLE,LIGHT,FINE,RES,EMP
RBT,OSM,SSW,DRY,DAY,SINGLE,HEAVY,FINE,RES,EMP
RAD,FRNT,SSW,DRY,DAY,SINGLE,LIGHT,FINE,RES,EMP
RBT,MIR,SSW,DRY,DAY,SINGLE,LIGHT,FINE,RES,EMP
RAD,NSF,SSW,DRY,DAY,SINGLE,LIGHT,FINE,RES,EMP
XRD,NSM,SSW,DRY,DAY,SINGLE,LIGHT,FINE,RES,EMP
RAD,NSR,SSW,DRY,DAY,MULTI,LIGHT,FINE,RES,EMP
XRD,FRNT,SSW,DRY,DAY,SINGLE,MODERATE,FINE,UN3PAR,EMP
RAD,NSR,SSW,DRY,DAY,MULTI,HEAVY,FINE,UN3PAR,EMP
RAD,MIR,SSW,DRY,DAY,MULTI,LIGHT,FINE,UN3PAR,EMP
BSP,OSR,SSW,DRY,DAY,MULTI,LIGHT,FINE,NRES,EMP
RAD,OSF,SSW,DRY,DAY,MULTI,MODERATE,FINE,NRES,EMP
RAD,FRNT,N2T,DRY,DAY,SINGLE,HEAVY,FINE,RES,EMP
RAD,OSM,SSW,DRY,DAY,MULTI,LIGHT,FINE,UN3PAR,EMP
RAD,NSF,SSW,DRY,DAY,SINGLE,LIGHT,FINE,RES,EMP
RBT,NSR,BTMO,DRY,DAY,SINGLE,LIGHT,FOG,RES,EMP
RAD,TOPR,SSW,WET,NIGHT,SINGLE,LIGHT,RAIN,RES,EMP
RAD,OSF,SSW,DRY,DAY,MULTI,HEAVY,FINE,NRES,EMP
RAD,FRNT,BTMO,DRY,DAY,SINGLE,MODERATE,FINE,UN3PAR,EMP
BSP,NSF,HON,DRY,DAY,SINGLE,MODERATE,FINE,RES,EMP
RAD,OSR,SSW,DRY,DAWN,SINGLE,LIGHT,FINE,RES,EMP
BSP,OSR,SSW,WET,NIGHT,MULTI,LIGHT,RAIN,UN3PAR,EMP
RAD,FRNT,SSW,WET,DAY,SINGLE,MODERATE,RAIN,RES,ROA
RAD,NSR,N2T,WET,DAY,MULTI,MODERATE,RAIN,UN3PAR,EMP
XRD,OSR,SSW,DRY,DAY,BUS,LIGHT,FINE,RES,EMP
BSP,NSF,SSW,DRY,DAY,BUS,HEAVY,FINE,RES,EMP
BSP,NSF,SSW,DRY,DAY,MULTI,LIGHT,FINE,RES,EMP
RAD,REAR,SSW,DRY,DAY,SINGLE,LIGHT,FINE,NRES,EMP
RAD,NSM,SSW,DRY,DAY,SINGLE,NO,FINE,RES,CARS TRUCKS
RAD,NSF,SSW,DRY,DAY,SINGLE,LIGHT,FINE,PEND,EMP
TIN,NSM,SSW,DRY,DAY,SINGLE,HEAVY,FINE,RES,EMP
RAD,WSRE,N2T,DRY,DAY,SINGLE,LIGHT,FINE,NRES,EMP
XRD,NSM,TBO,DRY,DAY,MULTI,LIGHT,FINE,RES,EMP
RAD,OSM,SSW,DRY,DAY,SINGLE,EXTREME,FINE,RES,EMP
RAD,OSR,SSW,DRY,DAY,SINGLE,LIGHT,FINE,RES,EMP
RBT,OSM,SSW,DRY,DAY,SINGLE,LIGHT,FINE,RES,EMP
RAD,NSM,SSW,DRY,DAY,SINGLE,LIGHT,FINE,NRES,EMP
RAD,NSF,SSW,DRY,DAWN,SINGLE,NO,FOG,RES,CARS TRUCKS
RAD,NSF,SSW,DRY,DAY,SINGLE,LIGHT,FINE,NRES,EMP
RAD,OSM,SSW,DRY,DAY,SINGLE,LIGHT,FINE,NRES,EMP
RAD,NSF,SSW,DRY,DAY,SINGLE,LIGHT,FINE,RES,EMP
RAD,REAR,SSW,DRY,DAY,SINGLE,LIGHT,FINE,NRES,EMP
RAD,NSR,SSW,DRY,DAY,SINGLE,LIGHT,FINE,RES,EMP
RAD,OSR,SSW,DRY,DAY,SINGLE,NO,FINE,RES,EMP
RAD,WSRE,HON,DRY,NIGHT,MULTI,LIGHT,FINE,INCIDENT,OTH
RAD,WSRE,HON,DRY,DAY,SINGLE,LIGHT,FINE,UN3PAR,EMP
RAD,OSF,HON,DRY,DAWN,MULTI,LIGHT,FINE,INCIDENT,EMP
RAD,FRNT,SSW,DRY,DAY,SINGLE,LIGHT,FINE,RES,EMP
XRD,NSR,SSW,DRY,DAY,MULTI,LIGHT,FINE,RES,EMP
BSP,MIR,SSW,DRY,DAY,MULTI,LIGHT,FINE,RES,EMP
RAD,OSF,SSW,DRY,DAY,SINGLE,MODERATE,FINE,UN3PAR,EMP
RAD,OSF,HON,DRY,DAY,MULTI,HEAVY,FINE,NRES,EMP
RAD,FRNT,SSW,DRY,DAY,SINGLE,LIGHT,FINE,PEND,EMP
RAD,TOPF,ROO,DRY,DAY,SINGLE,NO,FINE,INCIDENT,EMP
RAD,NSM,SSW,DRY,DAY,SINGLE,LIGHT,FINE,RES,EMP
RAD,NSF,SSW,DRY,DAY,SINGLE,LIGHT,FINE,NRES,EMP
TIN,NSM,SSW,SLIP,DAY,SINGLE,LIGHT,RAIN,RES,EMP
RAD,NSM,SSW,DRY,DAY,SINGLE,LIGHT,FINE,RES,EMP
RAD,NSF,HON,DRY,DAY,SINGLE,LIGHT,FINE,RES,EMP
RBT,NSF,SSW,DRY,DAY,SINGLE,LIGHT,FINE,RES,EMP
BSP,NSR,TAI,DRY,DAY,SINGLE,LIGHT,FINE,RES,EMP
RBT,NSR,HON,DRY,DAY,SINGLE,LIGHT,FINE,RES,EMP
RAD,NSM,SSW,DRY,DAY,SINGLE,LIGHT,FINE,RES,EMP
RAD,OSM,SSW,DRY,DAY,SINGLE,LIGHT,FINE,NRES,EMP
RAD,FRNT,HON,DRY,DAY,SINGLE,LIGHT,FINE,RES,EMP
RAD,NSR,SSW,DRY,DAY,SINGLE,LIGHT,FINE,INCIDENT,EMP
BSP,NSF,HON,DRY,DAY,SINGLE,LIGHT,FINE,RES,EMP
BSP,NSR,SSW,DRY,NIGHT,MULTI,MODERATE,FINE,RES,EMP
TIN,OSR,SSW,DRY,DAY,SINGLE,LIGHT,FINE,RES,EMP
XRD,NSF,TBO,DRY,NIGHT,SINGLE,NO,FINE,NRES,EMP
RAD,OSR,N2T,DRY,DAY,SINGLE,MODERATE,FINE,NRES,EMP
BSP,OSR,N2T,DRY,DAY,MULTI,MODERATE,FINE,NRES,EMP
RAD,NSR,SSW,DRY,DAY,SINGLE,LIGHT,FINE,RES,EMP
RAD,OSR,SSW,DRY,DAY,MULTI,LIGHT,SUN,NRES,EMP
RAD,NSR,SSW,DRY,DAY,SINGLE,LIGHT,FINE,RES,EMP
BSP,TOPM,ROO,DRY,DAY,SINGLE,NO,FINE,RES,EMP
RAD,OSF,SSW,DRY,DAY,SINGLE,LIGHT,FINE,RES,EMP
RAD,REAR,SSW,DRY,DAY,SINGLE,LIGHT,FINE,NRES,EMP
RAD,OSR,SSW,DRY,DAY,SINGLE,LIGHT,FINE,RES,EMP
RAD,FRNT,SSW,DRY,DAY,SINGLE,LIGHT,FINE,RES,EMP
RAD,NSF,SSW,DRY,DAY,SINGLE,LIGHT,FINE,RES,EMP
RAD,NSR,SSW,DRY,DAY,SINGLE,LIGHT,FINE,RES,EMP
RAD,NSR,SSW,DRY,DAY,SINGLE,LIGHT,FINE,NRES,EMP
RAD,NSM,SSW,DRY,DAY,SINGLE,LIGHT,FINE,RES,EMP
RAD,NSM,SSW,DRY,DAY,SINGLE,LIGHT,FINE,RES,EMP
BSP,NSF,SSW,WET,NIGHT,MULTI,LIGHT,RAIN,RES,CARS TRUCKS
BSP,OSF,SSW,DRY,DAY,MULTI,MODERATE,FINE,RES,CARS TRUCKS
RAD,FRNT,HON,DRY,DAY,MULTI,MODERATE,FINE,NRES,EMP
RAD,NSM,SSW,DRY,DAY,SINGLE,LIGHT,FINE,NRES,ROA
RAD,NSR,SSW,DRY,DAY,SINGLE,LIGHT,FINE,RES,EMP
RAD,NSM,SSW,DRY,DAY,SINGLE,LIGHT,FINE,RES,CARS TRUCKS
RAD,WSRE,SSW,DRY,DAY,SINGLE,LIGHT,FINE,INCIDENT,CARS TRUCKS
RAD,OSM,SSW,DRY,DAY,MULTI,LIGHT,FINE,NRES,ROA
RAD,REAR,N2T,WET,DAY,SINGLE,LIGHT,RAIN,NRES,ROA
XRD,OSR,SSW,DRY,DAY,SINGLE,LIGHT,FINE,RES,EMP
RAD,OSF,SSW,DRY,DAY,SINGLE,LIGHT,FINE,RES,EMP
RAD,OSR,SSW,DRY,DAY,SINGLE,LIGHT,FINE,NRES,EMP
RAD,OSR,SSW,DRY,DAY,SINGLE,LIGHT,FINE,RES,EMP