location_code,damage_code,collision_code,road_code,light_code,road_type_code,traffic_code,weather_code,emp_liability_code,kpi_cause_code
RAD,OSR,SSW,DRY,DAY,SINGLE,LIGHT,FINE,PEND,EMP
RAD,OSF,SSW,DRY,DAY,SINGLE,LIGHT,FINE,RES,EMP
RAD,NSF,SSW,DRY,DAY,SINGLE,LIGHT,FINE,RES,EMP
RAD,OSR,SSW,DRY,DAY,SINGLE,LIGHT,FINE,NRES,EMP
RAD,OSF,SSW,DRY,DAY,SINGLE,LIGHT,FINE,NRES,EMP
RAD,FRNT,SSW,DRY,DAY,SINGLE,LIGHT,FINE,RES,EMP
RAD,Air Conditionin,SSW,DRY,DAY,SINGLE,LIGHT,FINE,RES,EMP
RAD,OSR,SSW,DRY,DAY,SINGLE,LIGHT,FINE,NRES,EMP
RAD,NIL,SSW,DRY,DAY,SINGLE,LIGHT,FINE,RES,EMP
RAD,NSF,SSW,DRY,DAY,SINGLE,LIGHT,FINE,NRES,EMP
RAD,Broken mirror l,SSW,DRY,DAY,SINGLE,LIGHT,FINE,RES,EMP
RAD,Front bumper da,SSW,DRY,DAY,SINGLE,LIGHT,FINE,PEND,EMP
RAD,OSF,SSW,DRY,DAY,SINGLE,LIGHT,FINE,RES,EMP
RAD,NSF,SSW,DRY,DAY,SINGLE,LIGHT,FINE,RES,EMP
RAD,OSR,SSW,DRY,DAY,SINGLE,LIGHT,FINE,RES,EMP
RAD,OSR,SSW,DRY,DAY,SINGLE,LIGHT,FINE,NRES,EMP
RAD,NSR,SSW,DRY,DAY,SINGLE,LIGHT,FINE,RES,EMP
RAD,NSF,SSW,DRY,DAY,SINGLE,LIGHT,FINE,NRES,EMP
RAD,N/S front of do,SSW,DRY,DAY,SINGLE,LIGHT,FINE,RES,EMP
RAD,NSF,SSW,DRY,DAY,SINGLE,LIGHT,FINE,RES,EMP
RAD,NSF,SSW,DRY,DAY,SINGLE,LIGHT,FINE,NRES,EMP
RAD,FRNT,SSW,DRY,DAY,SINGLE,LIGHT,FINE,NRES,EMP
RAD,FRNT,SSW,DRY,DAY,SINGLE,LIGHT,FINE,RES,EMP
RAD,Scratched R/H/S,SSW,DRY,DAY,SINGLE,LIGHT,FINE,RES,EMP
RAD,NSF,SSW,DRY,DAY,SINGLE,LIGHT,FINE,NRES,EMP
RAD,OSF,SSW,DRY,DAY,SINGLE,LIGHT,FINE,NRES,EMP
RAD,OSR,SSW,DRY,DAY,SINGLE,LIGHT,FINE,NRES,EMP
RAD,NSF,SSW,DRY,DAY,SINGLE,LIGHT,FINE,RES,EMP
RAD,NSF,SSW,DRY,DAY,SINGLE,LIGHT,FINE,RES,EMP
RAD,NSR,SSW,DRY,DAY,SINGLE,LIGHT,FINE,NRES,EMP
RAD,NSF,SSW,DRY,DAY,SINGLE,LIGHT,FINE,NRES,EMP
RAD,NSR,SSW,DRY,DAY,SINGLE,LIGHT,FINE,RES,EMP
RAD,NSR,SSW,DRY,DAY,SINGLE,LIGHT,FINE,RES,EMP
RAD,NSR,SSW,DRY,DAY,SINGLE,LIGHT,FINE,RES,EMP
RAD,NSF,SSW,DRY,DAY,SINGLE,LIGHT,FINE,RES,EMP
RAD,NSR,SSW,DRY,DAY,SINGLE,LIGHT,FINE,RES,EMP
RAD,NSR,SSW,DRY,DAY,SINGLE,LIGHT,FINE,NRES,EMP
RAD,NSF,SSW,DRY,DAY,SINGLE,LIGHT,FINE,NRES,EMP
RAD,NSF,SSW,DRY,DAY,SINGLE,LIGHT,FINE,NRES,EMP
RAD,OSF,SSW,DRY,DAY,SINGLE,LIGHT,FINE,NRES,EMP
RAD,Black rubber ma,SSW,DRY,DAY,SINGLE,LIGHT,FINE,RES,EMP
RAD,NSM,SSW,DRY,DAY,SINGLE,LIGHT,FINE,RES,EMP
RAD,REAR,SSW,DRY,DAY,SINGLE,LIGHT,FINE,RES,EMP
RAD,NSF,SSW,DRY,DAY,SINGLE,LIGHT,FINE,RES,EMP
RAD,NSM,SSW,DRY,DAY,SINGLE,LIGHT,FINE,RES,EMP
RAD,REAR,SSW,DRY,DAY,SINGLE,LIGHT,FINE,RES,EMP
RAD,OSR,SSW,DRY,DAY,SINGLE,LIGHT,FINE,RES,EMP
RAD,NSF,SSW,DRY,DAY,SINGLE,LIGHT,FINE,NRES,EMP
RAD,NSR,SSW,DRY,DAY,SINGLE,LIGHT,FINE,RES,EMP
RAD,NSF,SSW,DRY,DAY,SINGLE,LIGHT,FINE,RES,EMP
RAD,NSF,SSW,DRY,DAY,SINGLE,LIGHT,FINE,NRES,EMP
RAD,NSF,SSW,DRY,DAY,SINGLE,LIGHT,FINE,RES,EMP
RAD,NSR,SSW,DRY,DAY,SINGLE,LIGHT,FINE,RES,EMP
RAD,NSF,SSW,DRY,DAY,SINGLE,LIGHT,FINE,RES,EMP
RAD,OSF,SSW,DRY,DAY,SINGLE,LIGHT,FINE,NRES,EMP
RAD,NSR,SSW,DRY,DAY,SINGLE,LIGHT,FINE,NRES,EMP
RAD,NSR,SSW,DRY,DAY,SINGLE,LIGHT,FINE,RES,EMP
RAD,REAR,SSW,DRY,DAY,SINGLE,LIGHT,FINE,NRES,EMP
RAD,OSM,SSW,DRY,DAY,SINGLE,LIGHT,FINE,RES,EMP
RAD,FRNT,SSW,DRY,DAY,SINGLE,LIGHT,FINE,PEND,EMP
RAD,OSR,SSW,DRY,DAY,SINGLE,LIGHT,FINE,NRES,EMP
RAD,NSM,SSW,DRY,DAY,SINGLE,LIGHT,FINE,RES,EMP
RAD,NSM,SSW,DRY,DAY,SINGLE,LIGHT,FINE,NRES,EMP
RAD,NSR,SSW,DRY,DAY,SINGLE,LIGHT,FINE,PEND,EMP
RAD,WSRE,SSW,DRY,DAY,SINGLE,LIGHT,FINE,RES,EMP
RAD,OSR,SSW,DRY,DAY,SINGLE,LIGHT,FINE,RES,EMP
RAD,NSM,SSW,DRY,DAY,SINGLE,LIGHT,FINE,NRES,EMP
RAD,NSR,SSW,DRY,DAY,SINGLE,LIGHT,FINE,RES,EMP
RAD,NSF,SSW,DRY,DAY,SINGLE,LIGHT,FINE,NRES,EMP
RAD,NSF,SSW,DRY,DAY,SINGLE,LIGHT,FINE,RES,EMP
RAD,REAR,SSW,DRY,DAY,SINGLE,LIGHT,FINE,NRES,EMP
RAD,NSF,SSW,DRY,DAY,SINGLE,LIGHT,FINE,NRES,EMP
RAD,OSR,SSW,DRY,DAY,SINGLE,LIGHT,FINE,NRES,EMP
RAD,NSF,SSW,DRY,DAY,SINGLE,LIGHT,FINE,NRES,EMP
RAD,NSF,SSW,DRY,DAY,SINGLE,LIGHT,FINE,RES,EMP
RAD,OSR,SSW,DRY,DAY,SINGLE,LIGHT,FINE,NRES,EMP
DEPOT,NSR,TAI,DRY,NIGHT,SINGLE,NO,FINE,RES,EMP
RAD,REAR,SSW,DRY,DAY,SINGLE,LIGHT,FINE,RES,EMP
RAD,MIR,SSW,DRY,DAY,SINGLE,LIGHT,FINE,RES,EMP
RAD,NSF,HON,WET,DAY,SINGLE,LIGHT,RAIN,NRES,EMP
RAD,FRNT,HON,DRY,DAY,SINGLE,LIGHT,FINE,RES,CARS TRUCKS
RAD,FRNT,HON,DRY,DAY,SINGLE,LIGHT,FINE,INCIDENT,OTH
RAD,FRNT,HON,DRY,DAY,SINGLE,NO,FINE,RES,EMP
BSP,FRNT,SSW,DRY,DAY,BUS,LIGHT,FINE,RES,EMP
RAD,NSR,SSW,DRY,DAY,SINGLE,LIGHT,FINE,UNREP,BUS - OTHER
RAD,OSR,SSW,DRY,DAY,MULTI,MODERATE,FINE,NRES,CARS TRUCKS
TIN,MIR,SSW,DRY,DAY,MULTI,MODERATE,FINE,NRES,CARS TRUCKS
BSP,NSR,SSW,DRY,DAY,SINGLE,MODERATE,FINE,RES,EMP
RAD,MIR,SSW,WET,NIGHT,SINGLE,LIGHT,FINE,UN3PAR,CARS TRUCKS
RAD,NSR,SSW,DRY,DAY,SINGLE,HEAVY,FINE,RES,CARS TRUCKS
RAD,NSR,SSW,DRY,DAY,MULTI,LIGHT,FINE,RES,EMP
RBT,NSM,SSW,DRY,DAY,SINGLE,LIGHT,FINE,RES,BUS - OTHER
RAD,NSR,SSW,DRY,DAY,SINGLE,LIGHT,FINE,NRES,ROA
RAD,NSM,SSW,DRY,DAWN,SINGLE,NO,FINE,RES,EMP
RAD,FRNT,SSW,DRY,DAY,MULTI,LIGHT,FINE,INCIDENT,OTH
RAD,NSF,SSW,DRY,DAY,SINGLE,MODERATE,FINE,RES,EMP
BSP,NSR,TAI,DRY,DAY,MULTI,LIGHT,FINE,RES,EMP
BSP,FRNT,SSW,WET,NIGHT,BUS,NO,FINE,RES,EMP
RBT,OSR,SSW,DRY,DAWN,SINGLE,LIGHT,FINE,RES,EMP
DEPOT,MIR,SSW,DRY,DAY,SINGLE,LIGHT,FINE,OTHERBUS,BUS - OTHER
RAD,NSM,TAI,DRY,DAY,SINGLE,NO,FINE,RES,EMP
RAD,REAR,N2T,DRY,DAY,MULTI,MODERATE,FINE,NRES,CARS TRUCKS
RAD,NSR,TAI,DRY,DAY,MULTI,MODERATE,FINE,RES,EMP
RAD,OSM,TAI,DRY,DAY,MULTI,EXTREME,FINE,RES,EMP
RAD,NSR,SSW,DRY,DAY,SINGLE,LIGHT,FINE,UNREP,OTH
RAD,OSM,SSW,DRY,STREET,SINGLE,MODERATE,FINE,NRES,CARS TRUCKS
RAD,NSR,SSW,DRY,DAY,SINGLE,LIGHT,FINE,RES,EMP
RAD,NSM,SSW,DRY,DAY,SINGLE,LIGHT,FINE,RES,EMP
BSP,REAR,N2T,DRY,DAY,BUS,NO,FINE,OTHERBUS,BUS - OTHER
XRD,TOPM,HON,DRY,DAY,SINGLE,LIGHT,FINE,RES,EMP
RAD,REAR,REVERSING,SLIP,NIGHT,MULTI,NO,FINE,RES,EMP
RBT,NSM,SSW,DRY,DAY,SINGLE,MODERATE,FINE,NRES,CARS TRUCKS
RAD,MIR,SSW,DRY,DAY,MULTI,LIGHT,FINE,RES,CARS TRUCKS
TIN,OSM,SSW,DRY,DAY,SINGLE,HEAVY,FINE,NRES,CARS TRUCKS
RAD,OSR,SSW,DRY,DAY,SINGLE,LIGHT,FINE,RES,EMP
XRD,OSF,TBO,DRY,DAY,MULTI,LIGHT,FINE,NRES,CARS TRUCKS
RAD,OSR,SSW,DRY,DAY,SINGLE,LIGHT,FINE,NRES,CARS TRUCKS
BSP,OSR,SSW,DRY,DAY,BUS,LIGHT,FINE,OTHERBUS,EMP
RAD,FRNT,SSW,DRY,NIGHT,MULTI,NO,FINE,INCIDENT,OTH
RAD,FRNT,HON,DRY,DAY,MULTI,LIGHT,FINE,NRES,CARS TRUCKS
RBT,NSF,BTMO,DRY,DAY,SINGLE,NO,FINE,RES,EMP
XRD,OSR,SSW,WET,DAY,MULTI,HEAVY,RAIN,NRES,CARS TRUCKS
RAD,NSR,SSW,DRY,DAY,SINGLE,LIGHT,FINE,RES,BUS - OTHER
XRD,NSF,TBO,DRY,DAY,MULTI,LIGHT,FINE,NRES,CARS TRUCKS
RAD,NSM,SSW,DRY,DAY,SINGLE,EXTREME,FINE,RES,CARS TRUCKS
RAD,NSR,TAI,DRY,DAY,SINGLE,NO,FINE,RES,EMP
RAD,NSR,SSW,DRY,DAY,SINGLE,LIGHT,FINE,RES,BUS - OTHER
RAD,FRNT,BTMO,WET,DAY,MULTI,HEAVY,RAIN,RES,BUS BRAKING
RAD,MIR,HON,DRY,DUSK,SINGLE,MODERATE,FINE,RES,EMP
XRD,NSR,TAI,DRY,DAY,MULTI,LIGHT,FINE,NRES,EMP
RAD,FRNT,BTMO,DRY,DAY,SINGLE,LIGHT,FINE,RES,EMP
RBT,NSM,BTMO,WET,DAWN,SINGLE,LIGHT,RAIN,RES,EMP
RAD,FRNT,SSW,DRY,DAY,MULTI,NO,FINE,NRES,CARS TRUCKS
RAD,NSM,N2T,DRY,DAY,SINGLE,LIGHT,FINE,RES,EMP
BSP,MIR,HON,WET,DAY,SINGLE,LIGHT,FINE,RES,EMP
RAD,OSR,SSW,DRY,DAY,SINGLE,LIGHT,FINE,NRES,CARS TRUCKS
BSP,WIN,SSW,DRY,DAY,MULTI,LIGHT,FINE,UN3PAR,CARS TRUCKS
RAD,WSRE,HON,WET,DAY,MULTI,MODERATE,RAIN,INCIDENT,EMP
RAD,REAR,SSW,DRY,DAY,MULTI,MODERATE,FINE,RES,EMP
RAD,FRNT,HON,DRY,DAY,SINGLE,LIGHT,FINE,INCIDENT,ENV
RAD,NSF,SSW,DRY,DAWN,MULTI,MODERATE,FINE,RES,EMP
RAD,NSM,SSW,DRY,DAY,SINGLE,LIGHT,FINE,RES,EMP
RAD,NSR,REVERSING,DRY,DAY,MULTI,LIGHT,FINE,RES,EMP
BSP,NSM,TAI,DRY,NIGHT,SINGLE,LIGHT,FINE,RES,EMP
RAD,NSR,SSW,WET,DAY,SINGLE,EXTREME,RAIN,RES,BUS - OTHER
RBT,NSM,SSW,DRY,DAY,SINGLE,LIGHT,FINE,UN3PAR,CARS TRUCKS
RAD,NSF,TAI,DRY,DAY,MULTI,MODERATE,FINE,RES,EMP
RAD,NSR,SSW,DRY,DAY,MULTI,LIGHT,FINE,RES,EMP
RAD,FRNT,HON,DRY,DAY,MULTI,NO,FINE,RES,EMP
RAD,REAR,N2T,DRY,DAY,MULTI,LIGHT,FINE,OTHERBUS,CARS TRUCKS
XRD,NSR,SSW,DRY,DAY,MULTI,LIGHT,FINE,RES,EMP
RAD,FRNT,HON,DRY,DAY,MULTI,MODERATE,FINE,RES,EMP
RAD,OSR,REVERSING,DRY,DUSK,SINGLE,MODERATE,FINE,NRES,CARS TRUCKS
BSP,NSR,SSW,DRY,DAY,SINGLE,LIGHT,FINE,RES,EMP
TIN,NSF,HON,SLIP,DUSK,SINGLE,LIGHT,RAIN,RES,EMP
XRD,NSR,SSW,DRY,DAY,MULTI,MODERATE,FINE,RES,EMP
RAD,MIR,SSW,DRY,DAY,SINGLE,NO,FINE,NRES,CARS TRUCKS
RAD,NSR,SSW,WET,DUSK,MULTI,LIGHT,RAIN,RES,EMP
DEPOT,MIR,SSW,WET,DAY,SINGLE,NO,RAIN,OTHERBUS,EMP
RAD,NSR,SSW,DRY,DAY,SINGLE,HEAVY,FINE,RES,BUS - OTHER
BSP,NSF,N2T,DRY,NIGHT,SINGLE,MODERATE,FINE,RES,EMP
RAD,NSR,SSW,WET,DUSK,SINGLE,MODERATE,FINE,RES,EMP
RAD,OSR,SSW,DRY,DAY,MULTI,LIGHT,FINE,UN3PAR,EMP
RAD,NSF,N2T,DRY,DAWN,MULTI,LIGHT,FOG,RES,EMP
TIN,OSR,SSW,DRY,DAY,MULTI,LIGHT,FINE,NRES,CARS TRUCKS
RAD,MIR,SSW,DRY,DAY,SINGLE,LIGHT,FINE,UNREP,OTH
RAD,FRNT,HON,DRY,DAY,BUS,NO,FINE,RES,EMP
RAD,NSF,SSW,DRY,DAY,MULTI,HEAVY,FINE,RES,CARS TRUCKS
RAD,OSM,SSW,DRY,DAY,SINGLE,LIGHT,FINE,RES,CARS TRUCKS
XRD,OSR,SSW,DRY,DAY,SINGLE,MODERATE,FINE,RES,EMP
RAD,OSM,SSW,DRY,DAY,MULTI,HEAVY,SUN,RES,EMP
RAD,OSR,SSW,DRY,DAY,SINGLE,HEAVY,FINE,RES,EMP
BSP,OSM,TBO,DRY,DAY,SINGLE,NO,FINE,NRES,CARS TRUCKS
RAD,NSM,TAI,DRY,DAY,SINGLE,LIGHT,FINE,NRES,CARS TRUCKS
RAD,NSM,SSW,DRY,DAWN,MULTI,LIGHT,FINE,NRES,CARS TRUCKS
RAD,FRNT,HON,DRY,DAY,SINGLE,LIGHT,FINE,RES,BUS - OTHER
DEPOT,NSR,TAI,WET,DAY,SINGLE,NO,RAIN,RES,EMP
BSP,OSR,SSW,WET,DAY,SINGLE,LIGHT,RAIN,RES,EMP
RAD,OSR,SSW,DRY,DAY,SINGLE,LIGHT,FINE,RES,BUS - OTHER
RAD,NSR,SSW,DRY,DAY,SINGLE,LIGHT,FINE,RES,EMP
XRD,NSR,SSW,DRY,NIGHT,MULTI,MODERATE,FINE,RES,EMP
BSP,OSR,SSW,WET,DAY,SINGLE,LIGHT,RAIN,RES,BUS - OTHER
RAD,FRNT,HON,DRY,DAY,SINGLE,NO,FINE,INCIDENT,EMP
RAD,OSM,SSW,DRY,DAY,SINGLE,MODERATE,FINE,RES,EMP
BSP,NSR,TAI,DRY,DAY,SINGLE,HEAVY,SUN,RES,EMP
DEPOT,OSF,TAI,DRY,DAY,SINGLE,LIGHT,FINE,OTHERBUS,BUS - OTHER
RAD,FRNT,HON,DRY,DAY,MULTI,LIGHT,FINE,RES,EMP
BSP,NSF,TAI,DRY,DAY,SINGLE,HEAVY,FINE,RES,EMP
XRD,MIR,SSW,DRY,DAY,SINGLE,LIGHT,FINE,RES,EMP
RAD,REAR,TAI,DRY,DAY,SINGLE,HEAVY,FINE,RES,EMP
RAD,MIR,SSW,DRY,DAY,MULTI,LIGHT,FINE,RES,EMP
RAD,WSRE,SSW,DRY,DAY,MULTI,MODERATE,FINE,RES,EMP
XRD,OSR,SSW,DRY,DAY,SINGLE,HEAVY,FINE,NRES,CARS TRUCKS
RAD,NSR,BTMO,DRY,DAY,SINGLE,LIGHT,FINE,NRES,EMP
RAD,OSR,SSW,DRY,DAY,SINGLE,LIGHT,FINE,NRES,CARS TRUCKS
RAD,WIN,SSW,DRY,DAY,SINGLE,NO,FINE,RES,EMP
RAD,FRNT,SSW,DRY,DUSK,BUS,MODERATE,FINE,RES,EMP
RAD,NSF,REVERSING,DRY,DAY,SINGLE,LIGHT,FINE,UN3PAR,CARS TRUCKS
RAD,NSM,SSW,DRY,DAY,BUS,LIGHT,FINE,RES,EMP
RAD,MIR,SSW,DRY,DAY,MULTI,MODERATE,FINE,RES,EMP
RAD,NSR,SSW,DRY,DAY,SINGLE,NO,FINE,UNREP,EMP
XRD,MIR,SSW,DRY,DAY,SINGLE,LIGHT,FINE,RES,EMP
XRD,NSR,SSW,WET,DAY,MULTI,HEAVY,RAIN,RES,EMP
RAD,NSF,SSW,DRY,DAY,SINGLE,NO,FINE,NRES,CARS TRUCKS
RAD,NSR,N2T,SLIP,DAY,MULTI,LIGHT,FINE,NRES,EMP
BSP,MIR,HON,DRY,DAY,SINGLE,LIGHT,FINE,RES,EMP
TIN,OSM,SSW,SLIP,DAY,SINGLE,LIGHT,RAIN,RES,BUS - OTHER
RAD,FRNT,REVERSING,DRY,DAY,SINGLE,NO,FINE,RES,EMP
RAD,NSF,SSW,DRY,DAY,SINGLE,LIGHT,FINE,RES,EMP
DEPOT,WSRE,N2T,DRY,DAY,SINGLE,NO,FINE,OTHERBUS,EMP
DEPOT,NSR,TAI,DRY,DAY,SINGLE,LIGHT,FINE,RES,EMP
DEPOT,MIR,SSW,DRY,DAY,SINGLE,LIGHT,FINE,OTHERBUS,EMP
XRD,FRNT,HON,SLIP,NIGHT,SINGLE,NO,FINE,RES,EMP
RAD,FRNT,HON,WET,STREET,MULTI,LIGHT,RAIN,NRES,CARS TRUCKS
RAD,OSR,N2T,DRY,DAWN,SINGLE,LIGHT,FINE,UN3PAR,EMP
BSP,NSR,SSW,DRY,NIGHT,MULTI,NO,FINE,INCIDENT,PAS
RAD,NSM,SSW,DRY,DAY,MULTI,MODERATE,FINE,RES,GEN
RAD,NSF,SSW,DRY,DAY,SINGLE,LIGHT,FINE,INCIDENT,OTH
RAD,FRNT,HON,DRY,DAY,SINGLE,NO,FINE,RES,EMP
BSP,NSR,SSW,DRY,DAY,SINGLE,NO,FINE,NRES,EMP
RBT,FRNT,HON,WET,NIGHT,SINGLE,NO,RAIN,RES,EMP
DEPOT,NSR,SSW,WET,DAWN,SINGLE,NO,RAIN,RES,EMP
RAD,MIR,SSW,SLIP,DAY,SINGLE,MODERATE,RAIN,RES,EMP
RBT,NSR,SSW,DRY,DAY,SINGLE,LIGHT,FINE,RES,BUS - OTHER
RAD,NSR,SSW,DRY,DAY,MULTI,LIGHT,FINE,RES,BUS - OTHER
BSP,OSF,SSW,DRY,DAY,SINGLE,LIGHT,FINE,NRES,CARS TRUCKS
DEPOT,OSR,SSW,DRY,DAY,SINGLE,LIGHT,FINE,OTHERBUS,CARS TRUCKS
DEPOT,OSR,TAI,DRY,DAY,SINGLE,LIGHT,FINE,RES,EMP
RAD,NSF,SSW,DRY,DAY,BUS,LIGHT,FINE,UN3PAR,CARS TRUCKS
BSP,MIR,HON,DRY,NIGHT,SINGLE,MODERATE,FINE,RES,EMP
RAD,NSM,SSW,DRY,DAY,MULTI,NO,FINE,NRES,CARS TRUCKS
RAD,NSF,SSW,WET,DAWN,BUS,MODERATE,RAIN,RES,EMP
BSP,REAR,SSW,DRY,DAY,MULTI,MODERATE,FINE,NRES,CARS TRUCKS
RAD,FRNT,TBO,DRY,DAY,SINGLE,LIGHT,FINE,NRES,CARS TRUCKS
TIN,OSR,SSW,DRY,DAY,MULTI,MODERATE,FINE,NRES,CARS TRUCKS
BSP,OSR,SSW,DRY,DAY,SINGLE,LIGHT,FINE,RES,EMP
RAD,NSM,SSW,DRY,DAY,SINGLE,NO,FINE,RES,EMP
TIN,NSR,TAI,WET,DAY,SINGLE,NO,FOG,RES,BUS - OTHER
BSP,NSM,HON,DRY,DAY,SINGLE,MODERATE,FINE,RES,EMP
RAD,NSF,SSW,WET,DUSK,MULTI,HEAVY,RAIN,NRES,CARS TRUCKS
RAD,FRNT,SSW,DRY,DAY,SINGLE,LIGHT,FINE,RES,OTH
BSP,MIR,SSW,WET,NIGHT,MULTI,NO,FINE,RES,EMP
RAD,OSR,HON,DRY,DAWN,MULTI,LIGHT,FINE,UN3PAR,CARS TRUCKS
RAD,NSF,TBO,DRY,DAY,SINGLE,LIGHT,FINE,NRES,CARS TRUCKS
RAD,NSM,SSW,WET,DAWN,SINGLE,LIGHT,FOG,RES,EMP
BSP,MIR,HON,DRY,NIGHT,SINGLE,LIGHT,FOG,RES,EMP
TIN,OSR,REVERSING,WET,DAY,SINGLE,NO,FINE,RES,BUS - OTHER
RAD,OSF,SSW,DRY,NIGHT,MULTI,LIGHT,FINE,UN3PAR,CARS TRUCKS
RAD,NSR,SSW,SLIP,NIGHT,SINGLE,NO,RAIN,RES,EMP
RBT,MIR,HON,DRY,DAY,SINGLE,LIGHT,FINE,RES,BUS - OTHER
XRD,OSR,TAI,DRY,DAY,MULTI,LIGHT,FINE,RES,EMP
RAD,NSF,SSW,WET,DAY,MULTI,MODERATE,RAIN,UN3PAR,CARS TRUCKS
RAD,FRNT,SSW,DRY,DAWN,MULTI,LIGHT,FINE,RES,EMP
RAD,MIR,SSW,DRY,DAY,SINGLE,LIGHT,FINE,RES,EMP
RAD,OSF,SSW,DRY,NIGHT,SINGLE,NO,FINE,RES,CARS TRUCKS
XRD,NSF,TBO,DRY,DAY,MULTI,HEAVY,FINE,NRES,CARS TRUCKS
RAD,FRNT,HON,WET,DAY,MULTI,LIGHT,RAIN,INCIDENT,OTH
XRD,NSR,SSW,DRY,DAWN,MULTI,HEAVY,FINE,RES,EMP
BSP,NSM,SSW,DRY,DAY,SINGLE,LIGHT,FINE,RES,EMP
RAD,NSR,SSW,DRY,DAY,SINGLE,LIGHT,FINE,INCIDENT,GEN
BSP,NSR,BTMO,WET,DAY,MULTI,HEAVY,RAIN,NRES,CARS TRUCKS
RAD,NSR,SSW,DRY,DAY,SINGLE,NO,FINE,RES,CARS TRUCKS
RAD,NSR,SSW,DRY,DAY,SINGLE,HEAVY,FINE,RES,BUS - OTHER
RAD,NSR,SSW,DRY,DAY,SINGLE,LIGHT,FINE,RES,BUS - OTHER
RAD,OSM,TBO,DRY,DAY,SINGLE,LIGHT,FINE,RES,BUS - OTHER
BSP,OSR,SSW,DRY,DAY,MULTI,MODERATE,FINE,NRES,CARS TRUCKS
BSP,OSR,SSW,DRY,DAY,MULTI,HEAVY,FINE,NRES,GEN
RAD,NSF,HON,DRY,NIGHT,MULTI,LIGHT,FINE,INCIDENT,OTH
RAD,FRNT,HON,DRY,DAY,MULTI,MODERATE,FINE,RES,EMP
RAD,FRNT,HON,DRY,DAY,SINGLE,LIGHT,FINE,RES,EMP
RAD,NSR,TAI,DRY,DAY,SINGLE,LIGHT,FINE,RES,EMP
RAD,NSF,SSW,DRY,DAY,SINGLE,LIGHT,FINE,RES,EMP
RAD,NSF,HON,WET,DAY,SINGLE,LIGHT,RAIN,RES,EMP
BSP,OSF,TAI,DRY,DAY,MULTI,LIGHT,FINE,NRES,EMP
RAD,MIR,SSW,DRY,DAY,SINGLE,LIGHT,FINE,UN3PAR,CARS TRUCKS
RAD,NSR,TAI,DRY,DAY,SINGLE,EXTREME,FINE,RES,EMP
RAD,REAR,REVERSING,WET,STREET,SINGLE,NO,FINE,RES,EMP
XRD,REAR,N2T,DRY,DAY,MULTI,HEAVY,FINE,NRES,CARS TRUCKS
RAD,NSR,SSW,DRY,DAY,SINGLE,LIGHT,FINE,NRES,CARS TRUCKS
RAD,OSR,SSW,DRY,DAY,SINGLE,HEAVY,FINE,NRES,CARS TRUCKS
RAD,NSR,REVERSING,DRY,DAY,BUS,NO,FINE,OTHERBUS,EMP
XRD,REAR,REVERSING,DRY,DAY,SINGLE,LIGHT,FINE,RES,BUS - OTHER
RAD,REAR,SSW,DRY,DAY,SINGLE,LIGHT,FINE,UN3PAR,BUS - OTHER
BSP,REAR,N2T,DRY,DAY,BUS,NO,FINE,OTHERBUS,BUS - OTHER
RAD,NSR,SSW,DRY,DAY,SINGLE,LIGHT,FINE,UNREP,OTH
XRD,OSM,SSW,DRY,DAY,MULTI,NO,FINE,RES,EMP
RAD,NSM,SSW,DRY,DAY,SINGLE,MODERATE,FINE,RES,EMP
RAD,NSR,SSW,DRY,DAY,SINGLE,LIGHT,FINE,INCIDENT,GEN
RAD,NSR,SSW,DRY,DAY,SINGLE,LIGHT,FINE,UNREP,EMP
RAD,OSR,SSW,DRY,DAY,BUS,LIGHT,FINE,NRES,CARS TRUCKS
XRD,FRNT,TBO,DRY,NIGHT,MULTI,LIGHT,FINE,NRES,CARS TRUCKS
RAD,NSM,SSW,DRY,DAY,SINGLE,LIGHT,FINE,RES,EMP
XRD,NSR,SSW,WET,DAY,MULTI,HEAVY,RAIN,RES,EMP
RAD,NSR,SSW,DRY,STREET,BUS,MODERATE,FINE,RES,BUS - OTHER
RAD,MIR,SSW,DRY,DAY,SINGLE,LIGHT,FINE,RES,EMP
RAD,MIR,HON,DRY,DAY,MULTI,NO,FINE,RES,EMP
BSP,NSR,ROO,DRY,NIGHT,SINGLE,LIGHT,FINE,RES,EMP
RAD,OSR,SSW,DRY,DAY,SINGLE,LIGHT,FINE,RES,BUS - OTHER
DEPOT,NSR,TAI,DRY,DAY,SINGLE,NO,FINE,RES,EMP
DEPOT,OSR,SSW,DRY,DAY,SINGLE,NO,FINE,OTHERBUS,EMP
RAD,FRNT,HON,WET,NIGHT,MULTI,MODERATE,RAIN,RES,CARS TRUCKS
RAD,OSR,SSW,DRY,DAY,SINGLE,LIGHT,FINE,INCIDENT,OTH
RAD,NSM,SSW,DRY,DAY,SINGLE,NO,FINE,RES,BUS - OTHER
TIN,OSM,SSW,DRY,DAY,SINGLE,EXTREME,SUN,RES,EMP
BSP,NSF,SSW,DRY,DAY,MULTI,MODERATE,FINE,RES,EMP
RBT,REAR,N2T,DRY,DAY,SINGLE,MODERATE,FINE,NRES,CARS TRUCKS