location_code,damage_code,collision_code,road_code,light_code,road_type_code,traffic_code,weather_code,emp_liability_code,kpi_cause_code
RAD,NSF,SSW,DRY,DAY,SINGLE,LIGHT,FINE,RES,EMP
RAD,NSM,SSW,DRY,DAY,SINGLE,LIGHT,FINE,NRES,EMP
RAD,NSR,SSW,DRY,DAY,SINGLE,LIGHT,FINE,RES,EMP
RAD,OSF,SSW,DRY,DAY,SINGLE,LIGHT,FINE,RES,EMP
RAD,OSM,SSW,DRY,DAY,SINGLE,LIGHT,FINE,NRES,EMP
RAD,NSR,SSW,DRY,DAY,SINGLE,LIGHT,FINE,RES,EMP
RAD,OSF,SSW,DRY,DAY,SINGLE,LIGHT,FINE,NRES,EMP
RAD,OSR,SSW,DRY,DAY,SINGLE,LIGHT,FINE,NRES,EMP
RAD,NSF,SSW,DRY,DAY,SINGLE,LIGHT,FINE,NRES,EMP
RAD,NSF,SSW,DRY,DAY,SINGLE,LIGHT,FINE,RES,EMP
RAD,OSR,SSW,DRY,DAY,SINGLE,LIGHT,FINE,NRES,EMP
RAD,NSF,SSW,DRY,DAY,SINGLE,LIGHT,FINE,RES,EMP
RAD,Scratched drive,SSW,DRY,DAY,SINGLE,LIGHT,FINE,NRES,EMP
RAD,NSR,SSW,DRY,DAY,SINGLE,LIGHT,FINE,NRES,EMP
RAD,NSM,SSW,DRY,DAY,SINGLE,LIGHT,FINE,NRES,EMP
RAD,OSF,SSW,DRY,DAY,SINGLE,LIGHT,FINE,NRES,EMP
RAD,NSM,SSW,DRY,DAY,SINGLE,LIGHT,FINE,NRES,EMP
RAD,OSR,SSW,DRY,DAY,SINGLE,LIGHT,FINE,RES,EMP
RAD,FRNT,SSW,DRY,DAY,SINGLE,LIGHT,FINE,RES,EMP
RAD,OSR,SSW,DRY,DAY,SINGLE,LIGHT,FINE,NRES,EMP
RAD,OSF,SSW,DRY,DAY,SINGLE,LIGHT,FINE,RES,EMP
RAD,NSR,SSW,DRY,DAY,SINGLE,LIGHT,FINE,RES,EMP
RAD,NSR,SSW,DRY,DAY,SINGLE,LIGHT,FINE,RES,EMP
RAD,NSM,SSW,DRY,DAY,SINGLE,LIGHT,FINE,RES,EMP
RAD,OSF,SSW,DRY,DAY,SINGLE,LIGHT,FINE,RES,EMP
RAD,OSF,SSW,DRY,DAY,SINGLE,LIGHT,FINE,RES,EMP
RAD,NSM,SSW,DRY,DAY,SINGLE,LIGHT,FINE,RES,EMP
RAD,NSR,SSW,DRY,DAY,SINGLE,LIGHT,FINE,RES,EMP
RAD,OSR,SSW,DRY,DAY,SINGLE,LIGHT,FINE,RES,EMP
RAD,NSM,SSW,DRY,DAY,SINGLE,LIGHT,FINE,RES,EMP
RAD,OSR,SSW,DRY,DAY,SINGLE,LIGHT,FINE,RES,EMP
RAD,REAR,SSW,DRY,DAY,SINGLE,LIGHT,FINE,NRES,EMP
RAD,NSF,SSW,DRY,DAY,SINGLE,LIGHT,FINE,PEND,EMP
RAD,NSF,SSW,DRY,DAY,SINGLE,LIGHT,FINE,RES,EMP
RAD,OSF,SSW,DRY,DAY,SINGLE,LIGHT,FINE,PEND,EMP
RAD,NSF,SSW,DRY,DAY,SINGLE,LIGHT,FINE,RES,EMP
RAD,OSF,SSW,DRY,DAY,SINGLE,LIGHT,FINE,RES,EMP
RAD,NSF,SSW,DRY,DAY,SINGLE,LIGHT,FINE,RES,EMP
RAD,NSF,SSW,DRY,DAY,SINGLE,LIGHT,FINE,NRES,EMP
RAD,NSR,SSW,DRY,DAY,SINGLE,LIGHT,FINE,RES,EMP
RAD,REAR,SSW,DRY,DAY,SINGLE,LIGHT,FINE,NRES,EMP
RAD,NSF,SSW,DRY,DAY,SINGLE,LIGHT,FINE,NRES,EMP
RAD,FRNT,SSW,DRY,DAY,SINGLE,LIGHT,FINE,NRES,EMP
RAD,NSF,SSW,DRY,DAY,SINGLE,LIGHT,FINE,NRES,EMP
RAD,NSF,SSW,DRY,DAY,SINGLE,LIGHT,FINE,NRES,EMP
RAD,NSR,SSW,DRY,DAY,SINGLE,LIGHT,FINE,RES,EMP
RAD,NSR,SSW,DRY,DAY,SINGLE,LIGHT,FINE,RES,EMP
RAD,MIR,SSW,DRY,DAY,MULTI,MODERATE,FINE,RES,CARS TRUCKS
RAD,MIR,SSW,DRY,DAY,MULTI,LIGHT,FINE,RES,EMP
BSP,NSM,SSW,WET,DAWN,MULTI,LIGHT,RAIN,RES,EMP
RAD,OSF,SSW,WET,DAY,SINGLE,LIGHT,RAIN,NRES,ROA
XRD,NSF,SSW,DRY,DAY,SINGLE,LIGHT,FINE,NRES,EMP
RAD,NSM,SSW,DRY,DAY,SINGLE,LIGHT,FINE,RES,EMP
BSP,NSM,SSW,DRY,DAY,SINGLE,EXTREME,FINE,RES,EMP
TIN,MIR,SSW,DRY,STREET,SINGLE,LIGHT,FINE,RES,EMP
BSP,MIR,SSW,DRY,DAY,SINGLE,MODERATE,FINE,RES,EMP
RAD,NSM,REVERSING,WET,DAWN,BUS,MODERATE,RAIN,NRES,CARS TRUCKS
RAD,NSR,SSW,DRY,DAY,SINGLE,MODERATE,FINE,RES,EMP
RAD,NSF,SSW,DRY,STREET,MULTI,HEAVY,FINE,RES,EMP
XRD,OSR,SSW,DRY,DUSK,MULTI,HEAVY,FINE,UN3PAR,CARS TRUCKS
RAD,MIR,SSW,DRY,NIGHT,MULTI,NO,FINE,RES,EMP
BSP,NSF,ROO,DRY,DAY,SINGLE,LIGHT,FINE,RES,EMP
XRD,OSR,SSW,DRY,DAWN,MULTI,MODERATE,FINE,RES,BUS - OTHER
RAD,OSR,TBO,DRY,NIGHT,MULTI,MODERATE,FINE,NRES,CARS TRUCKS
RAD,OSR,SSW,DRY,DAY,MULTI,LIGHT,FINE,NRES,CARS TRUCKS
RAD,FRNT,HON,DRY,DAY,MULTI,NO,FINE,INCIDENT,OTH
DEPOT,NSR,TAI,DRY,NIGHT,SINGLE,LIGHT,FINE,RES,EMP
RAD,NSR,TAI,DRY,DAY,MULTI,MODERATE,FINE,RES,EMP
BSP,MIR,HON,DRY,DAY,SINGLE,LIGHT,FINE,RES,EMP
BSP,OSR,TBO,DRY,DAY,MULTI,MODERATE,FINE,NRES,CARS TRUCKS
RAD,NSR,SSW,DRY,DAY,SINGLE,LIGHT,FINE,RES,OTH
RAD,OSM,HON,DRY,DAY,MULTI,MODERATE,FINE,UN3PAR,CARS TRUCKS
BSP,MIR,SSW,DRY,DAWN,MULTI,LIGHT,FINE,RES,EMP
RAD,MIR,SSW,DRY,DAY,MULTI,MODERATE,FINE,RES,BUS - OTHER
RAD,MIR,SSW,DRY,DAY,SINGLE,MODERATE,FINE,RES,OTH
RAD,REAR,REVERSING,DRY,DAY,SINGLE,NO,FINE,RES,EMP
RAD,OSF,SSW,WET,DUSK,MULTI,LIGHT,FINE,UN3PAR,CARS TRUCKS
XRD,OSF,SSW,DRY,DAY,MULTI,MODERATE,FINE,NRES,CARS TRUCKS
BSP,REAR,N2T,DRY,DAY,MULTI,MODERATE,FINE,NRES,CARS TRUCKS
RAD,NSF,SSW,DRY,DAY,MULTI,LIGHT,FINE,RES,EMP
RAD,MIR,SSW,DRY,DAY,SINGLE,HEAVY,FINE,RES,BUS - OTHER
RAD,NSR,SSW,SLIP,DAWN,SINGLE,LIGHT,FINE,INCIDENT,OTH
XRD,OSR,SSW,WET,DUSK,MULTI,HEAVY,RAIN,RES,EMP
RBT,MIR,SSW,DRY,DAY,MULTI,NO,FINE,RES,EMP
RAD,OSR,SSW,DRY,DAY,SINGLE,LIGHT,FINE,RES,CARS TRUCKS
TIN,NSM,SSW,DRY,STREET,SINGLE,MODERATE,FINE,RES,EMP
RAD,NSR,TAI,DRY,DAY,SINGLE,MODERATE,FINE,RES,EMP
RAD,TOPF,ROO,DRY,DAWN,MULTI,LIGHT,FINE,RES,EMP
RAD,NSF,SSW,DRY,DAY,SINGLE,EXTREME,FINE,RES,EMP
RAD,REAR,TAI,DRY,DAY,MULTI,HEAVY,FINE,RES,EMP
XRD,NSM,SSW,DRY,DAY,SINGLE,EXTREME,FINE,RES,EMP
BSP,NSR,SSW,DRY,DAY,MULTI,NO,FINE,NRES,CARS TRUCKS
RAD,FRNT,SSW,DRY,DAY,SINGLE,MODERATE,FINE,RES,EMP
TIN,NSM,SSW,DRY,DAY,MULTI,LIGHT,FINE,RES,EMP
RAD,NSR,SSW,DRY,DAY,MULTI,HEAVY,FINE,UN3PAR,CARS TRUCKS
BSP,MIR,HON,WET,DAY,BUS,NO,RAIN,RES,EMP
RAD,OSM,SSW,WET,NIGHT,SINGLE,LIGHT,RAIN,RES,EMP
RAD,MIR,SSW,DRY,NIGHT,MULTI,LIGHT,FINE,RES,CARS TRUCKS
BSP,OSF,SSW,DRY,DAY,MULTI,EXTREME,FINE,NRES,CARS TRUCKS
RAD,MIR,SSW,WET,DAY,MULTI,MODERATE,RAIN,RES,EMP
RAD,OSM,TAI,SLIP,DAY,SINGLE,LIGHT,RAIN,RES,EMP
RAD,FRNT,HON,DRY,NIGHT,MULTI,LIGHT,FINE,NRES,CARS TRUCKS
RAD,FRNT,SSW,WET,DUSK,MULTI,HEAVY,RAIN,RES,EMP
RAD,NSR,TAI,DRY,DAY,SINGLE,EXTREME,FINE,RES,EMP
RAD,FRNT,N2T,DRY,DAY,MULTI,LIGHT,FINE,NRES,CARS TRUCKS
BSP,OSR,SSW,DRY,DAY,MULTI,HEAVY,FINE,NRES,CARS TRUCKS
TIN,NSM,SSW,DRY,NIGHT,SINGLE,HEAVY,FINE,RES,EMP
BSP,MIR,SSW,WET,NIGHT,SINGLE,MODERATE,RAIN,RES,EMP
RAD,NSF,SSW,SLIP,DAY,MULTI,MODERATE,FINE,RES,EMP
RAD,FRNT,HON,DRY,DAY,MULTI,HEAVY,FINE,RES,EMP
RBT,OSF,SSW,DRY,NIGHT,MULTI,LIGHT,FINE,RES,EMP
RAD,REAR,N2T,DRY,DAY,SINGLE,HEAVY,FINE,NRES,CARS TRUCKS
RAD,NSR,SSW,DRY,DAY,SINGLE,MODERATE,FINE,RES,EMP
RAD,NSR,SSW,DRY,DAY,SINGLE,LIGHT,FINE,INCIDENT,EMP
RAD,NSF,SSW,DRY,NIGHT,MULTI,LIGHT,FINE,RES,EMP
RAD,OSR,TBO,DRY,DAY,SINGLE,NO,FINE,NRES,CARS TRUCKS
DEPOT,MIR,REVERSING,DRY,DAY,BUS,NO,FINE,OTHERBUS,EMP
DEPOT,NSR,SSW,DRY,DAY,SINGLE,NO,FINE,RES,BUS - OTHER
RAD,MIR,SSW,WET,NIGHT,MULTI,NO,RAIN,UN3PAR,CARS TRUCKS
TIN,NSM,SSW,DRY,NIGHT,SINGLE,EXTREME,FINE,RES,EMP
TIN,NSM,SSW,WET,DAY,MULTI,HEAVY,RAIN,RES,EMP
RAD,NSR,SSW,DRY,NIGHT,SINGLE,NO,FINE,RES,CARS TRUCKS
RAD,NSM,SSW,DRY,DAY,SINGLE,LIGHT,FINE,UNREP,BUS - OTHER
DEPOT,NSR,REVERSING,DRY,NIGHT,SINGLE,LIGHT,FOG,RES,BUS - OTHER
RAD,OSM,SSW,DRY,DAY,SINGLE,LIGHT,FINE,UNREP,BUS - OTHER
RAD,REAR,SSW,DRY,DAY,SINGLE,LIGHT,FINE,UNREP,BUS - OTHER
BSP,FRNT,HON,DRY,DAY,SINGLE,LIGHT,FINE,RES,EMP
BSP,MIR,SSW,DRY,DAWN,BUS,LIGHT,FINE,RES,EMP
TIN,NSR,TAI,SLIP,DUSK,SINGLE,LIGHT,RAIN,RES,BUS - OTHER
RAD,MIR,SSW,DRY,DAY,MULTI,MODERATE,FINE,RES,EMP
XRD,FRNT,N2T,DRY,DAY,MULTI,LIGHT,FINE,RES,EMP
RAD,FRNT,SSW,DRY,DAY,SINGLE,LIGHT,FINE,RES,EMP
RAD,NSR,SSW,DRY,DAY,SINGLE,NO,FINE,RES,BUS - OTHER
BSP,MIR,SSW,DRY,DAY,SINGLE,LIGHT,FINE,RES,EMP
TIN,NSR,SSW,DRY,DAY,SINGLE,NO,FINE,RES,EMP
RBT,NSR,REVERSING,DRY,DUSK,SINGLE,NO,FINE,RES,EMP
RAD,MIR,SSW,DRY,DAY,SINGLE,LIGHT,FINE,INCIDENT,EMP
RAD,NSF,SSW,DRY,DAY,MULTI,HEAVY,FINE,RES,BUS - OTHER
RAD,NSR,TAI,DRY,DAY,SINGLE,LIGHT,FINE,RES,EMP
TIN,OSF,TBO,DRY,DAY,SINGLE,LIGHT,FINE,NRES,CARS TRUCKS
BSP,MIR,SSW,DRY,DAY,BUS,HEAVY,FINE,UN3PAR,CARS TRUCKS
RAD,NSM,SSW,DRY,DAWN,SINGLE,MODERATE,FINE,RES,BUS - OTHER
RAD,FRNT,TBO,DRY,DAY,BUS,MODERATE,FINE,NRES,CARS TRUCKS
RAD,NSM,SSW,DRY,DAY,MULTI,LIGHT,FINE,NRES,CARS TRUCKS
RAD,NSF,SSW,DRY,DAY,SINGLE,LIGHT,FINE,NRES,CARS TRUCKS
TIN,NSR,TAI,WET,DAY,SINGLE,EXTREME,RAIN,RES,EMP
BSP,MIR,SSW,WET,DAY,SINGLE,MODERATE,RAIN,RES,EMP
RAD,NSR,SSW,DRY,DAY,MULTI,LIGHT,FINE,RES,CARS TRUCKS
RAD,FRNT,HON,SLIP,NIGHT,MULTI,MODERATE,FINE,RES,EMP
RBT,NSM,SSW,DRY,DAY,SINGLE,MODERATE,FINE,NRES,CARS TRUCKS
TIN,OSR,SSW,DRY,DAY,MULTI,HEAVY,FINE,RES,EMP
RAD,MIR,SSW,DRY,DAY,SINGLE,MODERATE,FINE,RES,EMP
BSP,OSR,SSW,WET,DAY,MULTI,MODERATE,RAIN,NRES,CARS TRUCKS
RAD,FRNT,SSW,WET,DAY,SINGLE,MODERATE,FINE,RES,EMP
RAD,NSR,N2T,DRY,DAY,MULTI,LIGHT,FINE,UN3PAR,CARS TRUCKS
RBT,NSM,SSW,DRY,DAY,MULTI,MODERATE,FINE,NRES,CARS TRUCKS
RAD,REAR,N2T,DRY,DAY,SINGLE,MODERATE,FINE,NRES,CARS TRUCKS
XRD,FRNT,N2T,WET,NIGHT,MULTI,NO,RAIN,RES,EMP
RAD,OSR,SSW,DRY,DAY,MULTI,MODERATE,FINE,RES,EMP
DEPOT,OSR,REVERSING,DRY,DAY,BUS,NO,FINE,RES,EMP
RAD,NSF,SSW,DRY,DAY,MULTI,LIGHT,FINE,RES,EMP
RAD,NSM,SSW,WET,DAWN,MULTI,MODERATE,FINE,RES,EMP
RAD,FRNT,HON,DRY,NIGHT,SINGLE,NO,FINE,INCIDENT,OTH
RAD,NSF,SSW,WET,STREET,SINGLE,NO,RAIN,RES,EMP
RAD,MIR,SSW,DRY,DUSK,SINGLE,LIGHT,SUN,RES,EMP
RAD,NSM,SSW,WET,DAY,MULTI,MODERATE,RAIN,INCIDENT,OTH
RAD,NSR,SSW,DRY,DAY,SINGLE,HEAVY,FINE,RES,BUS - OTHER
RAD,NSR,REVERSING,DRY,DAY,MULTI,MODERATE,FINE,NRES,CARS TRUCKS
RAD,REAR,SSW,SLIP,DAY,MULTI,MODERATE,FINE,RES,EMP
XRD,NSM,REVERSING,SLIP,DAY,SINGLE,MODERATE,RAIN,NRES,CARS TRUCKS
TIN,OSM,SSW,WET,DAWN,SINGLE,NO,RAIN,RES,EMP
RAD,REAR,N2T,DRY,DAY,SINGLE,HEAVY,FINE,NRES,CARS TRUCKS
RBT,WIN,SSW,DRY,DAY,SINGLE,MODERATE,FINE,NRES,GEN
RAD,WSRE,SSW,DRY,DAY,SINGLE,LIGHT,FINE,INCIDENT,CARS TRUCKS
RAD,REAR,REVERSING,DRY,DAY,MULTI,NO,FINE,RES,EMP
RAD,NSF,SSW,DRY,NIGHT,MULTI,NO,FINE,RES,BUS - OTHER
RAD,FRNT,N2T,DRY,DAY,MULTI,LIGHT,FINE,NRES,CARS TRUCKS
BSP,MIR,SSW,DRY,DAY,SINGLE,LIGHT,FINE,RES,EMP
RAD,OSM,SSW,DRY,DAY,SINGLE,LIGHT,FINE,RES,CARS TRUCKS
RAD,MIR,SSW,DRY,NIGHT,MULTI,LIGHT,FINE,RES,EMP
RAD,NSR,SSW,DRY,DAY,SINGLE,LIGHT,FINE,RES,EMP
TIN,OSR,REVERSING,DRY,DAY,SINGLE,HEAVY,FINE,RES,EMP
RAD,OSF,SSW,DRY,NIGHT,MULTI,LIGHT,FINE,RES,NONPOW
DEPOT,MIR,TAI,DRY,NIGHT,BUS,NO,FINE,RES,EMP
RAD,MIR,SSW,DRY,DAY,MULTI,LIGHT,FINE,RES,EMP
RAD,NSR,SSW,DRY,DAY,BUS,LIGHT,FINE,RES,EMP
BSP,NSR,SSW,DRY,DAY,SINGLE,NO,FINE,NRES,CARS TRUCKS
DEPOT,MIR,SSW,DRY,DAY,MULTI,MODERATE,FINE,NRES,CARS TRUCKS
TIN,REAR,HON,DRY,DAY,MULTI,HEAVY,FINE,NRES,CARS TRUCKS
RAD,NSR,SSW,DRY,DAY,MULTI,NO,FINE,NRES,BUS - OTHER
DEPOT,WSRE,REVERSING,DRY,DAY,SINGLE,NO,FINE,OTHERBUS,EMP
RBT,NSR,SSW,DRY,DAY,MULTI,HEAVY,FINE,RES,EMP
TIN,OSR,TAI,DRY,DAY,SINGLE,HEAVY,FINE,RES,EMP
DEPOT,NSR,REVERSING,DRY,DAY,SINGLE,NO,FINE,RES,EMP
RAD,OSM,HON,DRY,DAY,SINGLE,LIGHT,FINE,NRES,GEN
RAD,NSR,SSW,DRY,DAY,SINGLE,LIGHT,FINE,RES,EMP
RAD,NSR,TAI,DRY,DAY,SINGLE,MODERATE,FINE,RES,EMP
RAD,MIR,SSW,WET,DAY,MULTI,MODERATE,RAIN,UN3PAR,CARS TRUCKS
RAD,OSM,SSW,DRY,DAY,MULTI,HEAVY,FINE,RES,EMP
RAD,NSR,SSW,WET,DAY,SINGLE,HEAVY,FINE,RES,EMP
XRD,OSR,SSW,DRY,DAY,SINGLE,LIGHT,FINE,NRES,CARS TRUCKS
RAD,OSM,SSW,DRY,DAY,SINGLE,LIGHT,FINE,NRES,CARS TRUCKS
RAD,NSR,SSW,DRY,DAY,MULTI,LIGHT,FINE,UN3PAR,CARS TRUCKS
BSP,NSR,SSW,WET,STREET,MULTI,NO,FINE,UN3PAR,CARS TRUCKS
RBT,NSR,TAI,WET,DAY,SINGLE,LIGHT,RAIN,RES,EMP
BSP,MIR,SSW,DRY,DAY,BUS,MODERATE,FINE,RES,EMP
TIN,OSM,SSW,DRY,DAY,MULTI,HEAVY,FINE,UN3PAR,CARS TRUCKS
DEPOT,REAR,SSW,DRY,DAY,SINGLE,NO,FINE,INCIDENT,OTH
RAD,NSR,HON,DRY,DAWN,SINGLE,NO,FINE,RES,EMP
BSP,MIR,SSW,DRY,DAY,MULTI,MODERATE,FINE,NRES,CARS TRUCKS
RAD,MIR,SSW,DRY,DAY,MULTI,HEAVY,FINE,UN3PAR,EMP
RAD,OSM,SSW,DRY,DAY,MULTI,MODERATE,FINE,RES,EMP
XRD,OSF,SSW,DRY,NIGHT,SINGLE,MODERATE,FINE,NRES,EMP
RAD,FRNT,HON,DRY,DAY,SINGLE,LIGHT,FINE,RES,EMP
RAD,OSF,SSW,DRY,DAY,SINGLE,EXTREME,FINE,RES,EMP
BSP,NSF,SSW,DRY,DAY,MULTI,LIGHT,FINE,RES,EMP
RAD,NSF,HON,DRY,NIGHT,SINGLE,NO,FINE,RES,CARS TRUCKS
RAD,NSR,SSW,DRY,DAY,SINGLE,LIGHT,FINE,RES,EMP
RAD,OSR,TAI,DRY,DAY,MULTI,LIGHT,FINE,RES,EMP
RAD,WSRE,SSW,DRY,DAY,SINGLE,LIGHT,FINE,INCIDENT,GEN
BSP,MIR,SSW,DRY,DAY,SINGLE,LIGHT,FINE,RES,EMP
RBT,NSF,SSW,DRY,DAY,SINGLE,MODERATE,FINE,NRES,EMP
RAD,NSF,SSW,DRY,STREET,SINGLE,NO,FINE,RES,EMP
BSP,OSR,SSW,DRY,DAY,SINGLE,LIGHT,FINE,NRES,CARS TRUCKS
RAD,NSR,SSW,DRY,DUSK,SINGLE,MODERATE,FINE,RES,EMP
RAD,NSR,SSW,DRY,DAY,SINGLE,LIGHT,FINE,PEND,EMP
RAD,NSR,SSW,WET,DAY,SINGLE,MODERATE,RAIN,RES,EMP
RAD,NSR,SSW,WET,DAY,SINGLE,HEAVY,RAIN,RES,CARS TRUCKS
RAD,FRNT,SSW,DRY,DAY,SINGLE,LIGHT,FINE,INCIDENT,EMP
RAD,FRNT,BTMO,DRY,DUSK,SINGLE,LIGHT,FINE,INCIDENT,CARS TRUCKS
RAD,NSR,SSW,DRY,DAY,MULTI,HEAVY,FINE,RES,EMP
RAD,WSRE,SSW,DRY,DAY,SINGLE,LIGHT,FINE,NRES,EMP
BSP,OSR,N2T,DRY,DAY,SINGLE,NO,FINE,NRES,ROA
RAD,NSR,REVERSING,WET,NIGHT,SINGLE,NO,RAIN,RES,EMP
TIN,NSR,SSW,DRY,DAY,SINGLE,NO,FINE,RES,CARS TRUCKS
RAD,FRNT,SSW,DRY,DAY,SINGLE,NO,FINE,NRES,CARS TRUCKS
RAD,NSR,SSW,DRY,DAY,SINGLE,LIGHT,FINE,UNREP,OTH
BSP,MIR,HON,DRY,DAY,SINGLE,LIGHT,FINE,NRES,CARS TRUCKS
RAD,OSR,SSW,DRY,DAY,SINGLE,LIGHT,FINE,NRES,EMP
RAD,WSRE,SSW,DRY,DAY,SINGLE,LIGHT,FINE,NRES,EMP
RAD,NSF,SSW,DRY,DAY,SINGLE,LIGHT,FINE,RES,EMP
RAD,NSR,SSW,DRY,DAY,SINGLE,LIGHT,FINE,RES,EMP
XRD,OSM,SSW,DRY,DAY,MULTI,HEAVY,FINE,RES,EMP
BSP,OSR,SSW,WET,DAY,SINGLE,LIGHT,FINE,NRES,CARS TRUCKS
RAD,NSR,SSW,DRY,DAY,MULTI,HEAVY,FINE,RES,EMP
BSP,MIR,SSW,DRY,DAY,SINGLE,LIGHT,FINE,RES,EMP
BSP,OSR,SSW,DRY,DAY,SINGLE,NO,FINE,NRES,BUS - OTHER
BSP,NSM,SSW,DRY,NIGHT,BUS,EXTREME,FINE,RES,EMP
BSP,MIR,HON,WET,NIGHT,MULTI,LIGHT,RAIN,RES,EMP
BSP,OSR,N2T,DRY,DAY,MULTI,HEAVY,FINE,NRES,ROA
DEPOT,FRNT,N2T,DRY,DAY,BUS,NO,FINE,RES,BUS BRAKING
BSP,WSRE,BTMO,DRY,DAY,SINGLE,LIGHT,SUN,RES,EMP
BSP,NSR,SSW,DRY,DAY,SINGLE,HEAVY,FINE,RES,EMP
DEPOT,OSR,SSW,DRY,DAY,SINGLE,LIGHT,FINE,RES,EMP
RBT,NSM,SSW,DRY,NIGHT,BUS,NO,FINE,RES,EMP
BSP,OSR,SSW,DRY,NIGHT,BUS,MODERATE,FINE,RES,EMP
RAD,REAR,N2T,DRY,DAY,SINGLE,LIGHT,FINE,NRES,ROA
RAD,WSRE,HON,DRY,DAY,SINGLE,LIGHT,FINE,RES,EMP
BSP,NSF,SSW,DRY,DAY,SINGLE,LIGHT,FINE,RES,EMP
RAD,FRNT,HON,DRY,DAY,SINGLE,LIGHT,FINE,RES,EMP
RAD,MIR,SSW,DRY,DAWN,MULTI,LIGHT,FINE,UN3PAR,CARS TRUCKS
RAD,NSF,HON,DRY,DAY,MULTI,LIGHT,FINE,RES,EMP
TIN,OSR,TAI,DRY,DAY,SINGLE,MODERATE,FINE,RES,CARS TRUCKS
BSP,NSR,SSW,DRY,NIGHT,MULTI,LIGHT,FINE,RES,EMP
RAD,NSF,HON,DRY,DAY,SINGLE,NO,FINE,RES,EMP
RAD,OSF,SSW,DRY,DAY,SINGLE,LIGHT,FINE,RES,EMP
DEPOT,OSM,SSW,DRY,DAY,SINGLE,LIGHT,SUN,RES,BUS - OTHER
BSP,NSF,SSW,DRY,DAY,MULTI,LIGHT,FINE,RES,EMP
DEPOT,REAR,SSW,DRY,DAY,SINGLE,LIGHT,FINE,NRES,BUS - OTHER
RAD,NSR,SSW,DRY,DAY,SINGLE,LIGHT,FINE,RES,CARS TRUCKS
RAD,NSR,SSW,DRY,DAY,SINGLE,LIGHT,FINE,RES,EMP
RAD,FRNT,HON,DRY,DAY,SINGLE,LIGHT,FINE,INCIDENT,OTH
RAD,NSR,SSW,WET,DAWN,SINGLE,NO,RAIN,RES,EMP
RAD,OSR,SSW,DRY,DAY,MULTI,HEAVY,FINE,RES,EMP
RAD,NSF,HON,SLIP,DAY,SINGLE,MODERATE,RAIN,RES,CARS TRUCKS
RAD,NSF,SSW,DRY,NIGHT,SINGLE,LIGHT,FINE,UN3PAR,CARS TRUCKS
RAD,OSR,SSW,WET,DAY,MULTI,MODERATE,RAIN,NRES,ROA
RAD,FRNT,N2T,DRY,DAY,SINGLE,LIGHT,FINE,RES,CARS TRUCKS
RBT,NSF,BTMO,DRY,DAY,SINGLE,LIGHT,FINE,RES,EMP
RAD,OSR,SSW,DRY,DAY,SINGLE,LIGHT,FINE,NRES,CARS TRUCKS
RAD,WSRE,SSW,DRY,DAY,SINGLE,LIGHT,FINE,UNREP,OTH
BSP,NSM,SSW,DRY,DAY,SINGLE,LIGHT,FINE,RES,EMP
RAD,NSR,REVERSING,DRY,DAY,SINGLE,LIGHT,FINE,RES,BUS - OTHER
RAD,FRNT,SSW,DRY,DAY,SINGLE,LIGHT,FINE,NRES,MAT
DEPOT,WSRE,HON,DRY,DAY,SINGLE,LIGHT,FINE,RES,EMP
RAD,NSF,SSW,DRY,DAY,SINGLE,LIGHT,FINE,UN3PAR,GEN
BSP,NSM,SSW,DRY,DAY,SINGLE,LIGHT,FINE,RES,BUS - OTHER
RAD,FRNT,SSW,DRY,DAY,SINGLE,LIGHT,FINE,NRES,CARS TRUCKS
RAD,MIR,SSW,DRY,DAY,MULTI,LIGHT,FINE,NRES,CARS TRUCKS
RAD,NSF,SSW,DRY,DAY,MULTI,HEAVY,FINE,NRES,CARS TRUCKS
BSP,MIR,SSW,WET,DAWN,SINGLE,LIGHT,RAIN,NRES,ROA
BSP,FRNT,HON,DRY,DAY,SINGLE,LIGHT,FINE,RES,EMP
DEPOT,OSM,SSW,DRY,DAY,SINGLE,LIGHT,FINE,UNREP,OTH
RAD,NSR,SSW,DRY,DAY,SINGLE,LIGHT,FINE,INCIDENT,OTH
RAD,NSR,SSW,DRY,DAY,SINGLE,LIGHT,FINE,RES,EMP
RAD,FRNT,N2T,DRY,DAY,MULTI,HEAVY,FINE,RES,CARS TRUCKS
RAD,NSR,SSW,DRY,DAY,SINGLE,MODERATE,FINE,NRES,CARS TRUCKS
BSP,FRNT,HON,DRY,DUSK,SINGLE,MODERATE,FINE,RES,EMP
RAD,NSR,SSW,DRY,DAY,SINGLE,LIGHT,FINE,NRES,EMP
RAD,NSR,SSW,WET,DAY,SINGLE,LIGHT,RAIN,INCIDENT,CARS TRUCKS
RAD,FRNT,SSW,DRY,DAY,SINGLE,LIGHT,FINE,RES,EMP
RAD,NSR,SSW,DRY,DAY,SINGLE,LIGHT,FINE,PEND,EMP
RAD,MIR,HON,DRY,DAY,MULTI,MODERATE,FINE,RES,CARS TRUCKS
RAD,REAR,N2T,DRY,DAY,SINGLE,LIGHT,FINE,NRES,CARS TRUCKS
RAD,OSF,SSW,DRY,DAY,SINGLE,LIGHT,FINE,NRES,EMP