location_code,damage_code,collision_code,road_code,light_code,road_type_code,traffic_code,weather_code,emp_liability_code,kpi_cause_code
BSP,OSM,ROO,DRY,DAY,SINGLE,LIGHT,FINE,RES,BUS - OTHER
RBT,OSM,SSW,DRY,DAY,SINGLE,LIGHT,FINE,RES,CARS TRUCKS
RAD,NSM,SSW,DRY,DAY,SINGLE,LIGHT,FINE,RES,EMP
RAD,NSR,SSW,DRY,DAY,SINGLE,LIGHT,FINE,NRES,EMP
XRD,NSM,SSW,DRY,DAY,MULTI,LIGHT,FINE,NRES,CARS TRUCKS
RAD,OSR,SSW,DRY,DAY,SINGLE,LIGHT,FINE,RES,EMP
RAD,REAR,SSW,DRY,DAY,MULTI,MODERATE,FINE,NRES,CARS TRUCKS
RBT,OSR,SSW,DRY,DAY,MULTI,HEAVY,RAIN,NRES,EMP
RAD,FRNT,N2T,DRY,DAY,MULTI,LIGHT,FINE,RES,EMP
RAD,NSF,HON,DRY,NIGHT,SINGLE,LIGHT,FINE,RES,EMP
RAD,NSF,SSW,DRY,DAY,SINGLE,LIGHT,FINE,RES,EMP
RAD,NSM,SSW,DRY,DAY,SINGLE,LIGHT,FINE,RES,CARS TRUCKS
RAD,NSR,SSW,DRY,DAY,SINGLE,LIGHT,FINE,PEND,EMP
RAD,NSR,SSW,DRY,DAY,SINGLE,LIGHT,FINE,PEND,EMP
RAD,MIR,SSW,WET,NIGHT,MULTI,LIGHT,FINE,RES,EMP
BSP,NSR,TAI,DRY,DAY,SINGLE,NO,FINE,RES,EMP
RAD,OSR,SSW,DRY,DAY,SINGLE,NO,FINE,RES,EMP
RAD,NSM,SSW,DRY,DAY,SINGLE,LIGHT,FINE,RES,EMP
TIN,NSR,SSW,DRY,DAY,SINGLE,LIGHT,FINE,RES,EMP
BSP,NSM,SSW,DRY,DAY,SINGLE,NO,FINE,RES,EMP
RAD,REAR,REVERSING,DRY,DAY,SINGLE,LIGHT,FINE,RES,CARS TRUCKS
RAD,NSR,SSW,DRY,DAY,SINGLE,LIGHT,FINE,PEND,EMP
RAD,NSR,SSW,DRY,DAY,SINGLE,LIGHT,FINE,RES,EMP
RAD,TOPM,ROO,DRY,DAY,SINGLE,NO,FINE,INCIDENT,BUS - OTHER
RAD,NSM,SSW,DRY,DAY,MULTI,MODERATE,FINE,NRES,CARS TRUCKS
RAD,OSR,SSW,DRY,DAY,SINGLE,LIGHT,FINE,NRES,EMP
RAD,FRNT,N2T,WET,DAY,SINGLE,HEAVY,RAIN,RES,EMP
TIN,OSF,BTMO,DRY,DAY,SINGLE,LIGHT,FINE,RES,BUS - OTHER
RAD,NSF,SSW,DRY,DAY,MULTI,MODERATE,SUN,RES,EMP
RAD,FRNT,HON,DRY,DAY,SINGLE,LIGHT,FINE,NRES,EMP
RBT,FRNT,SSW,DRY,DAY,SINGLE,LIGHT,FINE,RES,EMP
RAD,NSF,HON,DRY,DAY,SINGLE,LIGHT,FINE,RES,EMP
RAD,WIN,SSW,DRY,DAY,SINGLE,LIGHT,FINE,NRES,EMP
RAD,NSF,SSW,DRY,DAY,SINGLE,LIGHT,FINE,RES,EMP
RAD,NSM,SSW,DRY,DAY,SINGLE,LIGHT,FINE,RES,EMP
RAD,NSR,SSW,DRY,DAY,MULTI,LIGHT,FINE,RES,EMP
BSP,MIR,HON,DRY,DAY,SINGLE,NO,FINE,RES,EMP
RAD,FRNT,HON,DRY,DAY,SINGLE,LIGHT,FINE,NRES,ROA
BSP,NSR,TAI,DRY,DAY,SINGLE,LIGHT,FINE,RES,CARS TRUCKS
BSP,NSF,BTMO,DRY,DAWN,SINGLE,NO,FINE,RES,EMP
RAD,MIR,SSW,SLIP,DAY,SINGLE,MODERATE,FINE,UN3PAR,CARS TRUCKS
RAD,NSR,SSW,DRY,DAY,SINGLE,LIGHT,FINE,RES,EMP
DEPOT,WSRE,SSW,DRY,DAY,BUS,NO,FINE,INCIDENT,OTH
BSP,MIR,SSW,DRY,DAY,SINGLE,MODERATE,FINE,RES,EMP
BSP,MIR,N2T,DRY,DAY,SINGLE,LIGHT,FINE,RES,EMP
RAD,NSR,SSW,DRY,DAY,MULTI,LIGHT,FINE,NRES,CARS TRUCKS
RAD,NSM,SSW,DRY,DAY,SINGLE,LIGHT,FINE,RES,CARS TRUCKS
RAD,FRNT,SSW,DRY,DAY,SINGLE,LIGHT,FINE,NRES,EMP
RAD,OSF,SSW,DRY,DAY,SINGLE,LIGHT,FINE,NRES,EMP
RAD,OSR,SSW,DRY,NIGHT,SINGLE,LIGHT,FINE,RES,EMP
RAD,WSRE,BTMO,DRY,DAY,SINGLE,LIGHT,FINE,INCIDENT,OTH
RAD,FRNT,SSW,DRY,DAY,MULTI,LIGHT,FINE,RES,CARS TRUCKS
BSP,FRNT,SSW,DRY,DAY,SINGLE,LIGHT,FINE,RES,EMP
RAD,NSR,SSW,DRY,NIGHT,SINGLE,LIGHT,FINE,NRES,EMP
RAD,OSF,SSW,DRY,DAY,SINGLE,LIGHT,FINE,INCIDENT,CARS TRUCKS
RAD,FRNT,SSW,DRY,DAY,SINGLE,LIGHT,FINE,RES,EMP
RAD,FRNT,SSW,DRY,DAY,SINGLE,MODERATE,FINE,NRES,EMP
BSP,NSR,SSW,DRY,DAY,SINGLE,LIGHT,FINE,RES,EMP
BSP,MIR,SSW,WET,NIGHT,SINGLE,LIGHT,RAIN,RES,EMP
RAD,OSF,SSW,DRY,DAY,SINGLE,MODERATE,FINE,NRES,EMP
BSP,REAR,REVERSING,DRY,DAY,SINGLE,MODERATE,FINE,RES,EMP
RAD,NSR,SSW,DRY,DAY,SINGLE,LIGHT,FINE,RES,EMP
RAD,NSF,SSW,DRY,DAY,MULTI,NO,FINE,NRES,EMP
BSP,REAR,REVERSING,DRY,DAY,MULTI,LIGHT,FINE,RES,EMP
RAD,OSR,SSW,DRY,DAY,SINGLE,LIGHT,FINE,NRES,ROA
RAD,MIR,SSW,WET,DUSK,MULTI,HEAVY,RAIN,NRES,EMP
RAD,NSR,SSW,DRY,DAY,SINGLE,LIGHT,FINE,RES,EMP
RAD,WIN,SSW,DRY,DAY,SINGLE,HEAVY,FINE,INCIDENT,EMP
BSP,NSM,SSW,DRY,DAY,MULTI,HEAVY,FINE,NRES,EMP
TIN,NSR,SSW,DRY,NIGHT,SINGLE,LIGHT,FINE,RES,EMP
RAD,NSF,SSW,DRY,DAY,SINGLE,LIGHT,FINE,NRES,EMP
RAD,NSF,SSW,DRY,DAY,SINGLE,LIGHT,FINE,RES,EMP
RAD,NSR,SSW,DRY,DAY,SINGLE,NO,FINE,RES,EMP
RAD,OSR,SSW,WET,DAY,MULTI,LIGHT,RAIN,INCIDENT,EMP
RAD,MIR,SSW,DRY,DAY,SINGLE,LIGHT,FINE,NRES,EMP
RAD,OSM,SSW,DRY,DAY,SINGLE,LIGHT,FINE,RES,EMP
BSP,NSM,SSW,DRY,DAY,SINGLE,LIGHT,FINE,NRES,EMP
BSP,WIN,SSW,DRY,DAY,SINGLE,LIGHT,FINE,NRES,EMP
RAD,NSF,SSW,WET,DAY,SINGLE,LIGHT,RAIN,NRES,EMP
BSP,OSF,SSW,WET,DAY,MULTI,LIGHT,FINE,NRES,EMP
RAD,FRNT,SSW,DRY,DAY,SINGLE,LIGHT,FINE,NRES,EMP
RAD,WSRE,SSW,DRY,DAY,SINGLE,LIGHT,FINE,NRES,EMP
RAD,NSR,SSW,WET,DAY,SINGLE,MODERATE,FINE,RES,EMP
RAD,FRNT,N2T,DRY,NIGHT,MULTI,LIGHT,FINE,RES,EMP
RBT,WSRE,SSW,DRY,DAY,SINGLE,LIGHT,FINE,RES,EMP
RAD,NSR,SSW,DRY,DAY,SINGLE,LIGHT,FINE,NRES,EMP
RAD,NSF,SSW,DRY,DAY,SINGLE,LIGHT,FINE,NRES,EMP
RAD,NSF,TBO,WET,DUSK,BUS,NO,RAIN,NRES,EMP
XRD,NSF,SSW,DRY,DAY,MULTI,NO,FINE,RES,EMP
RAD,OSF,SSW,DRY,DAY,MULTI,MODERATE,FINE,NRES,EMP
RAD,WSRE,SSW,DRY,DAY,SINGLE,LIGHT,FINE,NRES,EMP
RAD,MIR,SSW,DRY,DAY,SINGLE,LIGHT,FINE,RES,EMP
BSP,WSRE,HON,DRY,DAY,MULTI,NO,FINE,RES,EMP
RAD,MIR,SSW,DRY,DAY,SINGLE,LIGHT,FINE,RES,EMP
BSP,NSR,SSW,DRY,DAY,MULTI,MODERATE,FINE,NRES,EMP
RAD,WSRE,SSW,DRY,DAY,SINGLE,LIGHT,FINE,RES,EMP
RAD,TOPM,HON,DRY,DAY,SINGLE,NO,FINE,RES,EMP
RAD,NSR,SSW,WET,DAY,SINGLE,LIGHT,RAIN,PEND,EMP
RBT,NSR,SSW,DRY,DAY,SINGLE,NO,FINE,RES,EMP
RAD,OSM,SSW,DRY,DAY,SINGLE,LIGHT,FINE,RES,EMP
RAD,WSRE,HON,DRY,DAY,SINGLE,NO,FINE,RES,EMP
BSP,MIR,HON,DRY,DAY,SINGLE,LIGHT,FINE,RES,EMP
RAD,WSRE,SSW,DRY,DAY,SINGLE,LIGHT,FINE,RES,EMP
RAD,REAR,SSW,DRY,DAY,SINGLE,LIGHT,FINE,RES,EMP
RAD,NSR,SSW,DRY,DAY,SINGLE,LIGHT,FINE,PEND,EMP
BSP,MIR,HON,DRY,DAY,SINGLE,LIGHT,FINE,RES,EMP
BSP,MIR,SSW,DRY,DAY,BUS,LIGHT,FINE,RES,EMP
RAD,MIR,SSW,DRY,DUSK,MULTI,MODERATE,FINE,PEND,EMP
TIN,NSR,SSW,DRY,DAY,SINGLE,LIGHT,FINE,RES,EMP
XRD,MIR,SSW,DRY,DAY,SINGLE,LIGHT,FINE,PEND,EMP
BSP,WSRE,SSW,WET,DAY,SINGLE,MODERATE,RAIN,NRES,EMP
RAD,NSF,SSW,DRY,DAY,SINGLE,MODERATE,FINE,NRES,EMP
RAD,NSR,SSW,DRY,DAY,SINGLE,LIGHT,FINE,NRES,EMP
TIN,NSF,HON,DRY,DAY,SINGLE,LIGHT,FINE,NRES,EMP
TIN,FRNT,HON,DRY,DAY,SINGLE,LIGHT,FINE,RES,EMP
RAD,REAR,SSW,DRY,DAY,SINGLE,LIGHT,FINE,PEND,EMP
RAD,MIR,SSW,DRY,DAWN,MULTI,NO,FINE,NRES,EMP
TIN,NSM,SSW,DRY,DAY,SINGLE,LIGHT,FINE,NRES,EMP
RAD,FRNT,SSW,DRY,DAY,SINGLE,LIGHT,FINE,NRES,EMP
TIN,OSF,SSW,DRY,DAY,SINGLE,LIGHT,FINE,RES,EMP
RAD,NSR,SSW,WET,DAY,SINGLE,LIGHT,RAIN,RES,EMP
RAD,NSF,SSW,DRY,DAY,MULTI,MODERATE,FINE,RES,EMP
BSP,MIR,SSW,DRY,DAY,SINGLE,LIGHT,FINE,RES,EMP
RAD,NSM,SSW,DRY,DAY,SINGLE,NO,FINE,RES,EMP
BSP,NSR,SSW,DRY,DAWN,SINGLE,HEAVY,FINE,RES,EMP
RAD,REAR,SSW,DRY,DAY,SINGLE,MODERATE,FINE,RES,EMP
RBT,OSM,SSW,DRY,DAY,SINGLE,LIGHT,FINE,NRES,EMP
RAD,OSR,SSW,DRY,DAY,SINGLE,LIGHT,FINE,NRES,EMP
RAD,OSR,SSW,DRY,DAY,SINGLE,LIGHT,FINE,RES,EMP
RAD,REAR,SSW,DRY,DAY,SINGLE,LIGHT,FINE,NRES,EMP
RAD,FRNT,SSW,DRY,DAY,BUS,LIGHT,FINE,NRES,EMP
RAD,NSR,SSW,DRY,DAY,SINGLE,LIGHT,FINE,RES,EMP
RAD,NSM,SSW,DRY,DAY,SINGLE,LIGHT,FINE,NRES,EMP
RAD,NSR,SSW,DRY,DAY,SINGLE,LIGHT,FINE,NRES,EMP
RAD,OSF,SSW,DRY,DAY,MULTI,LIGHT,FINE,NRES,EMP
RAD,OSF,SSW,DRY,DAY,SINGLE,LIGHT,FINE,NRES,EMP
RAD,TOPF,HON,DRY,DAY,SINGLE,LIGHT,FINE,RES,EMP
RAD,OSF,SSW,DRY,DAY,SINGLE,LIGHT,FINE,NRES,EMP
RAD,NSR,N2T,DRY,DAY,SINGLE,LIGHT,FINE,RES,EMP
RAD,NSR,SSW,DRY,DAY,SINGLE,LIGHT,FINE,RES,EMP
RAD,NSR,SSW,DRY,DAY,SINGLE,LIGHT,FINE,RES,EMP
RAD,NSF,SSW,DRY,DAY,MULTI,LIGHT,FINE,NRES,EMP
BSP,NSR,SSW,DRY,DAY,MULTI,HEAVY,SUN,RES,EMP
RAD,FRNT,SSW,DRY,DAY,SINGLE,LIGHT,FINE,PEND,EMP
TIN,OSF,SSW,DRY,DAY,MULTI,MODERATE,FINE,RES,EMP
RAD,NSR,SSW,DRY,DAY,SINGLE,LIGHT,FINE,NRES,EMP
RAD,FRNT,N2T,DRY,DAY,SINGLE,LIGHT,FINE,RES,EMP
XRD,NSM,SSW,DRY,DAY,SINGLE,LIGHT,FINE,RES,EMP
RAD,OSM,SSW,DRY,DAY,SINGLE,LIGHT,FINE,RES,EMP
RAD,NSR,SSW,DRY,DAY,SINGLE,MODERATE,FINE,RES,EMP
XRD,OSR,SSW,DRY,DAY,MULTI,HEAVY,FINE,NRES,EMP
RAD,OSR,SSW,DRY,DAY,SINGLE,HEAVY,FINE,NRES,EMP
RAD,NSR,SSW,DRY,DAY,SINGLE,LIGHT,FINE,NRES,EMP
RAD,FRNT,SSW,DRY,DAY,SINGLE,LIGHT,FINE,RES,EMP
RAD,NSR,SSW,DRY,DAY,MULTI,EXTREME,FINE,PEND,EMP
RAD,NSR,SSW,DRY,NIGHT,MULTI,LIGHT,FINE,NRES,EMP
RAD,NSF,SSW,DRY,DAY,MULTI,HEAVY,FINE,RES,EMP
BSP,REAR,N2T,DRY,DAY,BUS,LIGHT,FINE,NRES,EMP
RAD,FRNT,SSW,DRY,DAY,SINGLE,NO,FINE,RES,EMP
RAD,WSRE,SSW,DRY,NIGHT,SINGLE,LIGHT,FINE,NRES,EMP
BSP,WIN,SSW,DRY,NIGHT,SINGLE,LIGHT,FINE,NRES,EMP
BSP,NSR,SSW,DRY,DAY,SINGLE,LIGHT,FINE,RES,EMP
RAD,NSR,SSW,DRY,DAY,SINGLE,LIGHT,FINE,RES,EMP
BSP,REAR,SSW,WET,STREET,BUS,LIGHT,RAIN,RES,EMP
RAD,FRNT,SSW,DRY,DAY,SINGLE,NO,FINE,RES,EMP
RAD,NSR,SSW,DRY,DAY,SINGLE,LIGHT,FINE,NRES,EMP
RAD,MIR,SSW,DRY,NIGHT,SINGLE,LIGHT,FINE,NRES,EMP
BSP,FRNT,N2T,DRY,DAY,SINGLE,LIGHT,FINE,PEND,EMP
XRD,NSR,SSW,DRY,DUSK,SINGLE,LIGHT,FINE,RES,EMP
RAD,NSR,SSW,DRY,DAY,SINGLE,LIGHT,FINE,RES,EMP
BSP,OSF,SSW,DRY,DAY,SINGLE,NO,FINE,NRES,EMP
BSP,NSR,SSW,DRY,DAY,SINGLE,LIGHT,FINE,RES,EMP
TIN,OSF,SSW,SLIP,DAY,MULTI,HEAVY,RAIN,RES,EMP
RBT,NSM,SSW,DRY,DAY,SINGLE,LIGHT,FINE,RES,EMP
RAD,NSF,SSW,DRY,DAY,SINGLE,HEAVY,FINE,NRES,EMP
RAD,NSR,SSW,SLIP,DAY,MULTI,LIGHT,RAIN,NRES,EMP
RAD,NSR,SSW,WET,DAY,SINGLE,HEAVY,FINE,RES,EMP
RAD,NSF,SSW,DRY,NIGHT,SINGLE,LIGHT,FINE,RES,EMP
RAD,FRNT,SSW,DRY,DAY,SINGLE,LIGHT,FINE,NRES,EMP
BSP,MIR,SSW,DRY,DAY,SINGLE,LIGHT,FINE,RES,EMP
RAD,MIR,SSW,DRY,DAY,SINGLE,HEAVY,FINE,NRES,EMP
RBT,OSF,SSW,DRY,DAY,SINGLE,LIGHT,FINE,RES,EMP
TIN,NSF,SSW,DRY,NIGHT,MULTI,HEAVY,FINE,NRES,EMP
RAD,OSF,SSW,DRY,DAY,SINGLE,LIGHT,FINE,NRES,EMP
BSP,FRNT,N2T,DRY,DAWN,SINGLE,LIGHT,FINE,RES,EMP
RAD,NSR,SSW,DRY,DAY,SINGLE,LIGHT,FINE,NRES,EMP
RBT,NSM,SSW,DRY,DAY,SINGLE,HEAVY,FINE,RES,EMP
RAD,OSR,SSW,WET,DAY,SINGLE,LIGHT,RAIN,NRES,EMP
RAD,FRNT,N2T,DRY,DAY,BUS,HEAVY,FINE,NRES,EMP
XRD,OSR,SSW,WET,DAY,MULTI,HEAVY,RAIN,RES,EMP
RAD,WSRE,SSW,DRY,DAY,SINGLE,LIGHT,FINE,NRES,EMP
RAD,NSF,SSW,DRY,DAY,SINGLE,LIGHT,FINE,RES,EMP
RAD,OSR,SSW,DRY,DAY,SINGLE,LIGHT,FINE,RES,EMP
RBT,FRNT,SSW,DRY,DAY,SINGLE,LIGHT,FINE,RES,EMP
RBT,OSM,N2T,DRY,DAY,SINGLE,LIGHT,FINE,RES,EMP
TIN,NSF,SSW,DRY,DAY,SINGLE,LIGHT,FINE,RES,EMP
RAD,NSM,SSW,DRY,DAY,SINGLE,LIGHT,FINE,RES,EMP
RAD,FRNT,SSW,WET,DAY,SINGLE,LIGHT,RAIN,NRES,EMP
BSP,NSR,SSW,DRY,DAY,SINGLE,LIGHT,FINE,RES,EMP
BSP,MIR,HON,DRY,DAY,BUS,HEAVY,FINE,RES,EMP
RAD,WSRE,HON,DRY,DAY,SINGLE,LIGHT,FINE,NRES,EMP
BSP,OSR,SSW,DRY,DAY,SINGLE,LIGHT,FINE,NRES,EMP
BSP,MIR,SSW,DRY,DAY,SINGLE,LIGHT,FINE,RES,EMP
BSP,NSR,SSW,WET,DAWN,SINGLE,NO,RAIN,NRES,EMP
BSP,MIR,SSW,DRY,DAY,SINGLE,MODERATE,FINE,RES,EMP
TIN,OSM,SSW,DRY,DAY,SINGLE,LIGHT,FINE,NRES,EMP
BSP,NSR,SSW,DRY,DAY,SINGLE,LIGHT,FINE,PEND,EMP
RAD,NSM,SSW,DRY,DAY,BUS,MODERATE,FINE,NRES,EMP
RAD,NSR,SSW,DRY,DAY,SINGLE,LIGHT,FINE,RES,EMP
RAD,NSR,SSW,DRY,DAY,SINGLE,LIGHT,FINE,RES,EMP
XRD,NSR,SSW,DRY,DAY,SINGLE,LIGHT,FINE,NRES,EMP
BSP,OSR,SSW,DRY,DAY,SINGLE,LIGHT,FINE,NRES,EMP
TIN,OSM,N2T,DRY,DAY,MULTI,LIGHT,FINE,RES,EMP
RAD,NSR,SSW,DRY,DAY,MULTI,EXTREME,FINE,RES,EMP
BSP,NSR,SSW,DRY,DAY,MULTI,HEAVY,FINE,NRES,EMP
RAD,NSR,SSW,DRY,DAY,SINGLE,LIGHT,FINE,RES,EMP
RAD,MIR,SSW,DRY,DAY,MULTI,HEAVY,FINE,NRES,EMP
RAD,MIR,SSW,WET,NIGHT,MULTI,NO,RAIN,RES,EMP
XRD,NSR,SSW,DRY,DAY,MULTI,LIGHT,FINE,RES,EMP
RAD,NSR,SSW,DRY,DAY,SINGLE,LIGHT,FINE,RES,EMP
RAD,NSR,SSW,DRY,DAY,SINGLE,LIGHT,FINE,RES,EMP
RAD,OSF,SSW,DRY,DAY,SINGLE,MODERATE,FINE,RES,EMP
RAD,MIR,SSW,DRY,NIGHT,SINGLE,NO,FINE,RES,EMP
RAD,NSF,SSW,WET,DAY,SINGLE,LIGHT,RAIN,NRES,EMP
RAD,NSR,SSW,DRY,DAY,SINGLE,LIGHT,FINE,RES,EMP
RAD,NSF,SSW,DRY,DAY,MULTI,LIGHT,FINE,NRES,EMP
RAD,OSM,SSW,DRY,DAY,SINGLE,HEAVY,FINE,RES,EMP
BSP,NSF,HON,DRY,DAY,SINGLE,MODERATE,FINE,RES,EMP
BSP,TOPF,SSW,DRY,DAY,SINGLE,NO,FINE,RES,EMP
RAD,REAR,SSW,DRY,DAY,SINGLE,LIGHT,FINE,RES,EMP
RAD,OSR,TBO,DRY,DAY,MULTI,MODERATE,FINE,NRES,EMP
XRD,NSR,SSW,DRY,DAY,SINGLE,HEAVY,FINE,RES,EMP
RAD,OSR,SSW,DRY,NIGHT,SINGLE,LIGHT,FINE,NRES,EMP
RAD,NSR,SSW,DRY,DAY,SINGLE,LIGHT,FINE,RES,EMP
BSP,OSR,N2T,WET,NIGHT,BUS,HEAVY,RAIN,NRES,EMP
RAD,NSF,HON,DRY,DAY,SINGLE,LIGHT,SUN,RES,EMP
BSP,NSF,SSW,WET,STREET,MULTI,EXTREME,RAIN,RES,EMP
XRD,FRNT,N2T,DRY,DAY,SINGLE,LIGHT,FINE,NRES,EMP
RAD,REAR,SSW,DRY,DAY,SINGLE,LIGHT,FINE,NRES,EMP
RAD,NSR,SSW,DRY,DAWN,SINGLE,LIGHT,FINE,RES,EMP
BSP,MIR,HON,DRY,DAY,SINGLE,LIGHT,FINE,RES,EMP
RAD,NSM,SSW,DRY,DUSK,SINGLE,LIGHT,FINE,NRES,EMP
XRD,NSR,SSW,DRY,DAY,SINGLE,LIGHT,FINE,RES,EMP
BSP,NSR,SSW,DRY,DAY,MULTI,LIGHT,FINE,RES,EMP
RAD,NSM,SSW,DRY,DAY,SINGLE,LIGHT,FINE,RES,EMP
BSP,NSR,SSW,DRY,DAY,SINGLE,NO,FINE,RES,EMP
BSP,NSF,SSW,DRY,DAY,SINGLE,LIGHT,FINE,RES,EMP
XRD,WSRE,SSW,WET,DAY,MULTI,LIGHT,RAIN,NRES,EMP
RAD,FRNT,TBO,DRY,DAY,SINGLE,LIGHT,FINE,NRES,EMP
RAD,MIR,SSW,DRY,DAY,SINGLE,LIGHT,FINE,RES,EMP
XRD,FRNT,HON,DRY,DAY,MULTI,LIGHT,FINE,NRES,EMP
RAD,NSF,SSW,DRY,DAY,SINGLE,LIGHT,FINE,RES,EMP
BSP,MIR,SSW,DRY,DUSK,SINGLE,MODERATE,SUN,NRES,EMP
BSP,NSF,SSW,DRY,DAY,MULTI,LIGHT,FINE,NRES,EMP
BSP,NSR,SSW,DRY,DAY,SINGLE,LIGHT,FINE,RES,EMP
RAD,OSF,SSW,DRY,NIGHT,SINGLE,LIGHT,FINE,RES,EMP
RAD,NSR,SSW,DRY,DAY,SINGLE,LIGHT,FINE,RES,EMP
BSP,NSR,SSW,DRY,DAY,SINGLE,HEAVY,FINE,RES,EMP
BSP,MIR,SSW,DRY,DAY,SINGLE,LIGHT,FINE,NRES,EMP
XRD,OSR,SSW,DRY,DAY,MULTI,MODERATE,FINE,RES,EMP
TIN,WSRE,SSW,WET,DAY,SINGLE,NO,RAIN,RES,EMP
RAD,FRNT,SSW,WET,NIGHT,BUS,LIGHT,RAIN,NRES,EMP
BSP,WIN,SSW,DRY,DAY,SINGLE,LIGHT,FINE,RES,EMP
BSP,NSF,SSW,DRY,DAY,SINGLE,LIGHT,FINE,RES,EMP
XRD,NSR,SSW,DRY,NIGHT,SINGLE,NO,FINE,RES,EMP
RAD,WSRE,SSW,DRY,DAY,SINGLE,LIGHT,FINE,NRES,EMP
BSP,NSM,SSW,DRY,STREET,SINGLE,HEAVY,FINE,RES,EMP
RAD,NSR,SSW,DRY,NIGHT,SINGLE,MODERATE,FINE,RES,EMP
RAD,REAR,SSW,DRY,DAY,SINGLE,LIGHT,FINE,RES,EMP
RAD,NSM,SSW,WET,DAWN,SINGLE,LIGHT,RAIN,RES,EMP
RAD,NSR,SSW,DRY,DAY,SINGLE,LIGHT,FINE,NRES,EMP
BSP,MIR,HON,DRY,DAY,SINGLE,LIGHT,FINE,RES,EMP
RAD,NSM,SSW,DRY,DAY,SINGLE,LIGHT,FINE,NRES,EMP
TIN,NSF,SSW,DRY,DAY,MULTI,LIGHT,FINE,NRES,EMP
RAD,NSM,SSW,SLIP,DUSK,MULTI,LIGHT,FINE,NRES,EMP
BSP,OSF,SSW,WET,DAY,BUS,MODERATE,FINE,RES,EMP
RAD,OSM,SSW,DRY,DAY,SINGLE,LIGHT,FINE,NRES,EMP
BSP,MIR,SSW,DRY,DAY,SINGLE,LIGHT,FINE,RES,EMP
RAD,NSM,SSW,DRY,DAY,SINGLE,LIGHT,FINE,RES,EMP
RAD,FRNT,SSW,DRY,DAY,SINGLE,LIGHT,FINE,NRES,EMP
RAD,NSR,SSW,DRY,DAY,SINGLE,LIGHT,FINE,NRES,EMP
RAD,OSF,TBO,DRY,DAY,SINGLE,LIGHT,FINE,NRES,EMP
RAD,REAR,SSW,DRY,DAY,SINGLE,LIGHT,FINE,RES,EMP
RAD,NSR,SSW,DRY,DAY,SINGLE,LIGHT,FINE,RES,EMP
RAD,NSR,SSW,DRY,DAY,SINGLE,LIGHT,FINE,RES,EMP
RAD,REAR,SSW,DRY,DAY,SINGLE,LIGHT,FINE,RES,EMP
RAD,OSR,SSW,DRY,DAY,SINGLE,LIGHT,FINE,RES,EMP
RAD,NSF,SSW,DRY,DAY,SINGLE,LIGHT,FINE,NRES,EMP
RAD,NSM,SSW,DRY,DAY,SINGLE,LIGHT,FINE,NRES,EMP
XRD,NSF,TBO,DRY,DAY,SINGLE,NO,FINE,RES,EMP
RAD,OSR,SSW,DRY,DAY,BUS,MODERATE,FINE,NRES,EMP
RAD,NSR,SSW,DRY,DAY,SINGLE,LIGHT,FINE,RES,EMP
BSP,MIR,SSW,DRY,DAY,MULTI,MODERATE,FINE,RES,EMP
RAD,NSR,SSW,DRY,DAY,SINGLE,LIGHT,FINE,RES,EMP
RAD,NSR,SSW,DRY,DUSK,MULTI,HEAVY,FINE,RES,EMP
RAD,NSF,SSW,WET,DAY,MULTI,LIGHT,RAIN,NRES,EMP
RAD,NSR,HON,DRY,NIGHT,SINGLE,NO,FINE,RES,EMP
XRD,NSF,SSW,DRY,DAY,SINGLE,HEAVY,FINE,NRES,EMP
RAD,NSF,SSW,DRY,DAY,MULTI,MODERATE,FINE,NRES,EMP
RAD,OSM,SSW,DRY,DAY,SINGLE,LIGHT,FINE,RES,EMP
RAD,REAR,SSW,DRY,DAY,SINGLE,LIGHT,FINE,RES,EMP
XRD,MIR,SSW,DRY,DAY,SINGLE,LIGHT,FINE,RES,EMP
RAD,OSR,SSW,DRY,DAY,MULTI,MODERATE,FINE,RES,EMP
RAD,NSR,SSW,DRY,DAY,MULTI,LIGHT,FINE,RES,EMP
XRD,NSF,SSW,DRY,DAY,SINGLE,LIGHT,FINE,RES,EMP
RAD,FRNT,SSW,WET,DAY,SINGLE,LIGHT,RAIN,RES,EMP
RAD,OSM,SSW,DRY,DAY,SINGLE,LIGHT,FINE,NRES,EMP
RAD,MIR,SSW,DRY,DAY,SINGLE,LIGHT,FINE,RES,EMP
RAD,NSF,SSW,WET,DAWN,SINGLE,LIGHT,RAIN,RES,EMP
RAD,FRNT,N2T,DRY,NIGHT,MULTI,LIGHT,FINE,UN3PAR,EMP
RAD,NSF,SSW,DRY,DAY,SINGLE,LIGHT,FINE,PEND,EMP
RAD,NSM,SSW,DRY,DAY,SINGLE,LIGHT,FINE,RES,EMP
RAD,NSR,TBO,DRY,DAY,MULTI,MODERATE,FINE,NRES,EMP
XRD,REAR,N2T,DRY,DAY,SINGLE,LIGHT,FINE,NRES,EMP
BSP,OSR,N2T,SLIP,DAY,SINGLE,LIGHT,RAIN,NRES,EMP
XRD,OSR,SSW,DRY,DAY,SINGLE,LIGHT,FINE,NRES,EMP
BSP,NSF,SSW,DRY,DAY,SINGLE,LIGHT,FINE,RES,EMP
RAD,OSF,SSW,DRY,DAY,MULTI,HEAVY,FINE,UN3PAR,EMP
RBT,NSM,SSW,DRY,DAY,MULTI,HEAVY,FINE,RES,EMP
XRD,REAR,N2T,DRY,DAY,MULTI,LIGHT,FINE,NRES,EMP
DEPOT,OSR,REVERSING,DRY,DAY,SINGLE,NO,FINE,RES,EMP
RAD,NSM,SSW,DRY,DAY,SINGLE,LIGHT,FINE,RES,EMP
RAD,OSF,SSW,DRY,DAY,SINGLE,LIGHT,SUN,RES,EMP