location_code,damage_code,collision_code,road_code,light_code,road_type_code,traffic_code,weather_code,emp_liability_code,kpi_cause_code
RAD,NSF,HON,DRY,DAY,SINGLE,LIGHT,FINE,RES,CARS TRUCKS
RAD,OSF,SSW,DRY,DAY,SINGLE,LIGHT,FINE,NRES,EMP
RAD,OSF,SSW,DRY,DAY,SINGLE,LIGHT,FINE,NRES,EMP
RAD,OSM,REVERSING,DRY,DAY,SINGLE,LIGHT,FINE,UN3PAR,ROA
RAD,FRNT,SSW,DRY,DAY,SINGLE,LIGHT,FINE,RES,EMP
RAD,NSM,SSW,DRY,DAY,SINGLE,LIGHT,FINE,RES,EMP
RAD,FRNT,SSW,DRY,DAY,SINGLE,LIGHT,FINE,RES,EMP
RAD,REAR,SSW,DRY,DAY,SINGLE,LIGHT,FINE,RES,EMP
RAD,OSM,SSW,DRY,DAY,SINGLE,LIGHT,FINE,NRES,EMP
BSP,FRNT,N2T,WET,DAY,BUS,LIGHT,RAIN,RES,EMP
RAD,OSR,SSW,DRY,DAY,SINGLE,LIGHT,FINE,RES,EMP
RAD,NSM,SSW,DRY,DAY,SINGLE,LIGHT,FINE,RES,EMP
XRD,NSR,TAI,DRY,NIGHT,MULTI,NO,FINE,RES,CARS TRUCKS
BSP,OSR,SSW,DRY,DAY,BUS,LIGHT,FINE,RES,EMP
RAD,NSR,N2T,WET,DUSK,SINGLE,MODERATE,RAIN,NRES,EMP
RAD,FRNT,N2T,DRY,DAY,SINGLE,LIGHT,FINE,INCIDENT,OTH
RBT,OSM,SSW,DRY,NIGHT,SINGLE,MODERATE,FINE,NRES,EMP
RAD,OSR,SSW,DRY,DAY,SINGLE,LIGHT,FINE,RES,EMP
RAD,N/S front,SSW,DRY,DAY,SINGLE,LIGHT,FINE,RES,EMP
RAD,OSF,SSW,DRY,DAY,SINGLE,LIGHT,FINE,NRES,EMP
RAD,REAR,SSW,DRY,DAY,SINGLE,LIGHT,FINE,RES,EMP
RAD,REAR,SSW,DRY,DAY,SINGLE,LIGHT,FINE,RES,EMP
RAD,REAR,SSW,DRY,DAY,SINGLE,LIGHT,FINE,RES,EMP
RAD,NSR,SSW,DRY,DAY,SINGLE,LIGHT,FINE,RES,EMP
RAD,NSM,SSW,DRY,DAY,SINGLE,LIGHT,FINE,RES,EMP
RAD,TOPM,SSW,DRY,DAY,SINGLE,LIGHT,FINE,RES,EMP
RAD,NSF,SSW,DRY,DAY,SINGLE,LIGHT,FINE,NRES,EMP
RAD,OSM,SSW,DRY,DAY,SINGLE,LIGHT,FINE,RES,EMP
RAD,FRNT,SSW,DRY,DAY,SINGLE,LIGHT,FINE,RES,EMP
RAD,NSR,SSW,DRY,DAY,SINGLE,LIGHT,FINE,RES,EMP
RAD,FRNT,SSW,DRY,DAY,SINGLE,LIGHT,FINE,RES,EMP
BSP,MIR,SSW,DRY,DAY,SINGLE,LIGHT,FINE,UN3PAR,ROA
RAD,REAR,N2T,DRY,DAY,SINGLE,LIGHT,FINE,UN3PAR,ROA
RAD,NSR,SSW,DRY,DAY,SINGLE,LIGHT,FINE,RES,EMP
XRD,NSF,SSW,WET,DAY,SINGLE,HEAVY,RAIN,RES,BUS - OTHER
RBT,NSM,SSW,DRY,DAY,MULTI,LIGHT,FINE,RES,EMP
RAD,MIR,SSW,DRY,DAWN,SINGLE,LIGHT,FINE,UN3PAR,CARS TRUCKS
RAD,FRNT,SSW,DRY,DAY,MULTI,LIGHT,FINE,NRES,CARS TRUCKS
RAD,REAR,REVERSING,DRY,NIGHT,SINGLE,NO,FINE,RES,EMP
RAD,NSR,REVERSING,DRY,DAY,SINGLE,LIGHT,FINE,RES,EMP
RAD,REAR,SSW,DRY,DUSK,SINGLE,LIGHT,FINE,RES,EMP
RAD,NSR,SSW,DRY,DAY,SINGLE,LIGHT,FINE,INCIDENT,ENV
RAD,NSR,SSW,DRY,DAY,SINGLE,LIGHT,FINE,RES,EMP
RAD,FRNT,N2T,DRY,DAY,SINGLE,LIGHT,FINE,RES,EMP
RAD,REAR,REVERSING,DRY,NIGHT,SINGLE,NO,FINE,RES,EMP
RAD,NSM,SSW,DRY,DAY,SINGLE,LIGHT,FINE,RES,BUS - OTHER
DEPOT,FRNT,SSW,DRY,DAWN,SINGLE,NO,FINE,OTHERBUS,EMP
RAD,NSM,SSW,SLIP,DAY,SINGLE,LIGHT,FINE,RES,EMP
TIN,NSM,TAI,DRY,DAWN,MULTI,NO,FINE,RES,EMP
RAD,NSF,SSW,DRY,DAY,MULTI,LIGHT,FINE,RES,EMP
RAD,FRNT,N2T,WET,DAY,MULTI,HEAVY,RAIN,RES,EMP
RAD,OSF,SSW,DRY,DAY,MULTI,LIGHT,FINE,NRES,CARS TRUCKS
DEPOT,NSR,SSW,DRY,DAWN,SINGLE,NO,FINE,RES,EMP
RAD,FRNT,HON,WET,NIGHT,SINGLE,LIGHT,RAIN,INCIDENT,OTH
RAD,NSM,SSW,DRY,DAY,SINGLE,LIGHT,FINE,RES,BUS - OTHER
BSP,REAR,REVERSING,WET,DAWN,SINGLE,NO,FOG,RES,EMP
RAD,REAR,REVERSING,WET,NIGHT,SINGLE,NO,RAIN,RES,BUS - OTHER
RAD,OSR,TAI,DRY,DUSK,SINGLE,HEAVY,FINE,RES,EMP
BSP,NSR,REVERSING,WET,DAY,BUS,NO,RAIN,RES,EMP
TIN,NSR,REVERSING,DRY,DAY,SINGLE,LIGHT,FINE,RES,EMP
BSP,NSM,SSW,DRY,DAY,SINGLE,NO,FINE,RES,BUS - OTHER
RAD,NSF,BTMO,DRY,DAY,SINGLE,LIGHT,SUN,RES,EMP
BSP,NSR,TAI,DRY,DAY,SINGLE,LIGHT,FINE,RES,EMP
RAD,FRNT,HON,DRY,DAWN,SINGLE,MODERATE,FINE,INCIDENT,EMP
BSP,MIR,SSW,DRY,NIGHT,BUS,NO,FINE,RES,BUS - OTHER
BSP,NSM,SSW,DRY,DAY,BUS,HEAVY,FINE,RES,BUS - OTHER
RAD,REAR,REVERSING,WET,NIGHT,SINGLE,NO,RAIN,RES,EMP
RAD,OSM,SSW,WET,DAY,SINGLE,MODERATE,RAIN,UN3PAR,CARS TRUCKS
RAD,NSR,SSW,DRY,DAY,MULTI,MODERATE,FINE,RES,EMP
RAD,NSR,SSW,DRY,DAY,SINGLE,LIGHT,FINE,UNREP,EMP
RAD,FRNT,HON,DRY,DAY,MULTI,NO,FINE,RES,EMP
RAD,NSR,SSW,DRY,DAY,SINGLE,LIGHT,FINE,RES,EMP
RAD,NSF,SSW,DRY,NIGHT,SINGLE,LIGHT,FINE,RES,EMP
RAD,NSR,SSW,DRY,DAY,MULTI,EXTREME,FINE,NRES,CARS TRUCKS
RAD,MIR,SSW,DRY,DAY,SINGLE,LIGHT,FINE,UN3PAR,EMP
RAD,FRNT,HON,SLIP,DAY,SINGLE,NO,RAIN,INCIDENT,EMP
BSP,MIR,SSW,WET,DAY,SINGLE,MODERATE,RAIN,RES,EMP
RAD,WSRE,SSW,DRY,DAY,SINGLE,LIGHT,FINE,INCIDENT,OTH
RAD,FRNT,SSW,DRY,DAY,SINGLE,LIGHT,FINE,RES,EMP
RAD,OSF,SSW,DRY,DAY,MULTI,LIGHT,FINE,NRES,CARS TRUCKS
RAD,NSM,SSW,DRY,DAWN,MULTI,HEAVY,SUN,RES,EMP
RAD,MIR,SSW,DRY,DAY,SINGLE,LIGHT,FINE,INCIDENT,OTH
DEPOT,FRNT,SSW,DRY,DAY,SINGLE,LIGHT,FINE,OTHERBUS,EMP
RAD,NSM,SSW,DRY,DAY,SINGLE,HEAVY,FINE,RES,BUS - OTHER
RAD,REAR,N2T,WET,NIGHT,SINGLE,MODERATE,RAIN,NRES,CARS TRUCKS
RAD,FRNT,HON,DRY,DAY,SINGLE,LIGHT,FINE,INCIDENT,EMP
BSP,MIR,HON,DRY,NIGHT,SINGLE,NO,FINE,RES,EMP
RBT,FRNT,SSW,DRY,DAY,SINGLE,LIGHT,FINE,RES,EMP
RAD,MIR,SSW,DRY,DAY,SINGLE,LIGHT,FINE,RES,EMP
RAD,MIR,SSW,DRY,DAY,SINGLE,LIGHT,FINE,OTHERBUS,BUS - OTHER
RAD,FRNT,HON,DRY,DAY,SINGLE,LIGHT,SUN,INCIDENT,ENV
RAD,NSF,SSW,DRY,DAY,SINGLE,LIGHT,FINE,UNREP,OTH
RAD,OSR,SSW,DRY,DAY,SINGLE,MODERATE,FINE,RES,BUS - OTHER
RAD,NSR,REVERSING,DRY,DAY,SINGLE,LIGHT,FINE,RES,EMP
RAD,NSM,SSW,DRY,DAY,SINGLE,NO,FINE,RES,EMP
RAD,OSM,SSW,DRY,DAY,SINGLE,NO,FINE,RES,EMP
RAD,FRNT,HON,DRY,NIGHT,SINGLE,LIGHT,FINE,INCIDENT,OTH
RAD,OSM,SSW,DRY,DAY,SINGLE,NO,FINE,NRES,OTH
RAD,FRNT,HON,DRY,DAY,SINGLE,LIGHT,FINE,NRES,EMP
RAD,OSF,SSW,DRY,DAY,SINGLE,LIGHT,FINE,UN3PAR,CARS TRUCKS
RAD,NSR,SSW,DRY,DAY,SINGLE,NO,FINE,RES,EMP
RAD,NSR,SSW,DRY,DAY,SINGLE,LIGHT,FINE,PEND,EMP
RAD,NSR,SSW,DRY,DAY,SINGLE,LIGHT,FINE,RES,EMP
RAD,FRNT,HON,WET,DUSK,MULTI,HEAVY,RAIN,RES,EMP
BSP,MIR,SSW,DRY,DAY,SINGLE,LIGHT,FINE,RES,EMP
RAD,NSF,SSW,DRY,DAY,SINGLE,LIGHT,FINE,RES,EMP
RAD,MIR,SSW,DRY,DAY,SINGLE,LIGHT,FINE,UN3PAR,CARS TRUCKS
RAD,FRNT,HON,DRY,DAY,SINGLE,MODERATE,FINE,NRES,CARS TRUCKS
RAD,FRNT,HON,DRY,DAY,SINGLE,MODERATE,FINE,RES,EMP
RAD,FRNT,HON,DRY,NIGHT,SINGLE,NO,FINE,RES,BUS - OTHER
XRD,OSR,TAI,DRY,DAY,SINGLE,LIGHT,FINE,RES,EMP
RAD,NSF,SSW,DRY,NIGHT,SINGLE,LIGHT,FINE,INCIDENT,OTH
DEPOT,NSR,SSW,DRY,DUSK,SINGLE,NO,FINE,RES,EMP
RAD,OSM,SSW,DRY,DAY,SINGLE,LIGHT,FINE,NRES,ROA
RAD,OSR,SSW,DRY,DAY,MULTI,HEAVY,FINE,NRES,CARS TRUCKS
XRD,MIR,SSW,DRY,DAY,MULTI,HEAVY,FINE,UN3PAR,CARS TRUCKS
RAD,NSM,SSW,DRY,DAY,SINGLE,LIGHT,FINE,RES,EMP
DEPOT,NSR,TAI,DRY,DAY,SINGLE,LIGHT,FINE,RES,EMP
TIN,OSR,SSW,DRY,DAY,SINGLE,LIGHT,FINE,RES,CARS TRUCKS
XRD,NSM,SSW,DRY,DAY,MULTI,NO,FINE,RES,EMP
RAD,NSF,N2T,DRY,DAY,MULTI,MODERATE,FINE,RES,CARS TRUCKS
RAD,FRNT,N2T,DRY,DAY,SINGLE,MODERATE,FINE,RES,EMP
RBT,NSF,SSW,DRY,DAY,SINGLE,MODERATE,FINE,RES,EMP
RAD,NSF,SSW,DRY,DAY,SINGLE,MODERATE,FINE,RES,EMP
RAD,NSM,SSW,DRY,DAY,MULTI,LIGHT,FINE,NRES,CARS TRUCKS
TIN,FRNT,N2T,DRY,DAY,SINGLE,HEAVY,FINE,NRES,CARS TRUCKS
RAD,REAR,N2T,DRY,DAY,SINGLE,HEAVY,FINE,NRES,CARS TRUCKS
RBT,NSF,SSW,DRY,DAY,SINGLE,MODERATE,FINE,NRES,CARS TRUCKS
RAD,NSM,SSW,DRY,NIGHT,SINGLE,LIGHT,FINE,RES,EMP
RAD,NSM,SSW,DRY,DAY,SINGLE,LIGHT,FINE,RES,EMP
RAD,NSF,SSW,WET,DAY,SINGLE,NO,FINE,RES,EMP
RAD,NSR,BTMO,DRY,DAY,SINGLE,MODERATE,FINE,RES,CARS TRUCKS
RAD,OSF,SSW,DRY,DAY,SINGLE,LIGHT,FINE,UN3PAR,ROA
RAD,OSF,SSW,DRY,DAY,SINGLE,LIGHT,FINE,NRES,EMP
RAD,REAR,SSW,DRY,DAY,SINGLE,LIGHT,FINE,PEND,EMP
RAD,OSR,SSW,DRY,DAY,SINGLE,HEAVY,FINE,RES,EMP
BSP,OSR,SSW,DRY,DAY,SINGLE,LIGHT,FINE,NRES,EMP
RAD,FRNT,SSW,DRY,DAY,SINGLE,LIGHT,FINE,NRES,EMP
RBT,OSR,SSW,DRY,DAY,BUS,LIGHT,FINE,NRES,EMP
XRD,FRNT,SSW,DRY,DAY,SINGLE,LIGHT,FINE,RES,EMP
XRD,OSF,N2T,DRY,DAY,SINGLE,LIGHT,FINE,NRES,EMP
RBT,NSF,N2T,DRY,DAY,SINGLE,LIGHT,FINE,RES,EMP
RAD,FRNT,SSW,DRY,DAY,SINGLE,LIGHT,FINE,PEND,EMP
RBT,OSM,SSW,DRY,STREET,SINGLE,LIGHT,FINE,RES,EMP
RAD,NSF,SSW,WET,DAY,MULTI,LIGHT,RAIN,INCIDENT,OTH
RAD,MIR,SSW,WET,DAY,SINGLE,NO,FINE,RES,CARS TRUCKS
RBT,OSM,SSW,DRY,DAY,SINGLE,NO,FINE,RES,EMP
RAD,MIR,SSW,DRY,DAY,SINGLE,NO,FINE,UN3PAR,CARS TRUCKS
BSP,OSM,SSW,DRY,DAY,BUS,LIGHT,SUN,RES,EMP
BSP,OSR,N2T,DRY,DAY,SINGLE,MODERATE,FINE,NRES,CARS TRUCKS
BSP,NSR,TAI,WET,NIGHT,BUS,LIGHT,RAIN,RES,EMP
BSP,OSF,SSW,WET,DAY,MULTI,NO,FINE,RES,EMP
RAD,NSM,N2T,DRY,DAY,SINGLE,LIGHT,FINE,NRES,CARS TRUCKS
RAD,NSR,SSW,DRY,DAY,BUS,NO,FINE,UNREP,EMP
RAD,OSF,SSW,DRY,NIGHT,MULTI,LIGHT,FINE,UN3PAR,GEN
DEPOT,NSR,SSW,WET,NIGHT,SINGLE,EXTREME,RAIN,RES,EMP
DEPOT,MIR,SSW,WET,DAY,SINGLE,NO,RAIN,RES,CARS TRUCKS
DEPOT,NSM,SSW,DRY,DAY,SINGLE,LIGHT,FINE,RES,EMP
DEPOT,OSF,TAI,DRY,DAY,BUS,NO,FINE,OTHERBUS,EMP
DEPOT,NSR,REVERSING,DRY,DAWN,SINGLE,NO,FINE,RES,EMP
DEPOT,MIR,TAI,DRY,DAWN,BUS,NO,FINE,OTHERBUS,EMP
DEPOT,REAR,REVERSING,DRY,DAY,SINGLE,LIGHT,FINE,RES,EMP
DEPOT,REAR,REVERSING,DRY,DAY,SINGLE,LIGHT,FINE,RES,EMP
DEPOT,MIR,SSW,WET,DAY,SINGLE,NO,FINE,INCIDENT,CARS TRUCKS
RAD,NSR,SSW,DRY,DAY,SINGLE,NO,FINE,RES,EMP
RAD,OSF,SSW,DRY,DAY,SINGLE,LIGHT,FINE,PEND,EMP
RAD,NSR,SSW,DRY,DAY,SINGLE,LIGHT,FINE,UNREP,OTH
DEPOT,FRNT,HON,DRY,NIGHT,SINGLE,LIGHT,FINE,NRES,CARS TRUCKS
RAD,OSR,SSW,DRY,DAY,SINGLE,LIGHT,FINE,PEND,EMP
DEPOT,NSM,SSW,DRY,DAY,SINGLE,LIGHT,FINE,RES,BUS - OTHER
DEPOT,OSF,SSW,DRY,DAWN,SINGLE,NO,FINE,NRES,EMP
DEPOT,OSR,SSW,DRY,DAY,SINGLE,LIGHT,FINE,RES,EMP
DEPOT,MIR,REVERSING,WET,DUSK,SINGLE,NO,RAIN,RES,EMP
RAD,NSR,SSW,DRY,DAY,SINGLE,LIGHT,FINE,RES,EMP
DEPOT,FRNT,HON,DRY,DAY,SINGLE,NO,FINE,UN3PAR,CARS TRUCKS
DEPOT,REAR,N2T,DRY,DAY,SINGLE,LIGHT,FINE,UN3PAR,CARS TRUCKS
DEPOT,OSM,SSW,DRY,DAY,SINGLE,LIGHT,FINE,RES,EMP
DEPOT,NSM,SSW,WET,DAY,SINGLE,NO,RAIN,RES,EMP
RAD,NSR,SSW,DRY,DAY,SINGLE,LIGHT,FINE,RES,EMP
DEPOT,REAR,REVERSING,DRY,DAY,SINGLE,LIGHT,FINE,RES,EMP
BSP,NSR,N2T,DRY,DAY,SINGLE,LIGHT,FINE,RES,EMP
DEPOT,NSM,SSW,DRY,DAY,SINGLE,LIGHT,FINE,RES,EMP
DEPOT,REAR,REVERSING,DRY,DAY,SINGLE,LIGHT,FINE,RES,EMP
DEPOT,WSRE,HON,DRY,DAY,SINGLE,LIGHT,FINE,RES,EMP
DEPOT,NSR,N2T,DRY,DAY,SINGLE,LIGHT,FINE,RES,EMP
DEPOT,WSRE,HON,DRY,DAY,SINGLE,LIGHT,FINE,INCIDENT,CARS TRUCKS
DEPOT,NSR,SSW,DRY,DAY,SINGLE,LIGHT,FINE,UNREP,OTH
DEPOT,OSR,BTMO,DRY,DAWN,SINGLE,NO,FINE,RES,CARS TRUCKS
RAD,OSR,SSW,DRY,DAY,SINGLE,LIGHT,FINE,RES,EMP
RAD,REAR,SSW,DRY,DAY,SINGLE,LIGHT,FINE,UNREP,OTH
DEPOT,REAR,REVERSING,DRY,NIGHT,SINGLE,NO,FINE,RES,EMP
RAD,REAR,SSW,WET,DAWN,SINGLE,NO,RAIN,RES,EMP
DEPOT,MIR,SSW,DRY,DAY,SINGLE,LIGHT,FINE,RES,EMP
RAD,OSR,SSW,DRY,DAWN,SINGLE,NO,FINE,RES,EMP
DEPOT,REAR,SSW,DRY,DAY,SINGLE,LIGHT,FINE,UNREP,OTH
DEPOT,FRNT,SSW,DRY,DAY,BUS,NO,FINE,RES,EMP
DEPOT,NSR,REVERSING,DRY,DUSK,SINGLE,NO,FINE,RES,EMP
DEPOT,NSR,SSW,DRY,DAY,SINGLE,LIGHT,FINE,RES,EMP
DEPOT,MIR,SSW,DRY,DAY,SINGLE,LIGHT,FINE,OTHERBUS,BUS - OTHER
DEPOT,NSM,SSW,DRY,DAY,SINGLE,NO,FINE,RES,EMP
RAD,NSR,SSW,DRY,DAY,SINGLE,NO,FINE,RES,BUS - OTHER
DEPOT,NSM,SSW,DRY,DAY,SINGLE,LIGHT,FINE,RES,EMP
DEPOT,REAR,HON,DRY,DAY,SINGLE,NO,FINE,UN3PAR,CARS TRUCKS
DEPOT,OSR,REVERSING,DRY,NIGHT,SINGLE,NO,FINE,RES,EMP
DEPOT,WSRE,HON,DRY,NIGHT,MULTI,NO,FINE,RES,EMP
DEPOT,NSR,SSW,DRY,DUSK,SINGLE,NO,FINE,RES,EMP
DEPOT,NSR,SSW,DRY,DAY,SINGLE,LIGHT,FINE,UNREP,OTH
DEPOT,FRNT,N2T,DRY,DAY,SINGLE,LIGHT,FINE,RES,CARS TRUCKS
DEPOT,OSM,SSW,DRY,DAY,SINGLE,NO,FINE,RES,EMP
RAD,OSR,SSW,DRY,DAY,SINGLE,NO,FINE,RES,EMP
DEPOT,OSF,TBO,DRY,DAY,SINGLE,LIGHT,FINE,NRES,CARS TRUCKS
DEPOT,NSR,SSW,DRY,DAY,SINGLE,LIGHT,FINE,RES,CARS TRUCKS
DEPOT,REAR,REVERSING,DRY,DAY,SINGLE,NO,FINE,RES,BUS - OTHER
DEPOT,NSR,REVERSING,DRY,DAY,SINGLE,NO,FINE,RES,BUS - OTHER
DEPOT,REAR,REVERSING,DRY,DAY,SINGLE,NO,FINE,RES,EMP
DEPOT,NSR,REVERSING,DRY,DAY,SINGLE,LIGHT,FINE,RES,EMP
RAD,OSR,SSW,DRY,DAY,SINGLE,LIGHT,FINE,RES,EMP
DEPOT,FRNT,SSW,DRY,DAY,SINGLE,LIGHT,FINE,NRES,EMP
DEPOT,OSR,TAI,DRY,DAWN,BUS,NO,FINE,RES,EMP
DEPOT,REAR,REVERSING,DRY,DAY,SINGLE,LIGHT,FINE,RES,CARS TRUCKS
DEPOT,NSF,REVERSING,DRY,NIGHT,SINGLE,LIGHT,FINE,RES,EMP
DEPOT,NSF,SSW,DRY,DAY,SINGLE,LIGHT,FINE,RES,EMP
RAD,REAR,SSW,DRY,DAY,SINGLE,LIGHT,FINE,RES,EMP
RAD,OSF,SSW,DRY,DAY,SINGLE,LIGHT,FINE,RES,EMP
RAD,OSR,SSW,DRY,NIGHT,SINGLE,NO,FINE,RES,EMP
DEPOT,REAR,REVERSING,DRY,NIGHT,SINGLE,NO,FINE,RES,EMP
DEPOT,NSR,N2T,DRY,NIGHT,SINGLE,NO,FINE,RES,EMP
DEPOT,NSM,SSW,DRY,DAY,SINGLE,LIGHT,FINE,RES,EMP
RAD,NSF,SSW,DRY,DAY,SINGLE,LIGHT,FINE,RES,EMP
RAD,NSR,SSW,DRY,DAY,SINGLE,LIGHT,FINE,RES,EMP
RAD,NSR,SSW,DRY,DAY,SINGLE,NO,FINE,RES,EMP
DEPOT,OSR,REVERSING,DRY,NIGHT,BUS,NO,FINE,UNREP,OTH
DEPOT,NSM,SSW,DRY,DAY,SINGLE,LIGHT,FINE,RES,EMP
RAD,NSM,SSW,DRY,DAY,SINGLE,LIGHT,FINE,UNREP,OTH
RAD,OSM,SSW,DRY,DAY,SINGLE,LIGHT,FINE,RES,EMP
RAD,NSR,SSW,DRY,DAY,SINGLE,LIGHT,FINE,UNREP,OTH
DEPOT,NSR,REVERSING,DRY,DAY,SINGLE,LIGHT,FINE,RES,EMP
RBT,NSM,SSW,DRY,DAY,SINGLE,LIGHT,FINE,UNREP,EMP
DEPOT,NSR,TAI,DRY,DAY,SINGLE,LIGHT,FINE,RES,EMP
DEPOT,REAR,REVERSING,DRY,DAWN,SINGLE,LIGHT,FINE,RES,EMP
RAD,FRNT,SSW,DRY,DAY,SINGLE,LIGHT,FINE,UNREP,OTH
DEPOT,NSR,SSW,DRY,NIGHT,SINGLE,NO,FINE,RES,CARS TRUCKS
RAD,REAR,SSW,DRY,DAY,SINGLE,LIGHT,FINE,RES,BUS - OTHER
DEPOT,OSR,REVERSING,DRY,DAY,SINGLE,NO,FINE,RES,EMP
RAD,NSR,SSW,DRY,DAY,SINGLE,LIGHT,FINE,UNREP,OTH
RAD,NSR,SSW,DRY,DAY,SINGLE,LIGHT,FINE,UNREP,OTH
RAD,OSR,SSW,DRY,DAY,SINGLE,LIGHT,FINE,UNREP,OTH
DEPOT,NSR,SSW,DRY,DAY,SINGLE,NO,FINE,RES,EMP
DEPOT,FRNT,REVERSING,DRY,DAY,SINGLE,LIGHT,FINE,NRES,BUS - OTHER
DEPOT,NSR,SSW,DRY,DAY,SINGLE,LIGHT,FINE,RES,EMP
DEPOT,FRNT,HON,DRY,DAY,SINGLE,NO,FINE,RES,EMP
DEPOT,REAR,REVERSING,DRY,DAY,SINGLE,LIGHT,FINE,RES,EMP
DEPOT,NSR,REVERSING,DRY,DAY,SINGLE,LIGHT,FINE,RES,EMP
DEPOT,REAR,SSW,DRY,DAY,SINGLE,LIGHT,FINE,UNREP,EMP
DEPOT,REAR,REVERSING,DRY,DAY,SINGLE,LIGHT,FINE,RES,EMP
DEPOT,NSR,SSW,DRY,DUSK,BUS,NO,FINE,RES,EMP
DEPOT,MIR,SSW,DRY,DUSK,BUS,NO,FINE,NRES,CARS TRUCKS
DEPOT,WSRE,TAI,DRY,DAY,SINGLE,LIGHT,FINE,NRES,EMP
DEPOT,OSM,SSW,DRY,NIGHT,SINGLE,NO,FINE,RES,EMP
DEPOT,NSR,REVERSING,DRY,DAY,SINGLE,NO,FINE,RES,EMP
RAD,NSM,SSW,DRY,DAY,SINGLE,LIGHT,FINE,RES,EMP
RAD,NSR,SSW,DRY,DAY,SINGLE,LIGHT,FINE,RES,EMP
DEPOT,FRNT,SSW,DRY,DAY,SINGLE,LIGHT,FINE,UNREP,BUS - OTHER
RAD,NSF,SSW,DRY,DAY,SINGLE,LIGHT,FINE,PEND,EMP
RAD,REAR,SSW,DRY,DAY,SINGLE,LIGHT,FINE,RES,EMP
DEPOT,OSM,SSW,DRY,DAWN,BUS,NO,FINE,RES,CARS TRUCKS
DEPOT,OSM,SSW,DRY,DAY,SINGLE,NO,FINE,RES,EMP
DEPOT,FRNT,HON,DRY,NIGHT,SINGLE,NO,FINE,INCIDENT,GEN
DEPOT,NSM,REVERSING,WET,NIGHT,MULTI,NO,RAIN,RES,EMP
DEPOT,NSM,SSW,DRY,DAY,BUS,NO,FINE,RES,EMP
DEPOT,FRNT,HON,DRY,NIGHT,SINGLE,NO,FINE,INCIDENT,GEN
RAD,NSR,SSW,DRY,DAY,SINGLE,LIGHT,FINE,RES,EMP
DEPOT,NSR,REVERSING,WET,NIGHT,SINGLE,NO,RAIN,RES,CARS TRUCKS
DEPOT,OSM,SSW,DRY,NIGHT,SINGLE,NO,FINE,RES,EMP
DEPOT,NSR,REVERSING,DRY,DAY,SINGLE,LIGHT,FINE,RES,EMP
DEPOT,NSF,REVERSING,WET,DAY,SINGLE,NO,RAIN,RES,CARS TRUCKS
DEPOT,WSRE,HON,DRY,DAY,SINGLE,LIGHT,FINE,RES,CARS TRUCKS
DEPOT,OSR,SSW,DRY,DAY,BUS,NO,FINE,RES,EMP
DEPOT,WSRE,HON,WET,DAY,SINGLE,NO,FINE,RES,EMP
RAD,OSF,SSW,DRY,DAY,SINGLE,LIGHT,FINE,RES,EMP
DEPOT,REAR,BTMO,DRY,DAY,SINGLE,NO,SUN,RES,EMP
RAD,FRNT,SSW,DRY,DAY,SINGLE,LIGHT,FINE,PEND,EMP
RBT,REAR,N2T,DRY,DAY,SINGLE,HEAVY,FINE,UN3PAR,CARS TRUCKS
DEPOT,NSR,TAI,DRY,DAY,SINGLE,LIGHT,FINE,RES,EMP
DEPOT,FRNT,SSW,DRY,DAY,SINGLE,LIGHT,FINE,NRES,EMP
DEPOT,NSR,REVERSING,DRY,DAY,SINGLE,NO,FINE,RES,EMP
DEPOT,OSR,REVERSING,DRY,DUSK,SINGLE,LIGHT,FINE,RES,EMP
DEPOT,NSF,SSW,DRY,DAY,SINGLE,LIGHT,FINE,RES,EMP
DEPOT,REAR,REVERSING,DRY,DAY,SINGLE,NO,FINE,RES,EMP
DEPOT,NSM,SSW,DRY,DAY,SINGLE,NO,FINE,RES,BUS - OTHER
DEPOT,FRNT,N2T,SLIP,NIGHT,SINGLE,LIGHT,RAIN,RES,EMP
DEPOT,OSM,REVERSING,DRY,DAY,SINGLE,LIGHT,FINE,RES,BUS - OTHER
DEPOT,OSM,TAI,WET,DAY,BUS,NO,FINE,RES,EMP
DEPOT,NSR,REVERSING,DRY,DAY,SINGLE,NO,FINE,RES,CARS TRUCKS
DEPOT,NSR,REVERSING,DRY,DAY,SINGLE,LIGHT,FINE,RES,EMP
DEPOT,NSR,SSW,WET,NIGHT,SINGLE,NO,RAIN,RES,CARS TRUCKS
DEPOT,OSR,TAI,DRY,DUSK,SINGLE,LIGHT,FINE,RES,CARS TRUCKS
RAD,REAR,SSW,DRY,DAY,SINGLE,LIGHT,FINE,INCIDENT,EMP
RAD,NSR,SSW,DRY,DAY,SINGLE,LIGHT,FINE,UNREP,EMP
DEPOT,NSR,SSW,DRY,DAY,SINGLE,LIGHT,FINE,NRES,BUS - OTHER
DEPOT,NSR,SSW,DRY,DAY,SINGLE,NO,FINE,RES,EMP
DEPOT,NSM,SSW,WET,DAY,SINGLE,NO,RAIN,RES,BUS - OTHER
DEPOT,NSR,TAI,DRY,DAY,BUS,NO,FINE,RES,EMP
DEPOT,NSR,REVERSING,DRY,DAY,BUS,NO,FINE,RES,EMP