location_code,damage_code,collision_code,road_code,light_code,road_type_code,traffic_code,weather_code,emp_liability_code,kpi_cause_code
DEPOT,OSR,BTMO,DRY,DAY,SINGLE,NO,FINE,RES,CARS TRUCKS
DEPOT,OSM,SSW,WET,NIGHT,BUS,NO,RAIN,RES,EMP
DEPOT,OSF,SSW,DRY,DAY,SINGLE,LIGHT,FINE,UNREP,OTH
DEPOT,NSF,SSW,DRY,DAY,SINGLE,LIGHT,FINE,OTHERBUS,BUS - OTHER
DEPOT,FRNT,SSW,DRY,DAY,SINGLE,LIGHT,FINE,UNREP,OTH
DEPOT,MIR,SSW,DRY,DAY,BUS,NO,FINE,RES,EMP
DEPOT,NSR,TAI,DRY,DAY,MULTI,NO,FINE,RES,EMP
RAD,NSM,SSW,DRY,DAY,SINGLE,LIGHT,FINE,UNREP,OTH
DEPOT,OSM,SSW,DRY,DAY,BUS,NO,FINE,RES,EMP
DEPOT,OSF,SSW,WET,DAY,SINGLE,NO,RAIN,NRES,EMP
DEPOT,OSF,SSW,DRY,DAY,SINGLE,LIGHT,FINE,RES,EMP
DEPOT,NSR,REVERSING,WET,DAY,SINGLE,NO,RAIN,RES,EMP
DEPOT,REAR,N2T,DRY,DAY,SINGLE,NO,FINE,RES,EMP
DEPOT,NSR,REVERSING,WET,DAY,SINGLE,NO,RAIN,RES,EMP
DEPOT,OSF,REVERSING,WET,DAY,SINGLE,NO,RAIN,NRES,EMP
RAD,REAR,SSW,DRY,DAY,MULTI,NO,FINE,UNREP,OTH
DEPOT,MIR,SSW,DRY,DAY,SINGLE,NO,FINE,NRES,EMP
DEPOT,NSR,SSW,DRY,DAY,SINGLE,NO,FINE,RES,EMP
RAD,NSM,SSW,DRY,DAY,SINGLE,LIGHT,FINE,PEND,EMP
DEPOT,OSM,SSW,DRY,DAY,SINGLE,LIGHT,FINE,UNREP,EMP
DEPOT,NSR,REVERSING,DRY,DAY,SINGLE,LIGHT,FINE,RES,EMP
DEPOT,MIR,SSW,DRY,DUSK,SINGLE,LIGHT,FINE,RES,EMP
DEPOT,REAR,REVERSING,DRY,DAY,BUS,NO,FINE,UNREP,OTH
DEPOT,OSR,REVERSING,DRY,DAY,SINGLE,LIGHT,FINE,RES,EMP
DEPOT,NSR,BTMO,WET,DAY,SINGLE,NO,RAIN,RES,EMP
DEPOT,OSR,REVERSING,WET,NIGHT,BUS,NO,RAIN,RES,EMP
RAD,NSR,SSW,DRY,DAY,SINGLE,LIGHT,FINE,UNREP,OTH
RAD,REAR,SSW,DRY,DAY,SINGLE,LIGHT,FINE,PEND,EMP
DEPOT,NSM,SSW,DRY,DAY,SINGLE,NO,FINE,RES,EMP
DEPOT,NSM,SSW,DRY,DAY,SINGLE,LIGHT,FINE,UNREP,EMP
DEPOT,NSR,REVERSING,SLIP,DAY,SINGLE,NO,RAIN,RES,EMP
DEPOT,FRNT,SSW,DRY,DAY,SINGLE,LIGHT,FINE,OTHERBUS,BUS - OTHER
DEPOT,REAR,REVERSING,DRY,DAY,SINGLE,LIGHT,FINE,RES,EMP
DEPOT,REAR,TAI,DRY,DAY,BUS,NO,FINE,RES,EMP
DEPOT,NSM,SSW,DRY,DAY,BUS,NO,FINE,UNREP,OTH
DEPOT,NSF,SSW,DRY,DAY,BUS,NO,FINE,RES,CARS TRUCKS
DEPOT,OSR,REVERSING,DRY,DAY,SINGLE,LIGHT,FINE,RES,BUS - OTHER
DEPOT,FRNT,N2T,DRY,DAY,SINGLE,LIGHT,FINE,RES,EMP
DEPOT,FRNT,N2T,DRY,DAY,SINGLE,NO,FINE,NRES,EMP
RAD,NSF,SSW,DRY,DAY,SINGLE,LIGHT,FINE,UNREP,OTH
DEPOT,WIN,SSW,DRY,DUSK,SINGLE,LIGHT,FINE,RES,EMP
RAD,NSR,SSW,DRY,DAY,SINGLE,LIGHT,FINE,RES,EMP
RAD,MIR,SSW,DRY,DAY,SINGLE,LIGHT,FINE,RES,EMP
DEPOT,NSR,SSW,DRY,DUSK,BUS,NO,FINE,RES,EMP
DEPOT,NSM,SSW,DRY,DAY,SINGLE,NO,FINE,RES,EMP
DEPOT,REAR,N2T,DRY,DAY,SINGLE,LIGHT,FINE,RES,CARS TRUCKS
RAD,NSR,SSW,DRY,DAY,SINGLE,LIGHT,FINE,INCIDENT,PL&EQ
RAD,NSR,SSW,DRY,DAY,SINGLE,LIGHT,FINE,RES,EMP
RAD,NSR,SSW,DRY,DAY,SINGLE,LIGHT,FINE,UNREP,OTH
DEPOT,NSR,REVERSING,DRY,DAY,BUS,NO,FINE,RES,BUS - OTHER
RAD,REAR,SSW,DRY,DAY,SINGLE,NO,FINE,UNREP,OTH
DEPOT,NSR,SSW,DRY,DAY,SINGLE,NO,FINE,RES,EMP
DEPOT,OSM,SSW,DRY,DAY,SINGLE,LIGHT,FINE,RES,EMP
DEPOT,MIR,SSW,DRY,DAY,SINGLE,LIGHT,FINE,OTHERBUS,EMP
DEPOT,OSM,SSW,DRY,DAY,SINGLE,NO,FINE,RES,EMP
DEPOT,NSF,SSW,DRY,DAY,BUS,NO,FINE,RES,EMP
RAD,NSF,SSW,DRY,NIGHT,SINGLE,NO,FINE,RES,EMP
RAD,NSR,SSW,DRY,DAY,SINGLE,LIGHT,FINE,INCIDENT,OTH
RAD,OSF,SSW,DRY,DAY,SINGLE,LIGHT,FINE,UNREP,EMP
DEPOT,REAR,REVERSING,DRY,DAY,SINGLE,LIGHT,FINE,RES,EMP
DEPOT,NSR,REVERSING,WET,DAY,BUS,NO,FOG,RES,EMP
RAD,NSR,SSW,DRY,DAY,SINGLE,LIGHT,FINE,UNREP,OTH
DEPOT,FRNT,SSW,DRY,DAWN,SINGLE,NO,FINE,RES,EMP
DEPOT,FRNT,TAI,DRY,DAY,BUS,NO,FINE,OTHERBUS,EMP
DEPOT,OSR,TAI,DRY,DAY,SINGLE,LIGHT,FINE,RES,EMP
DEPOT,NSF,SSW,DRY,DAY,SINGLE,NO,FINE,RES,EMP
DEPOT,NSF,SSW,DRY,DAY,BUS,NO,FINE,RES,EMP
DEPOT,OSR,SSW,WET,NIGHT,SINGLE,NO,FINE,RES,CARS TRUCKS
DEPOT,NSR,SSW,DRY,NIGHT,SINGLE,LIGHT,FINE,RES,EMP
RAD,NSR,SSW,DRY,DAY,SINGLE,LIGHT,FINE,INCIDENT,EMP
DEPOT,NSM,SSW,DRY,DAY,SINGLE,NO,FINE,RES,EMP
RAD,FRNT,N2T,DRY,DAY,SINGLE,NO,FINE,RES,EMP
DEPOT,NSR,SSW,DRY,DAY,SINGLE,NO,FINE,UNREP,EMP
DEPOT,NSF,SSW,DRY,DAY,SINGLE,NO,FINE,UNREP,EMP
DEPOT,FRNT,HON,DRY,DAY,SINGLE,LIGHT,FINE,RES,CARS TRUCKS
RAD,OSF,SSW,WET,DUSK,SINGLE,LIGHT,RAIN,RES,EMP
RAD,NSR,SSW,WET,NIGHT,BUS,NO,RAIN,RES,EMP
DEPOT,FRNT,SSW,DRY,DAY,SINGLE,LIGHT,FINE,RES,BUS - OTHER
DEPOT,NSR,SSW,DRY,DAY,SINGLE,NO,FINE,RES,EMP
DEPOT,NSM,SSW,DRY,DAY,SINGLE,NO,FINE,RES,EMP
RAD,NSM,SSW,DRY,DAY,SINGLE,LIGHT,FINE,UNREP,OTH
DEPOT,NSM,SSW,WET,NIGHT,SINGLE,NO,RAIN,RES,EMP
RAD,NSR,SSW,DRY,DAY,SINGLE,LIGHT,FINE,PEND,EMP
DEPOT,NSM,SSW,DRY,DAY,SINGLE,LIGHT,FINE,RES,BUS - OTHER
DEPOT,FRNT,SSW,DRY,DAY,SINGLE,LIGHT,FINE,UNREP,OTH
RAD,NSR,SSW,DRY,DAY,SINGLE,LIGHT,FINE,NRES,EMP
DEPOT,REAR,REVERSING,DRY,DAY,BUS,NO,FINE,RES,EMP
DEPOT,NSM,SSW,DRY,DAY,SINGLE,LIGHT,FINE,RES,EMP
DEPOT,NSM,SSW,DRY,DAY,SINGLE,LIGHT,FINE,RES,PL&EQ
DEPOT,FRNT,HON,WET,DAY,BUS,NO,FINE,INCIDENT,PL&EQ
DEPOT,OSR,SSW,DRY,DAY,BUS,NO,FINE,RES,EMP
RAD,OSR,SSW,DRY,NIGHT,SINGLE,NO,FINE,RES,EMP
RAD,NSR,SSW,DRY,DAY,SINGLE,LIGHT,FINE,RES,EMP
RAD,NSR,SSW,DRY,DAY,SINGLE,LIGHT,FINE,RES,EMP
RAD,OSF,SSW,DRY,DAY,SINGLE,LIGHT,FINE,PEND,EMP
RAD,OSM,SSW,DRY,DAY,MULTI,LIGHT,FINE,RES,EMP
RAD,NSR,SSW,DRY,DAY,SINGLE,LIGHT,FINE,RES,EMP
DEPOT,OSM,SSW,DRY,DAY,SINGLE,NO,FINE,RES,EMP
DEPOT,WSRE,SSW,DRY,DAY,SINGLE,NO,FINE,OTHERBUS,EMP
DEPOT,REAR,REVERSING,WET,DAY,SINGLE,NO,RAIN,RES,EMP
DEPOT,OSR,REVERSING,DRY,DAY,SINGLE,NO,FINE,RES,EMP
DEPOT,MIR,SSW,SLIP,NIGHT,SINGLE,NO,FINE,RES,EMP
RAD,NSR,SSW,DRY,DAY,SINGLE,LIGHT,FINE,RES,EMP
DEPOT,NSR,REVERSING,WET,NIGHT,SINGLE,NO,RAIN,RES,EMP
RAD,NSR,SSW,DRY,DAY,SINGLE,NO,FINE,RES,EMP
RAD,NSR,SSW,DRY,DAY,SINGLE,LIGHT,FINE,RES,EMP
DEPOT,OSR,SSW,DRY,DAY,BUS,NO,FINE,OTHERBUS,EMP
DEPOT,NSR,REVERSING,DRY,DAY,SINGLE,LIGHT,FINE,RES,EMP
RAD,NSR,SSW,DRY,DAY,SINGLE,LIGHT,FINE,RES,CARS TRUCKS
DEPOT,NSR,REVERSING,DRY,DAY,SINGLE,LIGHT,FINE,RES,EMP
RAD,Scratches to dr,SSW,DRY,DAY,SINGLE,LIGHT,FINE,PEND,EMP
DEPOT,NSR,SSW,DRY,DAY,SINGLE,LIGHT,FINE,RES,EMP
RAD,NSM,BTMO,DRY,DAY,SINGLE,LIGHT,FINE,INCIDENT,EMP
RAD,NSR,SSW,DRY,DAY,SINGLE,LIGHT,FINE,RES,EMP
DEPOT,OSF,REVERSING,DRY,NIGHT,SINGLE,LIGHT,FINE,RES,EMP
DEPOT,REAR,REVERSING,DRY,DAY,SINGLE,LIGHT,FINE,RES,EMP
DEPOT,MIR,SSW,DRY,DAY,SINGLE,NO,FINE,RES,EMP
DEPOT,NSM,SSW,SLIP,DAY,BUS,NO,FINE,UNREP,OTH
RAD,NSR,SSW,DRY,DAY,SINGLE,LIGHT,FINE,RES,EMP
RAD,OSF,SSW,DRY,DAY,SINGLE,LIGHT,FINE,PEND,EMP
RAD,REAR,SSW,DRY,DAY,SINGLE,LIGHT,FINE,PEND,EMP
DEPOT,REAR,REVERSING,WET,DUSK,SINGLE,NO,RAIN,RES,EMP
DEPOT,OSR,REVERSING,DRY,DAY,SINGLE,LIGHT,FINE,RES,EMP
DEPOT,NSF,REVERSING,DRY,NIGHT,SINGLE,NO,FINE,RES,EMP
DEPOT,REAR,REVERSING,DRY,DAY,SINGLE,NO,FINE,RES,BUS - OTHER
DEPOT,FRNT,HON,DRY,DAY,SINGLE,NO,FINE,RES,EMP
RAD,NSR,SSW,DRY,DAY,SINGLE,LIGHT,FINE,UNREP,OTH
DEPOT,NSM,SSW,DRY,DAY,SINGLE,NO,FINE,RES,EMP
DEPOT,NSR,SSW,WET,DAY,SINGLE,NO,RAIN,RES,BUS - OTHER
RAD,WSRE,SSW,DRY,DAY,SINGLE,NO,FINE,NRES,EMP
DEPOT,NSR,REVERSING,DRY,DAY,SINGLE,LIGHT,FINE,RES,EMP
RAD,NSR,SSW,DRY,DAY,SINGLE,LIGHT,FINE,UNREP,EMP
DEPOT,NSR,SSW,DRY,NIGHT,SINGLE,NO,FINE,RES,EMP
DEPOT,REAR,TAI,DRY,DAY,SINGLE,LIGHT,FINE,RES,EMP
DEPOT,REAR,SSW,DRY,DAY,BUS,NO,FINE,RES,EMP
RAD,NSM,SSW,DRY,DAY,SINGLE,LIGHT,FINE,RES,EMP
DEPOT,REAR,REVERSING,DRY,DUSK,BUS,NO,FINE,RES,EMP
RAD,OSF,SSW,DRY,DAY,SINGLE,LIGHT,FINE,RES,EMP
DEPOT,REAR,REVERSING,DRY,DAY,SINGLE,LIGHT,FINE,RES,CARS TRUCKS
RAD,NSF,SSW,DRY,DAY,SINGLE,LIGHT,FINE,NRES,EMP
DEPOT,REAR,REVERSING,DRY,DAY,SINGLE,NO,FINE,RES,EMP
DEPOT,NSR,REVERSING,DRY,NIGHT,SINGLE,NO,FOG,RES,EMP
DEPOT,NSF,REVERSING,WET,NIGHT,SINGLE,NO,RAIN,RES,BUS - OTHER
RAD,OSR,SSW,DRY,DAY,SINGLE,LIGHT,FINE,NRES,EMP
DEPOT,REAR,REVERSING,WET,NIGHT,BUS,NO,RAIN,RES,CARS TRUCKS
DEPOT,REAR,REVERSING,DRY,DAY,SINGLE,LIGHT,FINE,RES,EMP
DEPOT,WIN,N2T,DRY,NIGHT,SINGLE,NO,FINE,RES,EMP
DEPOT,NSM,SSW,DRY,DAY,SINGLE,LIGHT,FINE,RES,EMP
DEPOT,FRNT,N2T,DRY,DAY,SINGLE,LIGHT,FINE,NRES,EMP
RAD,OSF,SSW,DRY,DAY,SINGLE,LIGHT,FINE,RES,EMP
DEPOT,NSR,REVERSING,WET,NIGHT,BUS,NO,RAIN,RES,EMP
DEPOT,NSM,REVERSING,WET,DAWN,SINGLE,NO,RAIN,RES,CARS TRUCKS
DEPOT,FRNT,N2T,DRY,NIGHT,SINGLE,LIGHT,FINE,RES,EMP
DEPOT,OSR,SSW,DRY,NIGHT,BUS,NO,FINE,NRES,BUS - OTHER
DEPOT,NSM,SSW,DRY,NIGHT,BUS,EXTREME,FINE,RES,EMP
DEPOT,REAR,REVERSING,DRY,DAY,SINGLE,NO,FINE,RES,EMP
DEPOT,REAR,SSW,DRY,DAY,SINGLE,LIGHT,FINE,RES,EMP
RAD,OSF,SSW,DRY,DAY,SINGLE,LIGHT,FINE,RES,EMP
DEPOT,NSR,SSW,DRY,DAY,SINGLE,LIGHT,FINE,RES,EMP
DEPOT,NSR,REVERSING,DRY,DAY,SINGLE,NO,FINE,RES,EMP
DEPOT,REAR,REVERSING,DRY,NIGHT,SINGLE,LIGHT,FINE,OTHERBUS,EMP
RAD,NSM,SSW,DRY,DAY,SINGLE,LIGHT,FINE,UNREP,OTH
DEPOT,OSR,REVERSING,DRY,DAY,BUS,NO,FINE,RES,BUS - OTHER
RAD,REAR,SSW,DRY,DAY,SINGLE,LIGHT,FINE,RES,EMP
RAD,MIR,N2T,DRY,DAY,SINGLE,LIGHT,FINE,RES,EMP
RAD,REAR,N2T,DRY,DAY,SINGLE,NO,FINE,RES,EMP
DEPOT,NSM,SSW,DRY,DAY,SINGLE,LIGHT,FINE,RES,EMP
RAD,REAR,SSW,DRY,DAY,SINGLE,LIGHT,FINE,RES,EMP
RAD,TOPR,SSW,DRY,DAY,SINGLE,LIGHT,FINE,RES,EMP
DEPOT,OSF,TAI,WET,DAY,BUS,NO,FINE,UNREP,OTH
DEPOT,REAR,N2T,DRY,DAY,SINGLE,NO,FINE,RES,EMP
DEPOT,REAR,REVERSING,DRY,DAY,SINGLE,LIGHT,FINE,RES,EMP
DEPOT,NSR,SSW,DRY,DAWN,BUS,NO,FINE,RES,EMP
DEPOT,OSR,REVERSING,DRY,DAWN,BUS,NO,FINE,RES,EMP
DEPOT,NSR,SSW,WET,DAY,MULTI,LIGHT,FINE,RES,EMP
RAD,NSM,SSW,DRY,DAY,SINGLE,NO,FINE,RES,EMP
DEPOT,NSR,REVERSING,DRY,DAY,SINGLE,NO,FINE,RES,EMP
DEPOT,NSR,SSW,WET,DAY,SINGLE,NO,FINE,RES,EMP
DEPOT,FRNT,SSW,DRY,DAY,SINGLE,LIGHT,FINE,UNREP,OTH
DEPOT,REAR,REVERSING,DRY,DAY,SINGLE,NO,SUN,RES,EMP
DEPOT,MIR,SSW,WET,NIGHT,SINGLE,NO,FINE,RES,EMP
DEPOT,NSM,SSW,DRY,NIGHT,SINGLE,NO,FINE,RES,EMP
RAD,NSR,SSW,DRY,DAY,SINGLE,LIGHT,FINE,UNREP,OTH
DEPOT,OSF,SSW,DRY,DAY,SINGLE,LIGHT,FINE,RES,EMP
RAD,OSR,SSW,DRY,NIGHT,SINGLE,NO,FINE,RES,EMP
DEPOT,FRNT,TBO,DRY,DAY,SINGLE,NO,FINE,UNREP,OTH
RAD,OSR,SSW,DRY,DAY,SINGLE,NO,FINE,RES,EMP
RAD,NSR,SSW,DRY,DAY,SINGLE,LIGHT,FINE,PEND,EMP
RAD,NSR,SSW,DRY,DAY,SINGLE,LIGHT,FINE,UNREP,EMP
DEPOT,NSR,SSW,DRY,DAY,SINGLE,LIGHT,FINE,RES,EMP
RAD,NSR,SSW,DRY,DAY,SINGLE,LIGHT,FINE,RES,EMP
DEPOT,FRNT,SSW,DRY,DAY,SINGLE,LIGHT,FINE,UNREP,OTH
DEPOT,NSR,SSW,DRY,DAY,SINGLE,LIGHT,FINE,RES,EMP
RAD,OSF,SSW,DRY,DAY,SINGLE,LIGHT,FINE,PEND,EMP
RAD,FRNT,N2T,DRY,DAY,SINGLE,LIGHT,FINE,RES,EMP
DEPOT,OSM,SSW,WET,NIGHT,SINGLE,NO,RAIN,RES,EMP
DEPOT,WSRE,SSW,DRY,DAY,SINGLE,NO,SUN,INCIDENT,EMP
RAD,NSR,SSW,DRY,DAY,SINGLE,LIGHT,FINE,UNREP,OTH
RAD,NSR,SSW,DRY,DAY,SINGLE,LIGHT,FINE,UNREP,OTH
DEPOT,OSF,REVERSING,WET,DAY,SINGLE,LIGHT,RAIN,RES,EMP
DEPOT,FRNT,SSW,DRY,DAY,SINGLE,LIGHT,FINE,UNREP,OTH
DEPOT,NSR,TAI,WET,DAY,BUS,NO,RAIN,RES,EMP
RAD,FRNT,SSW,DRY,DAY,SINGLE,LIGHT,FINE,PEND,EMP
DEPOT,WSRE,HON,WET,DUSK,SINGLE,NO,FINE,INCIDENT,OTH
RAD,NSR,SSW,DRY,DAY,SINGLE,LIGHT,FINE,PEND,EMP
DEPOT,REAR,REVERSING,DRY,DAWN,SINGLE,NO,SUN,RES,EMP
DEPOT,NSM,REVERSING,DRY,DAWN,SINGLE,NO,SUN,OTHERBUS,EMP
DEPOT,OSR,SSW,DRY,NIGHT,SINGLE,NO,FINE,UN3PAR,PAS
DEPOT,REAR,REVERSING,DRY,DAY,BUS,NO,FINE,RES,EMP
RAD,NSR,SSW,DRY,DAY,SINGLE,LIGHT,FINE,UNREP,OTH
DEPOT,NSR,SSW,DRY,DAY,BUS,NO,SUN,OTHERBUS,EMP
RAD,NSM,SSW,DRY,DAY,SINGLE,LIGHT,FINE,UNREP,OTH
RAD,FRNT,HON,DRY,DAWN,FREE,LIGHT,FINE,INCIDENT,ENV
DEPOT,FRNT,N2T,DRY,DAY,SINGLE,LIGHT,FINE,UNREP,OTH
DEPOT,FRNT,REVERSING,DRY,DAWN,BUS,NO,FINE,OTHERBUS,EMP
DEPOT,FRNT,REVERSING,DRY,NIGHT,BUS,NO,FINE,OTHERBUS,EMP
DEPOT,REAR,REVERSING,DRY,NIGHT,SINGLE,NO,FINE,RES,EMP
DEPOT,NSR,SSW,DRY,DAY,SINGLE,LIGHT,FINE,UNREP,OTH
DEPOT,MIR,SSW,SLIP,DAY,SINGLE,MODERATE,FINE,RES,EMP
DEPOT,OSR,TAI,DRY,DAWN,SINGLE,NO,FINE,RES,EMP
DEPOT,OSF,REVERSING,DRY,DAY,SINGLE,NO,FINE,RES,EMP
DEPOT,REAR,BTMO,DRY,DAY,SINGLE,LIGHT,FINE,RES,EMP
DEPOT,OSR,REVERSING,DRY,DAY,SINGLE,LIGHT,FINE,RES,EMP
DEPOT,OSM,SSW,DRY,DAY,SINGLE,LIGHT,FINE,RES,EMP
DEPOT,NSF,SSW,DRY,DAY,SINGLE,LIGHT,FINE,RES,EMP
RAD,OSM,SSW,DRY,DAY,SINGLE,LIGHT,FINE,NRES,EMP
RAD,NSM,SSW,DRY,DAY,SINGLE,LIGHT,FINE,PEND,EMP
DEPOT,FRNT,HON,DRY,DAY,SINGLE,LIGHT,FINE,INCIDENT,NONPOW
RAD,REAR,SSW,DRY,DAY,SINGLE,LIGHT,FINE,RES,EMP
DEPOT,OSR,SSW,DRY,DAY,BUS,NO,FINE,UNREP,OTH
RAD,NSR,BTMO,DRY,DAY,SINGLE,NO,FINE,RES,EMP
RAD,NSR,SSW,DRY,DAY,SINGLE,LIGHT,FINE,PEND,EMP
RAD,NSR,SSW,WET,NIGHT,SINGLE,NO,RAIN,RES,EMP
RAD,NSR,SSW,DRY,DAY,SINGLE,LIGHT,FINE,PEND,EMP
RAD,OSR,SSW,DRY,DAY,SINGLE,LIGHT,FINE,PEND,EMP
DEPOT,REAR,HON,DRY,DAY,SINGLE,LIGHT,FINE,INCIDENT,EMP
DEPOT,NSF,HON,DRY,DAY,SINGLE,NO,FINE,RES,EMP
RAD,NSR,SSW,DRY,DAY,SINGLE,LIGHT,FINE,RES,EMP
DEPOT,OSR,REVERSING,DRY,DAY,SINGLE,LIGHT,FINE,RES,EMP
DEPOT,NSM,SSW,DRY,DAY,SINGLE,LIGHT,FINE,RES,EMP
RAD,NSR,SSW,DRY,DAY,SINGLE,LIGHT,FINE,RES,EMP
RAD,NSR,SSW,DRY,DAY,SINGLE,LIGHT,FINE,RES,EMP
DEPOT,OSF,REVERSING,DRY,DAY,SINGLE,LIGHT,FINE,RES,CARS TRUCKS
DEPOT,OSR,REVERSING,DRY,DUSK,SINGLE,NO,FINE,RES,EMP
DEPOT,NSR,SSW,DRY,DAY,SINGLE,LIGHT,FINE,RES,EMP
DEPOT,OSF,SSW,DRY,DAY,SINGLE,LIGHT,FINE,NRES,EMP
DEPOT,FRNT,HON,WET,DAY,SINGLE,NO,FINE,RES,EMP
DEPOT,NSR,SSW,DRY,DAY,SINGLE,LIGHT,FINE,RES,EMP
DEPOT,NSR,SSW,DRY,DAY,SINGLE,LIGHT,FINE,NRES,EMP
RAD,NSR,SSW,DRY,DAY,SINGLE,LIGHT,FINE,RES,EMP
DEPOT,REAR,REVERSING,DRY,DAY,SINGLE,LIGHT,FINE,RES,EMP
BSP,NSR,SSW,DRY,DAY,SINGLE,NO,FINE,RES,EMP
RAD,NSR,SSW,DRY,DAY,SINGLE,LIGHT,FINE,RES,EMP
RAD,REAR,SSW,DRY,DAY,SINGLE,LIGHT,FINE,RES,EMP
RAD,NSR,SSW,DRY,DAY,SINGLE,LIGHT,FINE,RES,EMP
DEPOT,REAR,REVERSING,DRY,DAY,SINGLE,LIGHT,FINE,RES,EMP
RAD,REAR,SSW,DRY,DAY,SINGLE,LIGHT,FINE,RES,EMP
RAD,NSR,SSW,DRY,DAY,SINGLE,LIGHT,FINE,RES,EMP
RAD,OSM,SSW,DRY,DAY,SINGLE,LIGHT,FINE,RES,EMP
RAD,NSR,SSW,DRY,DAY,SINGLE,LIGHT,FINE,RES,EMP
RAD,NSR,SSW,DRY,DAY,SINGLE,LIGHT,FINE,RES,EMP
RAD,NSM,SSW,DRY,DAY,SINGLE,LIGHT,FINE,RES,EMP
RAD,REAR,SSW,DRY,DAY,SINGLE,LIGHT,FINE,NRES,EMP
RAD,OSM,SSW,DRY,DAY,SINGLE,LIGHT,FINE,RES,EMP
RAD,NSR,SSW,DRY,DAY,SINGLE,LIGHT,FINE,PEND,EMP
RAD,REAR,SSW,DRY,DAY,SINGLE,LIGHT,FINE,RES,EMP
DEPOT,NSR,REVERSING,DRY,DAY,SINGLE,LIGHT,FINE,RES,EMP
DEPOT,NSR,REVERSING,DRY,DAY,SINGLE,LIGHT,FINE,RES,EMP
RAD,WIN,SSW,DRY,DAY,SINGLE,LIGHT,FINE,RES,EMP
DEPOT,NSF,HON,DRY,DAY,SINGLE,LIGHT,FINE,RES,EMP
DEPOT,OSR,TAI,DRY,DAY,SINGLE,NO,FINE,RES,EMP
RAD,REAR,SSW,DRY,DAY,SINGLE,LIGHT,FINE,RES,EMP
DEPOT,TOPF,HON,DRY,NIGHT,BUS,NO,FINE,RES,EMP
DEPOT,OSR,TAI,DRY,DAY,SINGLE,LIGHT,FINE,RES,EMP
DEPOT,NSR,REVERSING,DRY,DAY,SINGLE,LIGHT,SUN,RES,EMP
RAD,NSR,SSW,DRY,DAY,SINGLE,LIGHT,FINE,RES,EMP
RAD,NSR,N2T,DRY,DAY,SINGLE,LIGHT,FINE,RES,EMP
RAD,WIN,SSW,DRY,DAY,SINGLE,LIGHT,FINE,RES,EMP
RAD,OSF,SSW,DRY,DAY,SINGLE,LIGHT,FINE,NRES,EMP
RAD,OSR,SSW,DRY,NIGHT,SINGLE,NO,FINE,RES,EMP
RAD,REAR,SSW,DRY,NIGHT,SINGLE,NO,FINE,RES,EMP
RAD,OSR,SSW,DRY,DAY,SINGLE,LIGHT,FINE,RES,EMP
RAD,REAR,SSW,DRY,DAWN,SINGLE,NO,FINE,RES,EMP
RAD,NSR,SSW,DRY,DAY,SINGLE,NO,FINE,PEND,EMP
RAD,REAR,SSW,DRY,DAY,SINGLE,NO,FINE,RES,EMP
RAD,WSRE,SSW,DRY,DAY,SINGLE,NO,FINE,RES,EMP
RAD,NSM,SSW,DRY,NIGHT,SINGLE,NO,FOG,RES,EMP
RAD,NSF,SSW,DRY,DAY,SINGLE,LIGHT,FINE,RES,EMP
RAD,NSR,SSW,DRY,DAY,SINGLE,LIGHT,FINE,RES,EMP
RAD,WIN,SSW,DRY,DAY,SINGLE,NO,FINE,RES,EMP
RAD,NSR,SSW,DRY,DAY,SINGLE,NO,FINE,RES,EMP
RAD,NSR,SSW,DRY,DAY,SINGLE,LIGHT,FINE,RES,EMP
RAD,OSR,SSW,DRY,DAY,SINGLE,LIGHT,FINE,RES,EMP
RAD,REAR,SSW,DRY,DAY,SINGLE,LIGHT,FINE,PEND,EMP
RAD,OSF,SSW,DRY,DAY,SINGLE,LIGHT,FINE,RES,EMP
RAD,REAR,N2T,DRY,DAY,SINGLE,LIGHT,FINE,RES,EMP
RAD,NSM,SSW,DRY,DAY,SINGLE,LIGHT,FINE,RES,EMP
RAD,REAR,N2T,DRY,DAY,SINGLE,LIGHT,FINE,RES,EMP
RAD,NSF,SSW,DRY,DAY,SINGLE,LIGHT,FINE,PEND,EMP
RAD,NSR,SSW,DRY,DAY,SINGLE,NO,FINE,RES,EMP
RAD,REAR,SSW,DRY,NIGHT,SINGLE,NO,FINE,PEND,EMP
RAD,NSM,SSW,DRY,DAY,SINGLE,NO,FINE,RES,EMP
RAD,NSR,SSW,DRY,DAY,SINGLE,NO,FINE,RES,EMP
RAD,OSM,SSW,DRY,STREET,MULTI,LIGHT,FINE,RES,EMP
RAD,NSR,SSW,DRY,DAY,SINGLE,LIGHT,FINE,RES,EMP
RAD,NSR,SSW,WET,DAY,SINGLE,NO,FINE,RES,EMP
RAD,NSR,SSW,DRY,DAY,SINGLE,LIGHT,FINE,PEND,EMP
BSP,NSR,SSW,DRY,DAY,BUS,NO,FINE,NRES,EMP
RAD,NSR,SSW,DRY,DAY,SINGLE,LIGHT,FINE,RES,EMP
RAD,NSF,SSW,DRY,DAY,SINGLE,LIGHT,FINE,RES,EMP
RAD,NSR,SSW,DRY,DAY,SINGLE,NO,SUN,RES,EMP
RAD,NSR,SSW,WET,DAY,SINGLE,NO,RAIN,RES,EMP
RAD,NSR,SSW,WET,DAY,SINGLE,NO,FINE,RES,EMP
RAD,NSF,SSW,WET,NIGHT,SINGLE,NO,RAIN,RES,EMP