location_code,damage_code,collision_code,road_code,light_code,road_type_code,traffic_code,weather_code,emp_liability_code,kpi_cause_code
DEPOT,NSM,HON,DRY,DAY,SINGLE,NO,FINE,RES,EMP
DEPOT,WSRE,REVERSING,DRY,NIGHT,SINGLE,NO,FINE,RES,BUS - OTHER
DEPOT,NSR,REVERSING,WET,NIGHT,SINGLE,NO,RAIN,RES,BUS - OTHER
DEPOT,NSM,SSW,DRY,DAY,BUS,NO,FINE,RES,EMP
DEPOT,NSR,TAI,WET,DAY,MULTI,NO,RAIN,RES,BUS - OTHER
DEPOT,NSM,SSW,DRY,DAY,SINGLE,NO,FINE,RES,EMP
DEPOT,FRNT,N2T,DRY,DUSK,SINGLE,NO,FINE,OTHERBUS,EMP
DEPOT,REAR,SSW,DRY,DAY,SINGLE,NO,FINE,UNREP,OTH
DEPOT,OSF,SSW,DRY,DAY,SINGLE,LIGHT,FINE,UNREP,OTH
RAD,NSM,SSW,DRY,DAY,SINGLE,LIGHT,FINE,UNREP,OTH
DEPOT,NSR,SSW,DRY,DAY,BUS,NO,FINE,RES,EMP
DEPOT,MIR,SSW,DRY,DAY,SINGLE,LIGHT,FINE,RES,CARS TRUCKS
DEPOT,OSM,SSW,DRY,DAWN,SINGLE,NO,FINE,NRES,CARS TRUCKS
DEPOT,OSR,TAI,DRY,DAY,SINGLE,NO,FINE,RES,EMP
RAD,NSR,SSW,DRY,DAY,SINGLE,LIGHT,FINE,RES,EMP
DEPOT,MIR,SSW,DRY,DAWN,BUS,LIGHT,FINE,OTHERBUS,BUS - OTHER
RAD,NSR,SSW,DRY,DAY,SINGLE,LIGHT,FINE,UNREP,OTH
DEPOT,NSR,SSW,DRY,DAY,MULTI,MODERATE,FINE,UNREP,OTH
DEPOT,MIR,SSW,DRY,DAY,BUS,NO,FINE,INCIDENT,PL&EQ
DEPOT,REAR,SSW,DRY,DAY,SINGLE,LIGHT,FINE,UNREP,EMP
DEPOT,OSR,SSW,DRY,DAY,SINGLE,NO,FINE,RES,EMP
DEPOT,NSR,SSW,DRY,DAY,SINGLE,NO,FINE,RES,BUS - OTHER
DEPOT,OSF,SSW,WET,DUSK,MULTI,NO,FINE,UNREP,BUS - OTHER
DEPOT,FRNT,SSW,DRY,DAY,SINGLE,LIGHT,FINE,UNREP,EMP
DEPOT,WSRE,SSW,DRY,DAY,SINGLE,LIGHT,FINE,UNREP,EMP
DEPOT,OSR,SSW,DRY,DAY,SINGLE,LIGHT,FINE,OTHERBUS,CARS TRUCKS
DEPOT,OSR,REVERSING,WET,NIGHT,SINGLE,NO,RAIN,RES,EMP
DEPOT,MIR,SSW,DRY,DAY,BUS,NO,FINE,OTHERBUS,EMP
RBT,OSM,SSW,DRY,NIGHT,SINGLE,NO,FINE,RES,EMP
DEPOT,OSF,SSW,DRY,DAY,SINGLE,LIGHT,FINE,RES,EMP
RAD,NSR,SSW,DRY,DAY,SINGLE,LIGHT,FINE,RES,EMP
DEPOT,FRNT,SSW,DRY,DAY,SINGLE,LIGHT,FINE,UNREP,OTH
DEPOT,NSR,SSW,DRY,DAY,SINGLE,LIGHT,FINE,UNREP,OTH
DEPOT,NSR,SSW,WET,NIGHT,MULTI,NO,RAIN,RES,EMP
DEPOT,WSRE,SSW,DRY,DAY,SINGLE,NO,FINE,RES,BUS - OTHER
RAD,OSF,SSW,DRY,DAY,SINGLE,LIGHT,FINE,UNREP,OTH
DEPOT,NSR,SSW,DRY,DAY,SINGLE,NO,FINE,OTHERBUS,BUS - OTHER
DEPOT,OSR,SSW,DRY,DUSK,SINGLE,NO,FINE,RES,EMP
DEPOT,NSM,SSW,DRY,DAY,SINGLE,LIGHT,FINE,UNREP,OTH
DEPOT,OSM,SSW,DRY,DAY,SINGLE,NO,FINE,RES,EMP
DEPOT,FRNT,SSW,DRY,DAY,SINGLE,LIGHT,FINE,UNREP,OTH
RAD,NSR,SSW,DRY,DAY,SINGLE,NO,FINE,RES,EMP
DEPOT,REAR,REVERSING,DRY,DAY,SINGLE,NO,FINE,INCIDENT,EMP
RAD,REAR,REVERSING,DRY,DAY,SINGLE,LIGHT,FINE,UNREP,EMP
DEPOT,NSF,SSW,DRY,DUSK,SINGLE,NO,FINE,RES,EMP
DEPOT,WIN,SSW,DRY,DAY,SINGLE,LIGHT,FINE,UNREP,CARS TRUCKS
DEPOT,MIR,SSW,DRY,DAY,SINGLE,LIGHT,FINE,RES,CARS TRUCKS
RAD,NSR,SSW,DRY,DAY,SINGLE,LIGHT,FINE,UNREP,EMP
DEPOT,FRNT,N2T,DRY,DAY,SINGLE,LIGHT,FINE,UN3PAR,CARS TRUCKS
DEPOT,NSR,REVERSING,SLIP,DAY,SINGLE,NO,FINE,RES,EMP
DEPOT,OSR,N2T,DRY,DAY,SINGLE,LIGHT,FINE,OTHERBUS,EMP
DEPOT,NSR,SSW,DRY,DAY,MULTI,NO,FINE,UNREP,BUS - OTHER
RAD,NSR,SSW,DRY,DAY,SINGLE,LIGHT,FINE,UNREP,EMP
DEPOT,TOPM,SSW,WET,DAY,SINGLE,NO,FINE,RES,EMP
DEPOT,NSM,SSW,DRY,DAY,SINGLE,LIGHT,FINE,UNREP,BUS - OTHER
RAD,NSR,SSW,DRY,DAY,SINGLE,LIGHT,FINE,UNREP,EMP
DEPOT,WSRE,SSW,DRY,DAY,SINGLE,NO,FINE,UNREP,EMP
DEPOT,MIR,SSW,DRY,DAY,SINGLE,LIGHT,FINE,OTHERBUS,EMP
DEPOT,MIR,SSW,DRY,DAY,SINGLE,LIGHT,FINE,UNREP,EMP
DEPOT,MIR,SSW,SLIP,NIGHT,SINGLE,LIGHT,FINE,RES,EMP
DEPOT,MIR,SSW,DRY,NIGHT,SINGLE,NO,FINE,RES,BUS - OTHER
DEPOT,OSM,SSW,DRY,DAY,SINGLE,NO,FINE,RES,EMP
RAD,NSR,SSW,DRY,DAY,SINGLE,LIGHT,FINE,RES,BUS - OTHER
DEPOT,NSR,REVERSING,DRY,NIGHT,SINGLE,LIGHT,FINE,OTHERBUS,EMP
DEPOT,FRNT,HON,DRY,DAY,SINGLE,LIGHT,FINE,RES,EMP
RAD,NSR,SSW,DRY,DAY,SINGLE,LIGHT,FINE,UNREP,BUS - OTHER
DEPOT,TOPF,ROO,DRY,DAY,SINGLE,NO,FINE,RES,EMP
DEPOT,OSR,SSW,DRY,DAY,SINGLE,LIGHT,FINE,RES,BUS - OTHER
DEPOT,NSF,SSW,DRY,DAY,SINGLE,LIGHT,FINE,RES,EMP
DEPOT,REAR,REVERSING,DRY,DUSK,SINGLE,NO,FINE,RES,EMP
RAD,NSR,SSW,DRY,DAY,SINGLE,LIGHT,FINE,INCIDENT,EMP
RAD,REAR,SSW,DRY,DAY,SINGLE,LIGHT,FINE,UNREP,OTH
DEPOT,MIR,HON,WET,DAY,SINGLE,NO,FINE,RES,EMP
RAD,OSM,SSW,DRY,DAY,SINGLE,LIGHT,FINE,UNREP,OTH
RAD,NSR,SSW,DRY,DAY,SINGLE,LIGHT,FINE,RES,EMP
DEPOT,NSM,SSW,WET,DAY,SINGLE,NO,RAIN,RES,EMP
DEPOT,MIR,HON,WET,DAY,SINGLE,NO,FINE,RES,EMP
DEPOT,OSR,TAI,DRY,DAY,SINGLE,LIGHT,FINE,RES,EMP
RAD,NSR,SSW,DRY,DAY,SINGLE,LIGHT,FINE,UNREP,EMP
DEPOT,OSM,SSW,DRY,DAY,SINGLE,LIGHT,FINE,OTHERBUS,EMP
DEPOT,OSM,SSW,WET,DAWN,SINGLE,NO,FOG,RES,EMP
DEPOT,NSM,SSW,DRY,DAY,BUS,NO,FINE,RES,EMP
DEPOT,OSR,SSW,DRY,DAY,SINGLE,LIGHT,FINE,UNREP,BUS - OTHER
DEPOT,WSRE,HON,DRY,DAY,SINGLE,NO,FINE,INCIDENT,PL&EQ
RAD,NSR,SSW,DRY,DAY,SINGLE,LIGHT,FINE,UNREP,EMP
DEPOT,WSRE,HON,WET,DAY,SINGLE,NO,FINE,RES,EMP
RAD,NSR,SSW,DRY,DAY,SINGLE,LIGHT,FINE,UNREP,OTH
DEPOT,NSR,TAI,WET,DAY,SINGLE,NO,FINE,RES,EMP
DEPOT,NSR,SSW,DRY,DAY,SINGLE,LIGHT,FINE,OTHERBUS,EMP
DEPOT,OSR,TAI,WET,DAWN,BUS,NO,RAIN,RES,EMP
DEPOT,MIR,SSW,DRY,DAY,SINGLE,LIGHT,FINE,RES,BUS - OTHER
RAD,WIN,SSW,DRY,DAY,SINGLE,LIGHT,FINE,UNREP,EMP
RAD,OSF,SSW,DRY,DAY,SINGLE,NO,FINE,UNREP,EMP
DEPOT,MIR,SSW,DRY,DAY,SINGLE,NO,FINE,RES,EMP
DEPOT,NSF,SSW,DRY,DAY,SINGLE,LIGHT,FINE,UNREP,EMP
DEPOT,MIR,HON,DRY,DAY,SINGLE,LIGHT,FINE,RES,EMP
DEPOT,NSR,SSW,DRY,DAY,SINGLE,LIGHT,FINE,OTHERBUS,EMP
RAD,NSR,SSW,DRY,DAY,SINGLE,LIGHT,FINE,RES,EMP
DEPOT,NSR,SSW,DRY,DAY,BUS,NO,FINE,RES,EMP
DEPOT,REAR,SSW,DRY,DAY,BUS,NO,FINE,RES,BUS - OTHER
DEPOT,NSR,REVERSING,WET,DAY,SINGLE,NO,RAIN,RES,OTH
DEPOT,REAR,TAI,WET,DAY,SINGLE,NO,RAIN,OTHERBUS,CARS TRUCKS
DEPOT,NSR,SSW,DRY,DAY,SINGLE,LIGHT,FINE,RES,NONPOW
DEPOT,NSM,SSW,DRY,DAY,BUS,NO,FINE,RES,EMP
DEPOT,MIR,SSW,DRY,DAY,SINGLE,LIGHT,FINE,OTHERBUS,EMP
DEPOT,MIR,SSW,DRY,DAY,SINGLE,NO,FINE,RES,EMP
DEPOT,NSM,SSW,DRY,DAY,BUS,LIGHT,FINE,RES,EMP
DEPOT,NSR,SSW,DRY,DAY,BUS,LIGHT,FINE,UNREP,OTH
DEPOT,NSM,SSW,WET,DAY,BUS,NO,FINE,RES,EMP
DEPOT,NSR,TAI,DRY,NIGHT,BUS,NO,FINE,RES,EMP
DEPOT,NSM,TAI,DRY,DAY,MULTI,LIGHT,FINE,RES,EMP
DEPOT,WIN,SSW,DRY,DAY,SINGLE,LIGHT,FINE,UNREP,EMP
DEPOT,NSR,SSW,DRY,DAY,SINGLE,LIGHT,FINE,RES,EMP
RAD,NSR,SSW,DRY,NIGHT,SINGLE,LIGHT,RAIN,RES,EMP
DEPOT,NSR,REVERSING,DRY,DAY,SINGLE,NO,FINE,RES,EMP
DEPOT,OSF,SSW,DRY,DAY,SINGLE,LIGHT,FINE,RES,EMP
DEPOT,OSR,SSW,DRY,NIGHT,SINGLE,NO,FINE,OTHERBUS,EMP
DEPOT,NSR,SSW,DRY,DAY,SINGLE,LIGHT,FINE,RES,EMP
DEPOT,MIR,SSW,DRY,DAY,SINGLE,LIGHT,FINE,RES,EMP
DEPOT,NSR,SSW,DRY,DAY,BUS,NO,FINE,RES,EMP
DEPOT,NSF,SSW,DRY,NIGHT,SINGLE,NO,FINE,RES,BUS - OTHER
DEPOT,OSR,SSW,DRY,DAY,SINGLE,NO,FINE,RES,EMP
DEPOT,NSR,REVERSING,DRY,DAY,SINGLE,NO,FINE,RES,BUS - OTHER
DEPOT,REAR,SSW,WET,DAY,BUS,NO,RAIN,RES,EMP
DEPOT,NSM,SSW,DRY,DAWN,SINGLE,NO,FINE,RES,EMP
DEPOT,NSF,SSW,DRY,DAY,SINGLE,NO,FINE,RES,BUS - OTHER
DEPOT,FRNT,SSW,DRY,DAY,SINGLE,LIGHT,FINE,UNREP,EMP
DEPOT,MIR,SSW,DRY,DAY,SINGLE,LIGHT,FINE,OTHERBUS,CARS TRUCKS
DEPOT,MIR,SSW,DRY,DAY,SINGLE,LIGHT,FINE,RES,EMP
DEPOT,FRNT,HON,DRY,DAY,SINGLE,LIGHT,FINE,RES,PL&EQ
DEPOT,MIR,SSW,WET,DAY,MULTI,NO,FINE,OTHERBUS,BUS - OTHER
DEPOT,REAR,TAI,DRY,DAY,SINGLE,LIGHT,FINE,UNREP,OTH
DEPOT,NSM,SSW,DRY,DAY,SINGLE,LIGHT,FINE,UNREP,EMP
DEPOT,NSM,HON,DRY,DAY,SINGLE,NO,FINE,RES,EMP
DEPOT,OSR,SSW,DRY,DAY,SINGLE,LIGHT,FINE,UNREP,OTH
RAD,NSF,SSW,DRY,DAY,SINGLE,LIGHT,FINE,UNREP,BUS - OTHER
DEPOT,NSM,SSW,DRY,DAY,SINGLE,LIGHT,FINE,RES,EMP
RAD,NSR,SSW,DRY,DAY,SINGLE,LIGHT,FINE,UNREP,CARS TRUCKS
DEPOT,NSM,SSW,DRY,DAY,SINGLE,NO,FINE,RES,EMP
DEPOT,NSM,SSW,DRY,DAY,SINGLE,LIGHT,FINE,OTHERBUS,CARS TRUCKS
DEPOT,MIR,SSW,DRY,DAY,SINGLE,LIGHT,FINE,INCIDENT,PL&EQ
DEPOT,FRNT,HON,DRY,DAY,SINGLE,LIGHT,FINE,RES,POW
RAD,NSR,SSW,DRY,NIGHT,SINGLE,NO,FINE,UNREP,EMP
DEPOT,OSM,SSW,DRY,DAY,SINGLE,LIGHT,FINE,UNREP,EMP
DEPOT,NSM,SSW,DRY,DAY,BUS,NO,FINE,RES,EMP
RAD,MIR,SSW,DRY,DAY,SINGLE,MODERATE,FINE,UN3PAR,CARS TRUCKS
DEPOT,MIR,SSW,DRY,DAY,SINGLE,LIGHT,FINE,RES,EMP
DEPOT,REAR,ROO,DRY,DAY,SINGLE,LIGHT,FINE,INCIDENT,OTH
RAD,NSR,SSW,DRY,DAY,SINGLE,LIGHT,FINE,UNREP,EMP
DEPOT,REAR,BTMO,DRY,DAY,SINGLE,LIGHT,FINE,RES,EMP
RAD,NSR,SSW,DRY,DAY,SINGLE,LIGHT,FINE,UNREP,OTH
DEPOT,TOPR,SSW,DRY,DAY,SINGLE,NO,FINE,OTHERBUS,EMP
DEPOT,NSM,SSW,DRY,DAY,SINGLE,NO,FINE,RES,EMP
RAD,NSR,SSW,DRY,DAY,SINGLE,LIGHT,FINE,OTHERBUS,EMP
DEPOT,NSF,SSW,DRY,DAY,BUS,NO,FINE,RES,BUS - OTHER
DEPOT,FRNT,BTMO,DRY,DAY,SINGLE,LIGHT,FINE,OTHERBUS,EMP
DEPOT,MIR,SSW,DRY,DAY,SINGLE,NO,FINE,OTHERBUS,EMP
RAD,NSR,SSW,DRY,DAY,SINGLE,LIGHT,FINE,UNREP,EMP
DEPOT,MIR,TAI,DRY,DAY,SINGLE,LIGHT,FINE,OTHERBUS,EMP
DEPOT,NSR,TAI,DRY,DAY,SINGLE,NO,FINE,RES,EMP
RAD,NSR,SSW,DRY,DAY,SINGLE,LIGHT,FINE,RES,BUS - OTHER
DEPOT,MIR,SSW,DRY,DAY,SINGLE,NO,FINE,RES,BUS - OTHER
DEPOT,REAR,N2T,DRY,DAY,SINGLE,NO,FINE,RES,EMP
DEPOT,NSR,TAI,DRY,DAY,SINGLE,LIGHT,FINE,RES,EMP
DEPOT,MIR,HON,WET,DAY,SINGLE,NO,FINE,RES,EMP
DEPOT,MIR,SSW,WET,NIGHT,BUS,NO,RAIN,RES,BUS - OTHER
DEPOT,MIR,SSW,DRY,DAY,SINGLE,LIGHT,FINE,OTHERBUS,EMP
DEPOT,OSR,BTMO,DRY,DAY,BUS,MODERATE,FINE,RES,EMP
DEPOT,WSRE,REVERSING,DRY,DAY,SINGLE,LIGHT,FINE,RES,EMP
RAD,NSM,SSW,DRY,DAY,SINGLE,NO,FINE,UNREP,EMP
DEPOT,NSR,TAI,DRY,DAY,SINGLE,NO,FINE,RES,EMP
DEPOT,MIR,SSW,DRY,DAY,SINGLE,LIGHT,FINE,RES,EMP
RAD,NSR,SSW,DRY,NIGHT,SINGLE,LIGHT,FINE,UNREP,EMP
DEPOT,MIR,SSW,DRY,NIGHT,SINGLE,LIGHT,FINE,RES,EMP
DEPOT,FRNT,SSW,DRY,DAY,SINGLE,LIGHT,FINE,UNREP,EMP
DEPOT,MIR,SSW,DRY,DAY,SINGLE,LIGHT,FINE,OTHERBUS,EMP
DEPOT,FRNT,SSW,DRY,DAY,SINGLE,LIGHT,FINE,RES,BUS - OTHER
RAD,NSR,SSW,DRY,DAY,SINGLE,LIGHT,FINE,UNREP,EMP
DEPOT,OSR,SSW,DRY,DAY,SINGLE,LIGHT,FINE,RES,BUS - OTHER
RAD,NSR,SSW,DRY,DAY,SINGLE,LIGHT,FINE,UNREP,EMP
DEPOT,OSM,SSW,DRY,DAY,SINGLE,NO,FINE,UNREP,EMP
RAD,NSR,SSW,DRY,DAY,SINGLE,LIGHT,FINE,RES,EMP
DEPOT,NSR,SSW,DRY,DAY,SINGLE,LIGHT,FINE,UNREP,EMP
RAD,WSRE,SSW,DRY,DAY,SINGLE,NO,FINE,UNREP,OTH
DEPOT,OSR,TAI,DRY,DAY,SINGLE,NO,FINE,RES,EMP
DEPOT,NSR,TAI,DRY,DAY,SINGLE,LIGHT,FINE,RES,EMP
DEPOT,OSR,SSW,WET,DAY,SINGLE,LIGHT,RAIN,RES,EMP
RAD,OSM,SSW,DRY,DAY,SINGLE,LIGHT,FINE,UNREP,EMP
DEPOT,NSR,SSW,DRY,NIGHT,SINGLE,NO,FINE,RES,EMP
DEPOT,NSM,SSW,DRY,DAY,SINGLE,NO,FINE,RES,EMP
DEPOT,MIR,REVERSING,DRY,DAY,BUS,NO,FINE,RES,EMP
DEPOT,NSR,SSW,DRY,DAY,SINGLE,LIGHT,FINE,UNREP,OTH
DEPOT,REAR,REVERSING,DRY,DAY,BUS,NO,FINE,RES,BUS - OTHER
DEPOT,REAR,SSW,WET,DAY,BUS,NO,FINE,INCIDENT,OTH
DEPOT,NSR,SSW,WET,NIGHT,BUS,NO,RAIN,RES,BUS - OTHER
DEPOT,NSM,SSW,DRY,DAY,SINGLE,NO,FINE,RES,EMP
DEPOT,NSR,REVERSING,DRY,DUSK,SINGLE,NO,FINE,RES,BUS - OTHER
DEPOT,OSR,REVERSING,WET,DAY,SINGLE,NO,RAIN,RES,CARS TRUCKS
DEPOT,NSR,SSW,DRY,DAY,SINGLE,LIGHT,FINE,UNREP,EMP
DEPOT,NSR,SSW,DRY,DAY,SINGLE,LIGHT,FINE,UNREP,EMP
DEPOT,OSR,REVERSING,DRY,DAWN,BUS,NO,FINE,RES,EMP
RAD,NSR,SSW,DRY,DAY,SINGLE,LIGHT,FINE,UNREP,OTH
RAD,NSM,SSW,DRY,DAY,SINGLE,EXTREME,FINE,RES,BUS - OTHER
RAD,NSR,SSW,DRY,DAY,SINGLE,LIGHT,FINE,RES,EMP
DEPOT,OSR,SSW,DRY,DUSK,BUS,NO,FINE,INCIDENT,CARS TRUCKS
DEPOT,OSF,REVERSING,DRY,NIGHT,BUS,NO,FINE,RES,EMP
DEPOT,NSM,SSW,DRY,DAY,SINGLE,NO,FINE,RES,EMP
RAD,OSR,SSW,WET,DAY,SINGLE,MODERATE,RAIN,NRES,ROA
DEPOT,OSR,REVERSING,DRY,NIGHT,BUS,NO,FINE,RES,EMP
RAD,REAR,SSW,DRY,NIGHT,SINGLE,NO,FINE,RES,EMP
RAD,FRNT,SSW,DRY,DAY,SINGLE,LIGHT,FINE,UNREP,OTH
RAD,NSR,SSW,DRY,DAY,SINGLE,LIGHT,FINE,UNREP,OTH
RAD,NSR,SSW,DRY,DAY,SINGLE,LIGHT,FINE,UNREP,OTH
DEPOT,FRNT,SSW,DRY,DAY,SINGLE,LIGHT,FINE,UNREP,OTH
DEPOT,REAR,REVERSING,DRY,DAWN,SINGLE,NO,FINE,RES,BUS - OTHER
TIN,REAR,N2T,DRY,DUSK,MULTI,MODERATE,FINE,NRES,CARS TRUCKS
DEPOT,NSM,SSW,DRY,DAY,BUS,LIGHT,FINE,RES,EMP
DEPOT,NSR,SSW,DRY,DAY,SINGLE,LIGHT,FINE,UNREP,OTH
DEPOT,FRNT,SSW,DRY,DUSK,SINGLE,NO,SUN,RES,EMP
DEPOT,OSR,REVERSING,WET,DAY,SINGLE,LIGHT,RAIN,RES,CARS TRUCKS
DEPOT,OSR,REVERSING,DRY,DAY,SINGLE,LIGHT,FINE,NRES,BUS - OTHER
DEPOT,NSR,REVERSING,DRY,DUSK,SINGLE,LIGHT,FINE,RES,EMP
DEPOT,NSR,REVERSING,DRY,DAY,SINGLE,NO,FINE,RES,EMP
DEPOT,OSR,SSW,DRY,DAY,SINGLE,LIGHT,FINE,RES,EMP
DEPOT,OSR,REVERSING,DRY,DAY,MULTI,NO,FINE,RES,CARS TRUCKS
DEPOT,NSF,SSW,DRY,DAY,SINGLE,LIGHT,FINE,RES,BUS - OTHER
XRD,REAR,N2T,DRY,DAY,SINGLE,HEAVY,FINE,UN3PAR,CARS TRUCKS
RAD,NSF,SSW,DRY,DAY,SINGLE,LIGHT,FINE,UNREP,OTH
RAD,REAR,SSW,DRY,DAWN,SINGLE,LIGHT,FINE,UNREP,OTH
RAD,NSF,HON,DRY,DAY,SINGLE,MODERATE,FINE,RES,EMP
DEPOT,NSR,REVERSING,DRY,DAY,SINGLE,LIGHT,FINE,RES,EMP
DEPOT,OSF,SSW,DRY,DAY,SINGLE,LIGHT,FINE,UNREP,OTH
DEPOT,NSM,SSW,WET,NIGHT,SINGLE,NO,RAIN,RES,EMP
DEPOT,WSRE,REVERSING,DRY,DAY,SINGLE,LIGHT,FINE,RES,EMP
RAD,NSR,SSW,DRY,DAY,SINGLE,LIGHT,FINE,UNREP,OTH
DEPOT,NSF,REVERSING,DRY,DAY,SINGLE,NO,FINE,RES,CARS TRUCKS
RAD,NSR,SSW,DRY,DAY,SINGLE,LIGHT,FINE,UNREP,OTH
RAD,NSR,SSW,DRY,DAY,SINGLE,LIGHT,FINE,RES,EMP
DEPOT,REAR,REVERSING,DRY,DAY,BUS,NO,FINE,RES,EMP
RAD,OSF,SSW,DRY,DAY,SINGLE,LIGHT,FINE,RES,EMP
RAD,NSR,SSW,DRY,DAY,SINGLE,LIGHT,FINE,UNREP,OTH
DEPOT,REAR,N2T,DRY,DAY,SINGLE,LIGHT,FINE,RES,EMP
DEPOT,FRNT,REVERSING,DRY,DAY,SINGLE,LIGHT,FINE,NRES,BUS - OTHER
DEPOT,REAR,REVERSING,DRY,DAY,SINGLE,NO,FINE,RES,EMP
DEPOT,REAR,SSW,DRY,DAY,SINGLE,LIGHT,FINE,RES,EMP
DEPOT,NSR,SSW,DRY,DAY,SINGLE,LIGHT,FINE,RES,EMP
RAD,NSR,SSW,DRY,DAY,SINGLE,LIGHT,FINE,UNREP,EMP
DEPOT,NSR,REVERSING,DRY,DAY,SINGLE,LIGHT,FINE,RES,EMP
RAD,OSR,SSW,DRY,DUSK,SINGLE,LIGHT,FINE,RES,EMP
DEPOT,FRNT,REVERSING,DRY,DAY,SINGLE,LIGHT,FINE,RES,EMP
DEPOT,NSF,TBO,DRY,NIGHT,BUS,NO,FINE,RES,EMP
DEPOT,OSR,SSW,WET,NIGHT,SINGLE,NO,RAIN,RES,EMP
RAD,NSR,BTMO,DRY,DAY,SINGLE,MODERATE,FINE,RES,BUS - OTHER
DEPOT,FRNT,HON,DRY,NIGHT,SINGLE,LIGHT,FINE,RES,EMP
DEPOT,NSR,SSW,DRY,NIGHT,SINGLE,NO,FINE,RES,EMP
DEPOT,NSR,REVERSING,DRY,NIGHT,SINGLE,LIGHT,FINE,NRES,EMP
RAD,NSR,SSW,DRY,DAY,SINGLE,LIGHT,FINE,UNREP,OTH
DEPOT,OSM,SSW,DRY,NIGHT,SINGLE,LIGHT,FINE,RES,BUS - OTHER
RAD,TOPM,SSW,DRY,DAY,SINGLE,LIGHT,FINE,UNREP,OTH
DEPOT,FRNT,SSW,DRY,DAY,SINGLE,LIGHT,FINE,UNREP,BUS - OTHER
RAD,NSM,SSW,DRY,DAY,SINGLE,LIGHT,FINE,NRES,EMP
DEPOT,NSR,SSW,DRY,DAY,SINGLE,LIGHT,FINE,UNREP,EMP
DEPOT,OSR,SSW,DRY,DAY,SINGLE,LIGHT,FINE,UNREP,OTH
DEPOT,REAR,SSW,WET,DAWN,SINGLE,NO,FINE,RES,EMP
DEPOT,NSR,SSW,DRY,DAY,SINGLE,LIGHT,FINE,UNREP,EMP
DEPOT,NSR,REVERSING,DRY,DAY,BUS,NO,FINE,RES,EMP
RAD,REAR,SSW,DRY,DAY,SINGLE,LIGHT,FINE,RES,EMP
RAD,NSF,SSW,DRY,DAY,SINGLE,LIGHT,FINE,RES,EMP
RAD,NSF,SSW,DRY,DAY,SINGLE,LIGHT,FINE,UNREP,OTH
RAD,NSR,SSW,DRY,DAY,SINGLE,LIGHT,FINE,UNREP,OTH
DEPOT,REAR,REVERSING,DRY,DAY,MULTI,NO,FINE,RES,CARS TRUCKS
RAD,NSF,SSW,DRY,DAY,SINGLE,LIGHT,FINE,RES,EMP
RAD,OSR,SSW,DRY,DAY,SINGLE,LIGHT,FINE,RES,EMP
RAD,NSR,SSW,DRY,DAY,SINGLE,LIGHT,FINE,RES,EMP
RAD,NSM,SSW,DRY,DAY,SINGLE,LIGHT,FINE,UNREP,OTH
RAD,FRNT,SSW,DRY,DAY,SINGLE,LIGHT,FINE,UNREP,OTH
DEPOT,OSR,SSW,WET,DAY,SINGLE,NO,FINE,RES,EMP
RAD,NSR,SSW,DRY,DAY,SINGLE,LIGHT,FINE,RES,EMP
DEPOT,OSF,TAI,DRY,DAY,SINGLE,LIGHT,FINE,NRES,CARS TRUCKS
RAD,OSR,SSW,DRY,DAY,SINGLE,LIGHT,FINE,RES,EMP
RAD,NSM,SSW,DRY,DAY,SINGLE,LIGHT,FINE,RES,EMP
DEPOT,NSR,SSW,DRY,NIGHT,SINGLE,NO,FINE,RES,EMP
RAD,NSR,SSW,DRY,DAY,SINGLE,LIGHT,FINE,UNREP,OTH
DEPOT,NSR,SSW,WET,DUSK,SINGLE,NO,RAIN,RES,EMP
DEPOT,MIR,TAI,DRY,DAWN,BUS,NO,FINE,RES,EMP
RAD,REAR,SSW,DRY,DAY,SINGLE,LIGHT,FINE,INCIDENT,OTH
RAD,TOPM,ROO,DRY,DAWN,MULTI,NO,FINE,INCIDENT,CARS TRUCKS
RAD,NSM,SSW,DRY,DAY,MULTI,LIGHT,FINE,NRES,CARS TRUCKS
DEPOT,MIR,SSW,DRY,DAY,SINGLE,LIGHT,FINE,RES,EMP
DEPOT,NSF,TBO,DRY,DAWN,SINGLE,NO,FINE,RES,EMP
DEPOT,OSM,SSW,DRY,DAY,SINGLE,LIGHT,FINE,RES,CARS TRUCKS
RAD,NSR,SSW,DRY,DAY,SINGLE,LIGHT,FINE,UNREP,OTH
DEPOT,OSM,SSW,DRY,DAY,SINGLE,LIGHT,FINE,NRES,BUS - OTHER
DEPOT,NSR,REVERSING,DRY,DAY,SINGLE,LIGHT,FINE,RES,EMP
DEPOT,OSR,REVERSING,WET,NIGHT,MULTI,NO,RAIN,RES,EMP
RAD,OSR,SSW,DRY,DAY,SINGLE,LIGHT,FINE,UNREP,OTH
RAD,NSR,SSW,DRY,DAY,SINGLE,LIGHT,FINE,UNREP,OTH
DEPOT,NSR,SSW,DRY,DAY,SINGLE,LIGHT,FINE,UNREP,BUS - OTHER
DEPOT,NSR,SSW,DRY,DAY,SINGLE,LIGHT,FINE,UNREP,OTH
DEPOT,OSR,SSW,DRY,DAY,SINGLE,LIGHT,FINE,RES,EMP
DEPOT,NSR,TAI,WET,DAY,SINGLE,LIGHT,RAIN,RES,CARS TRUCKS
RAD,NSF,SSW,DRY,DAY,SINGLE,LIGHT,FINE,UNREP,OTH
DEPOT,NSR,REVERSING,DRY,DAY,SINGLE,NO,FINE,RES,EMP