location_code,damage_code,collision_code,road_code,light_code,road_type_code,traffic_code,weather_code,emp_liability_code,kpi_cause_code
DEPOT,MIR,SSW,DRY,DAY,SINGLE,LIGHT,FINE,UNREP,EMP
DEPOT,REAR,REVERSING,DRY,DAY,SINGLE,LIGHT,FINE,RES,EMP
DEPOT,NSR,SSW,DRY,DAY,SINGLE,LIGHT,FINE,UNREP,OTH
RAD,NSR,SSW,DRY,DAY,SINGLE,LIGHT,FINE,UNREP,OTH
DEPOT,REAR,REVERSING,DRY,DAY,SINGLE,NO,FINE,RES,EMP
DEPOT,NSR,SSW,DRY,DAY,SINGLE,LIGHT,FINE,UNREP,OTH
DEPOT,NSR,SSW,DRY,DAY,SINGLE,LIGHT,FINE,UNREP,OTH
DEPOT,NSR,SSW,DRY,DAY,SINGLE,LIGHT,FINE,UNREP,OTH
DEPOT,NSM,SSW,DRY,NIGHT,SINGLE,HEAVY,FINE,RES,EMP
RAD,NSR,SSW,DRY,DAY,SINGLE,LIGHT,FINE,RES,EMP
DEPOT,OSM,REVERSING,DRY,DAY,SINGLE,LIGHT,FINE,INCIDENT,OTH
DEPOT,NSR,SSW,DRY,DAY,BUS,NO,FINE,RES,EMP
DEPOT,NSR,SSW,DRY,DAY,SINGLE,LIGHT,FINE,UNREP,OTH
DEPOT,REAR,REVERSING,DRY,DAY,SINGLE,NO,FINE,RES,CARS TRUCKS
DEPOT,NSM,REVERSING,DRY,NIGHT,BUS,NO,FINE,RES,EMP
DEPOT,OSF,SSW,DRY,DAY,SINGLE,LIGHT,FINE,UNREP,OTH
DEPOT,NSR,SSW,DRY,DAY,SINGLE,LIGHT,FINE,UNREP,OTH
RAD,NSR,SSW,DRY,DAY,SINGLE,LIGHT,FINE,UNREP,OTH
RAD,NSR,SSW,DRY,DAY,SINGLE,LIGHT,FINE,UNREP,OTH
DEPOT,OSR,SSW,DRY,NIGHT,SINGLE,NO,FINE,OTHERBUS,BUS - OTHER
DEPOT,OSR,REVERSING,WET,DAY,MULTI,LIGHT,FINE,RES,BUS - OTHER
DEPOT,NSM,SSW,DRY,DAY,BUS,NO,FINE,RES,EMP
RAD,NSR,SSW,DRY,DAY,SINGLE,LIGHT,FINE,UNREP,OTH
DEPOT,FRNT,SSW,DRY,DAY,SINGLE,LIGHT,FINE,RES,BUS - OTHER
RAD,NSR,SSW,WET,DAY,MULTI,LIGHT,RAIN,NRES,EMP
DEPOT,REAR,SSW,DRY,DAY,SINGLE,LIGHT,FINE,UNREP,OTH
DEPOT,MIR,SSW,DRY,DAY,SINGLE,LIGHT,FINE,RES,EMP
RAD,NSF,HON,DRY,DAY,SINGLE,HEAVY,FINE,RES,CARS TRUCKS
RAD,NSR,SSW,DRY,DAY,SINGLE,LIGHT,FINE,UNREP,OTH
RAD,NSR,SSW,DRY,DAY,SINGLE,LIGHT,FINE,UNREP,OTH
DEPOT,REAR,REVERSING,DRY,DUSK,MULTI,NO,FINE,RES,CARS TRUCKS
DEPOT,OSR,REVERSING,DRY,DAY,SINGLE,NO,FINE,RES,CARS TRUCKS
DEPOT,NSF,SSW,DRY,DAY,SINGLE,NO,FINE,RES,EMP
DEPOT,NSF,SSW,DRY,DAY,SINGLE,HEAVY,FOG,INCIDENT,EMP
RAD,NSR,SSW,DRY,DAY,SINGLE,LIGHT,FINE,UNREP,OTH
DEPOT,OSR,REVERSING,DRY,DAY,SINGLE,NO,FINE,RES,EMP
DEPOT,OSR,REVERSING,DRY,DAY,BUS,NO,FINE,RES,BUS - OTHER
DEPOT,NSR,SSW,DRY,DAY,MULTI,NO,FINE,RES,CARS TRUCKS
DEPOT,NSF,SSW,DRY,DAY,SINGLE,NO,FINE,OTHERBUS,BUS - OTHER
DEPOT,REAR,REVERSING,DRY,DAY,SINGLE,LIGHT,FINE,RES,BUS - OTHER
RAD,OSM,SSW,DRY,DAY,SINGLE,LIGHT,FINE,RES,EMP
RAD,OSM,SSW,DRY,DAY,SINGLE,LIGHT,FINE,RES,EMP
DEPOT,FRNT,HON,DRY,DAY,SINGLE,NO,FINE,RES,BUS - OTHER
DEPOT,NSR,REVERSING,WET,DAWN,SINGLE,NO,RAIN,RES,EMP
DEPOT,OSF,SSW,DRY,DAY,SINGLE,LIGHT,FINE,RES,EMP
DEPOT,NSR,SSW,DRY,DAY,SINGLE,LIGHT,FINE,UNREP,OTH
DEPOT,NSM,SSW,DRY,DAY,SINGLE,LIGHT,FINE,UNREP,OTH
RAD,NSR,SSW,DRY,DAY,SINGLE,LIGHT,FINE,UNREP,OTH
RAD,OSR,SSW,DRY,DAY,SINGLE,LIGHT,FINE,NRES,GEN
RAD,NSR,SSW,DRY,DAY,SINGLE,LIGHT,FINE,UNREP,OTH
RAD,NSR,SSW,DRY,DAY,SINGLE,LIGHT,FINE,UNREP,OTH
RAD,NSR,SSW,DRY,DAY,SINGLE,LIGHT,FINE,UNREP,OTH
DEPOT,FRNT,SSW,DRY,NIGHT,BUS,NO,FOG,OTHERBUS,BUS - OTHER
DEPOT,OSF,SSW,DRY,NIGHT,SINGLE,LIGHT,FINE,NRES,EMP
DEPOT,OSF,TAI,DRY,DAY,SINGLE,LIGHT,FINE,OTHERBUS,EMP
DEPOT,NSR,TAI,DRY,DAY,BUS,NO,FINE,RES,EMP
RAD,NSR,SSW,DRY,DAY,SINGLE,LIGHT,FINE,UNREP,EMP
DEPOT,NSR,TAI,WET,DAWN,SINGLE,NO,RAIN,RES,EMP
DEPOT,REAR,REVERSING,DRY,DAY,BUS,NO,FINE,RES,EMP
DEPOT,WSRE,N2T,DRY,DAY,BUS,NO,FINE,NRES,EMP
DEPOT,OSF,REVERSING,DRY,DAY,MULTI,LIGHT,FINE,NRES,EMP
DEPOT,MIR,SSW,DRY,DAY,SINGLE,NO,FINE,RES,EMP
RAD,NSR,SSW,DRY,DAY,SINGLE,LIGHT,FINE,RES,EMP
DEPOT,NSR,REVERSING,DRY,DAY,SINGLE,NO,FINE,RES,EMP
DEPOT,NSR,REVERSING,DRY,DAY,SINGLE,LIGHT,FINE,RES,EMP
DEPOT,NSR,REVERSING,DRY,DAY,MULTI,LIGHT,FINE,RES,EMP
DEPOT,NSR,SSW,DRY,DAY,SINGLE,LIGHT,FINE,UNREP,EMP
DEPOT,OSF,SSW,DRY,DAWN,MULTI,NO,FINE,RES,BUS - OTHER
DEPOT,MIR,SSW,WET,DAY,BUS,NO,FINE,RES,BUS - OTHER
DEPOT,NSR,REVERSING,DRY,DAWN,SINGLE,NO,FINE,RES,EMP
DEPOT,OSM,REVERSING,DRY,NIGHT,SINGLE,NO,FINE,RES,EMP
DEPOT,NSM,SSW,DRY,DAY,BUS,NO,FINE,RES,EMP
DEPOT,MIR,SSW,DRY,DAY,SINGLE,NO,FINE,RES,EMP
RAD,NSR,SSW,DRY,DAY,SINGLE,LIGHT,FINE,RES,EMP
RAD,OSR,SSW,DRY,DAY,SINGLE,LIGHT,FINE,RES,EMP
DEPOT,REAR,REVERSING,DRY,DAY,SINGLE,NO,FINE,RES,EMP
RAD,NSR,SSW,DRY,DAWN,SINGLE,NO,FINE,RES,EMP
DEPOT,FRNT,N2T,DRY,DAY,SINGLE,LIGHT,FINE,INCIDENT,CARS TRUCKS
RAD,NSM,SSW,DRY,DAY,SINGLE,LIGHT,FINE,INCIDENT,GEN
RAD,NSF,SSW,SLIP,DUSK,FREE,LIGHT,RAIN,RES,EMP
DEPOT,OSR,REVERSING,DRY,DAY,SINGLE,LIGHT,FINE,RES,EMP
DEPOT,NSM,SSW,DRY,DAY,SINGLE,NO,FINE,RES,EMP
DEPOT,NSM,SSW,DRY,DAY,SINGLE,LIGHT,FINE,NRES,EMP
RAD,NSR,SSW,DRY,DAY,SINGLE,NO,FINE,RES,EMP
RAD,NSM,SSW,DRY,DAY,SINGLE,LIGHT,FINE,UNREP,BUS - OTHER
DEPOT,FRNT,SSW,DRY,DAY,SINGLE,LIGHT,FINE,NRES,BUS - OTHER
DEPOT,REAR,SSW,DRY,DAY,SINGLE,LIGHT,FINE,OTHERBUS,EMP
DEPOT,NSM,SSW,WET,DAY,SINGLE,NO,RAIN,RES,EMP
RAD,FRNT,SSW,DRY,DAY,MULTI,MODERATE,FINE,NRES,CARS TRUCKS
RAD,REAR,SSW,DRY,DAY,SINGLE,LIGHT,FINE,RES,EMP
DEPOT,NSR,REVERSING,DRY,DAY,MULTI,NO,FINE,RES,EMP
DEPOT,OSM,SSW,DRY,DAY,SINGLE,LIGHT,FINE,RES,EMP
RAD,TOPM,SSW,DRY,DAY,SINGLE,MODERATE,FINE,INCIDENT,OTH
DEPOT,FRNT,SSW,DRY,DAY,SINGLE,NO,FINE,NRES,CARS TRUCKS
DEPOT,NSR,SSW,DRY,DUSK,SINGLE,NO,FINE,RES,EMP
RAD,NSR,SSW,DRY,DAY,SINGLE,LIGHT,FINE,UNREP,OTH
RAD,REAR,SSW,DRY,DAY,SINGLE,LIGHT,FINE,UNREP,EMP
DEPOT,OSR,SSW,DRY,DAY,SINGLE,NO,FINE,RES,EMP
DEPOT,NSM,SSW,DRY,DAY,SINGLE,LIGHT,FINE,RES,EMP
DEPOT,OSR,REVERSING,DRY,DAY,SINGLE,NO,FINE,RES,CARS TRUCKS
RAD,REAR,N2T,DRY,DAY,MULTI,MODERATE,FINE,NRES,CARS TRUCKS
RAD,NSF,SSW,DRY,DAY,SINGLE,LIGHT,FINE,RES,EMP
DEPOT,OSR,HON,DRY,NIGHT,SINGLE,NO,FINE,RES,EMP
RAD,OSM,SSW,DRY,DAY,SINGLE,LIGHT,FINE,RES,CARS TRUCKS
RAD,NSR,SSW,DRY,DAY,SINGLE,LIGHT,FINE,UNREP,OTH
DEPOT,OSR,SSW,DRY,DAY,SINGLE,LIGHT,FINE,RES,EMP
DEPOT,NSM,SSW,DRY,DAY,SINGLE,NO,FINE,RES,EMP
RAD,NSR,SSW,DRY,DAY,SINGLE,LIGHT,FINE,UNREP,OTH
DEPOT,FRNT,SSW,DRY,NIGHT,SINGLE,LIGHT,FINE,OTHERBUS,BUS - OTHER
DEPOT,NSM,SSW,WET,DAY,BUS,NO,FINE,RES,EMP
DEPOT,OSR,REVERSING,WET,DAY,MULTI,NO,FINE,RES,EMP
DEPOT,NSR,SSW,WET,DAY,SINGLE,NO,FINE,RES,CARS TRUCKS
RAD,NSR,SSW,DRY,DAY,SINGLE,LIGHT,FINE,UNREP,OTH
DEPOT,REAR,N2T,DRY,DAY,SINGLE,LIGHT,FINE,RES,EMP
DEPOT,NSR,SSW,WET,DUSK,MULTI,NO,RAIN,RES,EMP
RAD,NSM,SSW,DRY,DAY,SINGLE,LIGHT,FINE,UNREP,OTH
RAD,NSR,SSW,DRY,DAY,SINGLE,LIGHT,FINE,UNREP,OTH
DEPOT,MIR,SSW,DRY,DAY,BUS,NO,FINE,OTHERBUS,EMP
DEPOT,NSR,REVERSING,WET,DUSK,SINGLE,NO,RAIN,RES,EMP
DEPOT,OSR,REVERSING,DRY,DAY,MULTI,NO,FINE,RES,EMP
DEPOT,OSF,REVERSING,DRY,DAY,MULTI,NO,FINE,NRES,EMP
RAD,NSR,SSW,DRY,DAY,SINGLE,LIGHT,FINE,UNREP,OTH
RAD,NSR,SSW,DRY,DAY,SINGLE,LIGHT,FINE,UNREP,EMP
RAD,NSR,SSW,DRY,DAY,SINGLE,LIGHT,FINE,UNREP,OTH
DEPOT,NSR,SSW,DRY,DAY,BUS,NO,FINE,RES,EMP
DEPOT,NSR,REVERSING,DRY,DAY,SINGLE,NO,FINE,RES,EMP
DEPOT,NSF,REVERSING,DRY,DAY,SINGLE,NO,FINE,RES,EMP
BSP,FRNT,REVERSING,DRY,DAY,BUS,NO,FINE,RES,EMP
DEPOT,REAR,TAI,DRY,NIGHT,SINGLE,NO,FINE,RES,EMP
DEPOT,OSR,SSW,DRY,DAY,SINGLE,NO,FINE,NRES,BUS - OTHER
DEPOT,NSR,SSW,DRY,DAY,SINGLE,NO,FINE,RES,EMP
RAD,NSR,SSW,DRY,DAY,SINGLE,LIGHT,FINE,UNREP,OTH
RAD,NSF,SSW,DRY,DAY,MULTI,LIGHT,FINE,RES,EMP
DEPOT,NSR,SSW,DRY,DAY,SINGLE,LIGHT,FINE,RES,EMP
DEPOT,NSR,REVERSING,DRY,DAY,SINGLE,LIGHT,FINE,RES,EMP
RAD,NSR,SSW,DRY,DAY,SINGLE,LIGHT,FINE,UNREP,EMP
DEPOT,NSR,REVERSING,DRY,DAY,SINGLE,NO,FINE,RES,EMP
DEPOT,FRNT,REVERSING,DRY,DAY,SINGLE,NO,FINE,RES,EMP
DEPOT,NSR,SSW,DRY,DAY,SINGLE,LIGHT,FINE,RES,EMP
DEPOT,NSR,SSW,DRY,DAY,SINGLE,LIGHT,FINE,UNREP,OTH
DEPOT,NSR,TAI,DRY,DAWN,SINGLE,NO,FINE,RES,EMP
BSP,NSR,SSW,DRY,DAY,BUS,NO,FINE,RES,EMP
DEPOT,NSR,SSW,DRY,NIGHT,SINGLE,NO,FINE,RES,EMP
DEPOT,REAR,REVERSING,WET,NIGHT,SINGLE,NO,RAIN,RES,EMP
DEPOT,OSF,REVERSING,WET,NIGHT,SINGLE,NO,RAIN,NRES,EMP
RAD,NSR,SSW,DRY,DAY,SINGLE,LIGHT,FINE,NRES,CARS TRUCKS
DEPOT,NSR,SSW,DRY,DAY,SINGLE,NO,FINE,RES,EMP
RAD,NSR,SSW,DRY,DAY,SINGLE,LIGHT,FINE,RES,EMP
DEPOT,NSR,REVERSING,DRY,NIGHT,SINGLE,NO,FINE,RES,EMP
BSP,NSM,SSW,DRY,DAY,SINGLE,LIGHT,FINE,RES,EMP
DEPOT,NSR,REVERSING,DRY,DUSK,SINGLE,NO,FINE,RES,EMP
BSP,MIR,SSW,DRY,DAY,BUS,LIGHT,FINE,RES,EMP
DEPOT,REAR,SSW,WET,NIGHT,BUS,NO,FINE,RES,EMP
DEPOT,REAR,REVERSING,DRY,DAY,SINGLE,LIGHT,FINE,RES,EMP
RAD,OSR,SSW,DRY,DAY,SINGLE,LIGHT,FINE,PEND,EMP
RAD,WSRE,SSW,WET,DAY,MULTI,MODERATE,RAIN,RES,EMP
DEPOT,NSF,SSW,DRY,DAY,SINGLE,LIGHT,FINE,RES,EMP
RAD,NSR,SSW,DRY,DAY,SINGLE,LIGHT,FINE,RES,EMP
DEPOT,FRNT,REVERSING,DRY,NIGHT,SINGLE,LIGHT,FINE,RES,BUS - OTHER
DEPOT,MIR,TAI,DRY,DAY,SINGLE,LIGHT,FINE,UNREP,EMP
DEPOT,REAR,REVERSING,WET,DAWN,MULTI,MODERATE,RAIN,RES,EMP
DEPOT,REAR,SSW,DRY,DAY,BUS,NO,FINE,RES,EMP
RAD,NSR,SSW,DRY,DAY,SINGLE,LIGHT,FINE,UNREP,OTH
DEPOT,NSR,BTMO,DRY,DAY,SINGLE,NO,FINE,RES,EMP
RAD,NSR,SSW,DRY,NIGHT,SINGLE,NO,FINE,UNREP,OTH
RAD,REAR,SSW,DRY,DAY,SINGLE,LIGHT,FINE,UNREP,OTH
RAD,TOPF,SSW,DRY,DAY,SINGLE,LIGHT,FINE,UNREP,OTH
DEPOT,NSR,SSW,DRY,DAY,SINGLE,LIGHT,FINE,OTHERBUS,OTH
RAD,NSR,SSW,DRY,DAY,SINGLE,LIGHT,FINE,UNREP,OTH
RAD,FRNT,SSW,DRY,DAY,SINGLE,LIGHT,FINE,UNREP,OTH
DEPOT,OSM,SSW,DRY,DAY,SINGLE,LIGHT,FINE,RES,EMP
DEPOT,OSR,SSW,DRY,DAWN,SINGLE,NO,FINE,UNREP,OTH
DEPOT,NSR,TAI,DRY,DAWN,SINGLE,NO,FINE,RES,EMP
RAD,NSR,SSW,DRY,DAY,SINGLE,LIGHT,FINE,UNREP,OTH
RAD,NSR,SSW,DRY,DAY,SINGLE,LIGHT,FINE,OTHERBUS,BUS - OTHER
DEPOT,NSM,SSW,DRY,DAY,BUS,NO,FINE,RES,EMP
RAD,OSR,SSW,DRY,DAY,SINGLE,LIGHT,FINE,UNREP,OTH
RAD,NSR,SSW,DRY,DAY,SINGLE,LIGHT,FINE,PEND,EMP
DEPOT,NSM,SSW,WET,DAWN,SINGLE,NO,FINE,RES,BUS - OTHER
DEPOT,FRNT,SSW,DRY,DAY,SINGLE,LIGHT,FINE,OTHERBUS,EMP
RAD,FRNT,SSW,DRY,NIGHT,MULTI,HEAVY,FINE,UN3PAR,ROA
DEPOT,MIR,SSW,DRY,DAY,BUS,NO,FINE,RES,EMP
RAD,NSF,SSW,DRY,DAY,SINGLE,LIGHT,FINE,UNREP,OTH
RAD,NSR,SSW,DRY,DAY,SINGLE,LIGHT,FINE,UNREP,EMP
RAD,REAR,SSW,DRY,DAY,SINGLE,LIGHT,FINE,RES,EMP
DEPOT,MIR,SSW,WET,DAY,SINGLE,LIGHT,FINE,RES,EMP
DEPOT,NSR,SSW,DRY,DAY,SINGLE,LIGHT,FINE,RES,EMP
RAD,OSR,SSW,DRY,DAY,SINGLE,LIGHT,FINE,RES,EMP
DEPOT,OSR,SSW,DRY,NIGHT,SINGLE,NO,FINE,RES,EMP
DEPOT,OSM,SSW,DRY,DAY,SINGLE,LIGHT,FINE,UNREP,OTH
DEPOT,NSF,SSW,DRY,DAY,BUS,NO,FINE,RES,CARS TRUCKS
RAD,FRNT,BTMO,DRY,NIGHT,MULTI,LIGHT,FINE,RES,EMP
DEPOT,NSF,SSW,DRY,DAY,SINGLE,NO,FINE,RES,CARS TRUCKS
RAD,NSR,SSW,DRY,DAWN,SINGLE,NO,FOG,RES,EMP
DEPOT,MIR,HON,DRY,DAY,SINGLE,NO,FINE,RES,EMP
RAD,NSR,SSW,DRY,DAY,SINGLE,LIGHT,FINE,UNREP,OTH
RAD,NSR,SSW,DRY,DAY,SINGLE,LIGHT,FINE,UNREP,OTH
RAD,NSR,SSW,DRY,DAY,SINGLE,LIGHT,FINE,RES,EMP
RAD,NSF,N2T,DRY,DAY,SINGLE,LIGHT,FINE,RES,EMP
RAD,REAR,SSW,DRY,DAY,SINGLE,LIGHT,FINE,RES,EMP
RAD,REAR,SSW,DRY,DAY,SINGLE,LIGHT,FINE,RES,EMP
RAD,REAR,SSW,DRY,DAY,SINGLE,LIGHT,FINE,UNREP,OTH
DEPOT,MIR,SSW,DRY,DAY,SINGLE,LIGHT,FINE,INCIDENT,EMP
DEPOT,NSR,TAI,DRY,DAWN,BUS,NO,FINE,RES,EMP
RAD,NSR,SSW,DRY,DAY,SINGLE,LIGHT,FINE,UNREP,EMP
RAD,NSR,SSW,DRY,DAY,SINGLE,LIGHT,FINE,UNREP,OTH
RAD,NSR,SSW,DRY,DAY,SINGLE,LIGHT,FINE,UNREP,OTH
RAD,OSR,SSW,DRY,DAY,SINGLE,LIGHT,FINE,RES,EMP
RAD,NSR,SSW,DRY,DAY,SINGLE,LIGHT,FINE,RES,EMP
RAD,WIN,SSW,DRY,DAY,SINGLE,LIGHT,FINE,RES,EMP
RAD,NSF,SSW,DRY,DAY,SINGLE,LIGHT,FINE,PEND,EMP
BSP,WIN,SSW,DRY,NIGHT,SINGLE,LIGHT,FINE,RES,EMP
RAD,NSR,SSW,WET,NIGHT,SINGLE,LIGHT,FINE,RES,EMP
RAD,NSM,SSW,DRY,DAY,SINGLE,LIGHT,FINE,NRES,EMP
TIN,TOPM,SSW,DRY,DAY,SINGLE,HEAVY,FINE,RES,EMP
RAD,NSR,SSW,DRY,NIGHT,SINGLE,NO,FINE,RES,EMP
RAD,WSRE,SSW,DRY,DAY,SINGLE,LIGHT,FINE,NRES,EMP
BSP,NSF,SSW,DRY,DAY,SINGLE,MODERATE,FINE,RES,EMP
RAD,NSR,SSW,DRY,DAY,SINGLE,LIGHT,FINE,NRES,EMP
RAD,NSM,SSW,DRY,DAY,SINGLE,NO,FINE,RES,EMP
RAD,REAR,SSW,DRY,DAY,SINGLE,LIGHT,FINE,RES,EMP
RAD,NSR,SSW,DRY,DAY,SINGLE,NO,FINE,RES,EMP
RAD,NSF,SSW,DRY,DAY,SINGLE,LIGHT,FINE,RES,EMP
RAD,WIN,SSW,DRY,DAY,SINGLE,LIGHT,FINE,RES,EMP
RAD,NSR,SSW,DRY,DAY,SINGLE,LIGHT,FINE,RES,EMP
RAD,NSR,SSW,DRY,DAY,SINGLE,LIGHT,FINE,RES,EMP
RAD,NSR,SSW,DRY,DAY,SINGLE,LIGHT,FINE,RES,EMP
RAD,NSR,SSW,DRY,DAY,SINGLE,LIGHT,FINE,NRES,EMP
RAD,OSF,SSW,DRY,DAY,SINGLE,LIGHT,FINE,RES,EMP
RAD,OSR,SSW,DRY,DAY,SINGLE,LIGHT,FINE,RES,EMP
RAD,NSR,SSW,DRY,DAY,SINGLE,LIGHT,FINE,NRES,EMP
RAD,REAR,SSW,DRY,DAY,SINGLE,LIGHT,FINE,RES,EMP
RAD,REAR,SSW,DRY,DAY,SINGLE,MODERATE,FINE,NRES,EMP
RAD,OSR,SSW,DRY,DAY,SINGLE,LIGHT,FINE,RES,EMP
RAD,NSR,SSW,DRY,DAY,SINGLE,LIGHT,FINE,RES,EMP
RAD,REAR,SSW,DRY,DAY,SINGLE,LIGHT,FINE,RES,EMP
RAD,NSR,SSW,DRY,DAY,SINGLE,LIGHT,FINE,PEND,EMP
RAD,NSF,SSW,DRY,DAY,MULTI,MODERATE,FINE,NRES,EMP
RAD,OSM,SSW,DRY,DAY,BUS,NO,FINE,RES,EMP
RAD,NSF,N2T,DRY,DAY,SINGLE,LIGHT,FINE,RES,EMP
RAD,REAR,SSW,DRY,DAY,SINGLE,NO,SUN,RES,EMP
RAD,NSR,SSW,DRY,DAY,SINGLE,LIGHT,FINE,RES,EMP
RAD,NSF,SSW,DRY,DAY,SINGLE,LIGHT,FINE,RES,EMP
RAD,NSR,SSW,DRY,DAY,SINGLE,LIGHT,FINE,RES,EMP
RAD,REAR,SSW,DRY,DAY,SINGLE,LIGHT,FINE,RES,EMP
RAD,NSR,SSW,DRY,DAY,SINGLE,LIGHT,FINE,RES,EMP
XRD,NSR,SSW,WET,DAY,MULTI,LIGHT,FINE,RES,EMP
RAD,NSM,SSW,DRY,DAY,SINGLE,LIGHT,FINE,NRES,EMP
RAD,FRNT,N2T,DRY,DAY,SINGLE,LIGHT,FINE,RES,EMP
RAD,NSR,SSW,DRY,NIGHT,MULTI,LIGHT,FINE,RES,EMP
RAD,FRNT,HON,DRY,DAY,MULTI,NO,FINE,RES,EMP
RAD,OSR,N2T,WET,NIGHT,MULTI,MODERATE,RAIN,RES,EMP
RAD,NSF,SSW,DRY,DAY,SINGLE,LIGHT,FINE,RES,EMP
RAD,NSM,SSW,DRY,DAY,SINGLE,LIGHT,FINE,PEND,EMP
RAD,NSR,SSW,DRY,DAY,MULTI,MODERATE,FINE,RES,EMP
RAD,REAR,SSW,DRY,DAY,SINGLE,LIGHT,FINE,RES,EMP
DEPOT,FRNT,SSW,DRY,DAY,SINGLE,LIGHT,FINE,UNREP,OTH
RAD,OSR,SSW,DRY,DAY,SINGLE,LIGHT,FINE,RES,EMP
RAD,NSR,SSW,DRY,DAY,SINGLE,LIGHT,FINE,RES,EMP
XRD,FRNT,TBO,DRY,NIGHT,MULTI,MODERATE,FINE,RES,EMP
RAD,NSF,SSW,DRY,DAY,SINGLE,LIGHT,FINE,RES,EMP
RAD,NSR,SSW,DRY,DAY,SINGLE,LIGHT,FINE,NRES,EMP
RAD,FRNT,SSW,DRY,DAY,SINGLE,LIGHT,FINE,UNREP,EMP
RAD,NSR,SSW,DRY,DAY,SINGLE,NO,FINE,RES,EMP
RAD,NSR,SSW,DRY,DAY,SINGLE,LIGHT,FINE,RES,EMP
RAD,NSM,SSW,DRY,DAY,SINGLE,LIGHT,FINE,RES,EMP
RAD,NSR,SSW,DRY,NIGHT,SINGLE,NO,FINE,RES,EMP
RAD,OSR,SSW,DRY,DAY,SINGLE,LIGHT,FINE,RES,EMP
RAD,NSF,SSW,DRY,DAY,SINGLE,LIGHT,FINE,NRES,EMP
RAD,NSR,SSW,DRY,DAY,SINGLE,LIGHT,FINE,UNREP,EMP
RAD,NSR,SSW,DRY,DAY,SINGLE,LIGHT,FINE,UNREP,EMP
RAD,NSR,SSW,DRY,DAY,SINGLE,LIGHT,FINE,RES,EMP
RAD,NSR,SSW,DRY,NIGHT,SINGLE,LIGHT,FINE,UNREP,EMP
RAD,OSR,N2T,DRY,NIGHT,SINGLE,NO,FINE,RES,EMP
RAD,MIR,SSW,DRY,DAY,SINGLE,LIGHT,FINE,RES,EMP
RAD,MIR,HON,DRY,DAY,SINGLE,LIGHT,FINE,RES,EMP
RAD,NSR,SSW,DRY,DAY,SINGLE,LIGHT,FINE,UNREP,EMP
RAD,NSR,SSW,WET,NIGHT,SINGLE,NO,RAIN,RES,EMP
RAD,NSR,SSW,DRY,DAY,SINGLE,LIGHT,FINE,RES,EMP
DEPOT,NSR,SSW,DRY,DAY,SINGLE,LIGHT,FINE,RES,EMP
DEPOT,NSF,HON,DRY,DAY,SINGLE,LIGHT,FINE,UNREP,EMP
RAD,NSF,SSW,DRY,DAY,SINGLE,LIGHT,FINE,UNREP,EMP
RAD,NSF,SSW,DRY,DAY,SINGLE,NO,FINE,RES,EMP
DEPOT,REAR,SSW,DRY,DAY,SINGLE,NO,FINE,RES,EMP
RAD,NSR,SSW,DRY,DAY,SINGLE,LIGHT,FINE,UNREP,EMP
RAD,REAR,SSW,DRY,DAY,SINGLE,LIGHT,FINE,UNREP,OTH
DEPOT,OSM,SSW,WET,DAY,SINGLE,NO,RAIN,RES,EMP
DEPOT,FRNT,HON,DRY,NIGHT,SINGLE,NO,FINE,RES,EMP
DEPOT,FRNT,N2T,DRY,DAY,SINGLE,NO,FINE,NRES,EMP
DEPOT,REAR,N2T,DRY,DAY,SINGLE,LIGHT,FINE,RES,EMP
DEPOT,OSM,SSW,DRY,DAY,SINGLE,NO,FINE,RES,EMP
RAD,OSM,SSW,DRY,DAY,MULTI,NO,FINE,RES,EMP
DEPOT,REAR,N2T,WET,NIGHT,SINGLE,NO,RAIN,RES,EMP
RAD,REAR,SSW,DRY,DAY,SINGLE,LIGHT,FINE,UNREP,EMP
DEPOT,NSM,SSW,WET,DAY,SINGLE,NO,RAIN,RES,EMP
RAD,OSR,SSW,DRY,DAY,SINGLE,LIGHT,FINE,UNREP,EMP
DEPOT,NSR,SSW,DRY,DAY,SINGLE,LIGHT,FINE,UNREP,EMP
RAD,NSR,SSW,DRY,DAY,SINGLE,LIGHT,FINE,UNREP,EMP
XRD,FRNT,N2T,DRY,DAY,SINGLE,LIGHT,FINE,RES,EMP
RBT,NSR,TAI,DRY,DAY,SINGLE,HEAVY,FINE,RES,EMP
DEPOT,REAR,SSW,DRY,DAY,SINGLE,NO,FINE,RES,EMP
RAD,NSM,SSW,DRY,DAY,SINGLE,LIGHT,FINE,UNREP,OTH
DEPOT,NSM,SSW,DRY,DAY,SINGLE,NO,FINE,RES,EMP
BSP,NSR,SSW,DRY,DAY,SINGLE,LIGHT,FINE,RES,EMP
DEPOT,OSR,SSW,DRY,DAY,BUS,NO,FINE,RES,CARS TRUCKS
RAD,NSR,SSW,DRY,DAY,SINGLE,LIGHT,FINE,INCIDENT,EMP
DEPOT,NSF,SSW,DRY,DAY,SINGLE,LIGHT,FINE,RES,EMP
DEPOT,FRNT,N2T,DRY,DAY,SINGLE,LIGHT,FINE,RES,EMP
RAD,MIR,HON,WET,NIGHT,SINGLE,LIGHT,RAIN,RES,EMP
RAD,NSR,SSW,DRY,DAY,SINGLE,LIGHT,FINE,RES,EMP
RAD,OSF,SSW,DRY,DAY,SINGLE,LIGHT,FINE,RES,EMP
DEPOT,OSM,SSW,DRY,DAY,BUS,NO,FINE,RES,EMP
XRD,NSF,SSW,DRY,DUSK,SINGLE,LIGHT,FINE,RES,EMP