location_code,damage_code,collision_code,road_code,light_code,road_type_code,traffic_code,weather_code,emp_liability_code,kpi_cause_code
RAD,OSR,SSW,DRY,DAY,SINGLE,LIGHT,FINE,RES,EMP
RAD,NSR,N2T,DRY,DAY,SINGLE,LIGHT,FINE,UNREP,OTH
RAD,FRNT,N2T,DRY,DAY,SINGLE,LIGHT,FINE,RES,CARS TRUCKS
RBT,NSF,SSW,WET,DAY,MULTI,MODERATE,RAIN,NRES,ROA
RAD,NSR,SSW,DRY,DAY,SINGLE,LIGHT,FINE,INCIDENT,EMP
RAD,NSR,SSW,DRY,DAY,SINGLE,LIGHT,FINE,UNREP,OTH
DEPOT,NSR,SSW,DRY,DAY,SINGLE,LIGHT,FINE,UNREP,OTH
DEPOT,FRNT,REVERSING,WET,DAY,MULTI,NO,FINE,RES,CARS TRUCKS
DEPOT,NSM,SSW,DRY,DAY,SINGLE,NO,FINE,RES,EMP
RAD,OSR,SSW,DRY,DAY,SINGLE,LIGHT,FINE,NRES,EMP
RAD,REAR,SSW,DRY,DAY,SINGLE,LIGHT,FINE,RES,EMP
RAD,OSF,SSW,DRY,DAY,SINGLE,LIGHT,FINE,NRES,EMP
DEPOT,OSR,TAI,DRY,DAY,SINGLE,NO,FINE,RES,CARS TRUCKS
DEPOT,REAR,SSW,DRY,DAY,SINGLE,LIGHT,FINE,UNREP,OTH
DEPOT,NSR,SSW,DRY,DAY,SINGLE,NO,SUN,RES,EMP
RAD,NSR,SSW,DRY,DAY,SINGLE,LIGHT,FINE,UNREP,OTH
RAD,NSR,SSW,DRY,DAY,SINGLE,LIGHT,FINE,UNREP,OTH
DEPOT,REAR,REVERSING,DRY,DAY,BUS,NO,FINE,RES,EMP
RAD,NSR,SSW,DRY,DAY,SINGLE,LIGHT,FINE,UNREP,OTH
RAD,NSR,SSW,DRY,DAY,SINGLE,LIGHT,FINE,UNREP,OTH
RAD,NSR,SSW,DRY,DAY,SINGLE,MODERATE,FINE,RES,EMP
DEPOT,OSF,SSW,DRY,DAY,SINGLE,LIGHT,FINE,OTHERBUS,BUS - OTHER
DEPOT,NSR,SSW,DRY,DAY,SINGLE,NO,FINE,RES,EMP
RAD,NSR,SSW,DRY,DAY,SINGLE,LIGHT,FINE,UNREP,OTH
RAD,NSM,SSW,DRY,DAY,SINGLE,LIGHT,FINE,UNREP,OTH
DEPOT,NSR,SSW,DRY,DAY,SINGLE,NO,FINE,OTHERBUS,EMP
RAD,OSR,SSW,DRY,DAY,SINGLE,LIGHT,FINE,UNREP,OTH
RAD,NSR,SSW,DRY,DAY,SINGLE,LIGHT,FINE,UNREP,OTH
DEPOT,NSF,SSW,DRY,NIGHT,BUS,NO,FINE,RES,EMP
DEPOT,REAR,SSW,DRY,DAY,SINGLE,LIGHT,FINE,UNREP,OTH
DEPOT,NSF,HON,DRY,DAY,SINGLE,NO,FINE,RES,BUS - OTHER
RAD,NSR,TAI,DRY,DAY,SINGLE,LIGHT,FINE,UNREP,OTH
DEPOT,MIR,SSW,DRY,DAY,SINGLE,NO,FINE,OTHERBUS,EMP
DEPOT,NSR,TAI,DRY,NIGHT,SINGLE,NO,FINE,RES,EMP
DEPOT,NSR,SSW,DRY,DAY,SINGLE,LIGHT,FINE,UNREP,BUS - OTHER
RAD,NSR,SSW,DRY,DAY,SINGLE,LIGHT,FINE,UNREP,OTH
RAD,OSR,SSW,DRY,DAY,SINGLE,LIGHT,FINE,UNREP,EMP
DEPOT,OSR,TAI,DRY,DUSK,SINGLE,NO,FINE,RES,EMP
RAD,NSR,SSW,DRY,DAY,SINGLE,LIGHT,FINE,UNREP,OTH
RAD,NSR,SSW,DRY,DAY,SINGLE,LIGHT,FINE,UNREP,OTH
DEPOT,NSM,SSW,DRY,DAY,BUS,NO,FINE,RES,EMP
RAD,NSR,SSW,DRY,DAY,SINGLE,LIGHT,FINE,UNREP,OTH
RAD,NSR,SSW,DRY,DAY,SINGLE,LIGHT,FINE,UNREP,EMP
DEPOT,OSR,SSW,DRY,DAY,SINGLE,LIGHT,FINE,OTHERBUS,BUS - OTHER
RAD,NSR,SSW,DRY,DAY,SINGLE,LIGHT,FINE,UNREP,EMP
RAD,NSF,SSW,DRY,DAY,SINGLE,LIGHT,FINE,UNREP,OTH
RAD,NSM,SSW,DRY,DAY,SINGLE,LIGHT,FINE,UNREP,BUS - OTHER
RAD,NSR,SSW,DRY,DAY,SINGLE,LIGHT,FINE,UNREP,OTH
DEPOT,NSR,REVERSING,DRY,DAY,SINGLE,NO,FINE,RES,EMP
DEPOT,NSR,REVERSING,WET,DAY,BUS,NO,RAIN,RES,EMP
RAD,NSR,SSW,DRY,DAY,SINGLE,LIGHT,FINE,UNREP,BUS - OTHER
DEPOT,REAR,REVERSING,DRY,DAY,SINGLE,NO,FINE,RES,BUS - OTHER
DEPOT,OSR,SSW,DRY,DAY,SINGLE,LIGHT,FINE,OTHERBUS,EMP
RAD,NSR,SSW,DRY,DAY,SINGLE,LIGHT,FINE,UNREP,OTH
DEPOT,NSR,SSW,DRY,DAY,SINGLE,LIGHT,FINE,UNREP,OTH
DEPOT,NSR,SSW,DRY,DAY,SINGLE,LIGHT,FINE,UNREP,OTH
DEPOT,NSM,SSW,DRY,DAY,BUS,NO,FINE,RES,EMP
DEPOT,OSR,SSW,WET,DUSK,MULTI,NO,RAIN,OTHERBUS,OTH
DEPOT,MIR,HON,DRY,NIGHT,SINGLE,NO,FINE,RES,BUS - OTHER
RAD,OSM,SSW,DRY,DAY,SINGLE,LIGHT,FINE,UNREP,OTH
DEPOT,NSR,REVERSING,DRY,DAY,SINGLE,NO,FINE,OTHERBUS,EMP
DEPOT,REAR,REVERSING,DRY,DAY,SINGLE,LIGHT,FINE,RES,BUS - OTHER
DEPOT,NSR,SSW,DRY,DAY,SINGLE,LIGHT,FINE,UNREP,OTH
RAD,REAR,SSW,DRY,DAY,SINGLE,LIGHT,FINE,UNREP,OTH
DEPOT,FRNT,SSW,DRY,DAY,SINGLE,NO,FINE,RES,EMP
RAD,NSR,SSW,DRY,DAY,SINGLE,LIGHT,FINE,RES,EMP
RAD,NSR,SSW,DRY,DAY,SINGLE,LIGHT,FINE,UNREP,OTH
DEPOT,MIR,TAI,DRY,DAWN,BUS,NO,FINE,OTHERBUS,BUS - OTHER
DEPOT,NSR,TAI,DRY,DAWN,SINGLE,NO,FINE,RES,BUS - OTHER
RAD,NSR,SSW,DRY,DAY,SINGLE,LIGHT,FINE,UNREP,OTH
DEPOT,NSM,SSW,DRY,DAY,SINGLE,NO,FINE,RES,EMP
DEPOT,NSM,TBO,DRY,DAY,SINGLE,LIGHT,FINE,RES,EMP
RAD,NSR,SSW,DRY,DAY,SINGLE,LIGHT,FINE,UNREP,OTH
RAD,NSR,SSW,DRY,DAY,SINGLE,LIGHT,FINE,UNREP,EMP
RAD,NSR,SSW,DRY,DAY,SINGLE,LIGHT,FINE,UNREP,OTH
RAD,NSR,SSW,DRY,DAY,SINGLE,LIGHT,FINE,UNREP,OTH
RAD,NSR,SSW,DRY,DAY,SINGLE,LIGHT,FINE,UNREP,OTH
DEPOT,NSR,SSW,DRY,DAY,SINGLE,LIGHT,FINE,UNREP,OTH
RAD,NSR,SSW,DRY,DAY,SINGLE,LIGHT,FINE,UNREP,OTH
DEPOT,NSF,SSW,DRY,DAY,BUS,NO,FINE,OTHERBUS,BUS - OTHER
RAD,OSR,SSW,DRY,DAY,SINGLE,LIGHT,FINE,UNREP,OTH
RAD,NSR,SSW,DRY,DAY,SINGLE,LIGHT,FINE,UNREP,OTH
RAD,NSR,SSW,DRY,DAY,SINGLE,LIGHT,FINE,UNREP,OTH
RAD,NSR,SSW,DRY,DAY,SINGLE,LIGHT,FINE,UNREP,OTH
RAD,NSR,SSW,DRY,DAY,SINGLE,LIGHT,FINE,UNREP,OTH
DEPOT,NSF,SSW,DRY,DAY,SINGLE,NO,FINE,RES,BUS - OTHER
RAD,NSR,SSW,DRY,DAY,SINGLE,LIGHT,FINE,UNREP,EMP
DEPOT,MIR,SSW,DRY,DAY,SINGLE,LIGHT,FINE,OTHERBUS,BUS - OTHER
DEPOT,NSF,REVERSING,DRY,DAY,SINGLE,LIGHT,FINE,OTHERBUS,BUS - OTHER
DEPOT,MIR,TAI,DRY,DAWN,BUS,NO,FINE,OTHERBUS,EMP
DEPOT,OSR,SSW,DRY,DAY,SINGLE,LIGHT,FINE,RES,EMP
DEPOT,NSF,SSW,WET,DAY,SINGLE,NO,RAIN,OTHERBUS,OTH
RAD,NSR,SSW,DRY,DAY,SINGLE,LIGHT,FINE,UNREP,OTH
DEPOT,OSR,REVERSING,DRY,DAWN,SINGLE,NO,FINE,RES,EMP
RAD,NSR,SSW,DRY,DAY,SINGLE,LIGHT,FINE,UNREP,OTH
DEPOT,OSR,SSW,WET,DAWN,BUS,NO,RAIN,OTHERBUS,EMP
RAD,NSR,SSW,DRY,DAY,SINGLE,LIGHT,FINE,UNREP,EMP
DEPOT,OSR,SSW,DRY,DAWN,SINGLE,NO,FINE,OTHERBUS,OTH
DEPOT,MIR,HON,DRY,DAY,BUS,NO,FINE,RES,EMP
DEPOT,NSF,SSW,DRY,NIGHT,SINGLE,NO,FOG,RES,EMP
DEPOT,OSF,SSW,DRY,NIGHT,SINGLE,NO,FOG,OTHERBUS,BUS - OTHER
RAD,NSR,SSW,DRY,DAY,SINGLE,LIGHT,FINE,UNREP,OTH
DEPOT,NSR,SSW,DRY,DAWN,SINGLE,NO,FINE,RES,EMP
DEPOT,REAR,SSW,DRY,DAY,SINGLE,LIGHT,FINE,UNREP,OTH
DEPOT,NSR,SSW,DRY,DAWN,SINGLE,NO,FINE,OTHERBUS,EMP
RAD,OSF,SSW,DRY,DAY,SINGLE,LIGHT,FINE,UNREP,EMP
DEPOT,NSR,SSW,DRY,DAY,SINGLE,LIGHT,FINE,UNREP,OTH
DEPOT,OSR,SSW,DRY,DAY,BUS,NO,FINE,OTHERBUS,CARS TRUCKS
DEPOT,MIR,HON,DRY,DAY,SINGLE,NO,FINE,RES,EMP
DEPOT,MIR,SSW,DRY,DAY,SINGLE,LIGHT,FINE,OTHERBUS,BUS - OTHER
DEPOT,NSM,SSW,DRY,DAY,SINGLE,LIGHT,FINE,UNREP,EMP
DEPOT,NSR,SSW,DRY,DAY,SINGLE,LIGHT,FINE,UNREP,OTH
DEPOT,NSR,SSW,WET,DAWN,SINGLE,LIGHT,FOG,RES,BUS - OTHER
RAD,NSR,SSW,DRY,DAY,SINGLE,LIGHT,FINE,UNREP,OTH
DEPOT,NSM,SSW,DRY,DAY,MULTI,NO,FINE,RES,EMP
DEPOT,NSM,SSW,WET,NIGHT,SINGLE,NO,RAIN,RES,EMP
DEPOT,NSM,SSW,DRY,DAY,SINGLE,LIGHT,FINE,RES,EMP
DEPOT,NSM,SSW,DRY,DUSK,SINGLE,NO,FINE,RES,EMP
DEPOT,REAR,REVERSING,DRY,DAWN,BUS,NO,FOG,RES,EMP
DEPOT,NSM,SSW,DRY,DAY,SINGLE,NO,FINE,RES,BUS - OTHER
DEPOT,OSR,REVERSING,DRY,NIGHT,BUS,NO,FOG,RES,BUS - OTHER
DEPOT,OSR,SSW,DRY,DAY,SINGLE,LIGHT,FINE,OTHERBUS,EMP
DEPOT,MIR,SSW,DRY,DAY,SINGLE,NO,FINE,RES,EMP
RAD,NSF,HON,DRY,DAY,MULTI,LIGHT,FINE,RES,BUS - OTHER
DEPOT,MIR,SSW,DRY,DAY,SINGLE,LIGHT,FINE,RES,EMP
DEPOT,NSR,SSW,WET,NIGHT,BUS,LIGHT,RAIN,OTHERBUS,BUS - OTHER
DEPOT,FRNT,SSW,DRY,DAY,SINGLE,NO,FINE,RES,BUS - OTHER
DEPOT,OSM,SSW,DRY,DAY,SINGLE,LIGHT,FINE,RES,BUS - OTHER
RAD,NSF,SSW,DRY,DAY,SINGLE,LIGHT,FINE,UNREP,BUS - OTHER
XRD,OSR,TAI,DRY,DAY,MULTI,LIGHT,FINE,RES,EMP
DEPOT,NSR,TAI,DRY,DAY,SINGLE,NO,FINE,RES,EMP
DEPOT,OSR,SSW,DRY,DAY,BUS,NO,FINE,OTHERBUS,OTH
RAD,NSR,SSW,DRY,DAY,SINGLE,LIGHT,FINE,UNREP,OTH
RAD,MIR,SSW,DRY,DAY,MULTI,MODERATE,FINE,RES,EMP
DEPOT,OSF,SSW,WET,DAY,SINGLE,NO,FINE,RES,EMP
DEPOT,REAR,REVERSING,DRY,DAY,SINGLE,LIGHT,FINE,RES,EMP
DEPOT,MIR,TAI,DRY,NIGHT,SINGLE,NO,FINE,OTHERBUS,EMP
RAD,WSRE,BTMO,DRY,NIGHT,SINGLE,NO,FINE,INCIDENT,EMP
RAD,NSR,SSW,DRY,DAY,SINGLE,LIGHT,FINE,UNREP,EMP
DEPOT,OSR,SSW,DRY,NIGHT,SINGLE,NO,FINE,RES,EMP
RAD,NSR,SSW,DRY,DAY,SINGLE,LIGHT,FINE,UNREP,EMP
DEPOT,OSM,TAI,DRY,DAY,BUS,NO,FINE,RES,BUS - OTHER
DEPOT,FRNT,REVERSING,DRY,DAWN,SINGLE,NO,FINE,OTHERBUS,CARS TRUCKS
DEPOT,FRNT,SSW,DRY,NIGHT,SINGLE,NO,FINE,RES,EMP
DEPOT,NSR,SSW,WET,DAWN,BUS,NO,RAIN,RES,EMP
DEPOT,NSR,SSW,DRY,DAY,BUS,NO,FINE,RES,EMP
RAD,FRNT,SSW,DRY,DAY,SINGLE,LIGHT,FINE,UNREP,OTH
DEPOT,NSR,SSW,DRY,DAY,SINGLE,LIGHT,FINE,OTHERBUS,BUS - OTHER
DEPOT,OSR,SSW,DRY,DAY,MULTI,NO,FINE,RES,EMP
DEPOT,NSR,SSW,WET,DAWN,SINGLE,NO,FINE,RES,EMP
DEPOT,REAR,N2T,DRY,DAY,SINGLE,LIGHT,FINE,RES,EMP
RBT,NSF,SSW,DRY,DAY,MULTI,NO,FINE,RES,EMP
DEPOT,NSR,SSW,DRY,DAY,SINGLE,LIGHT,FINE,RES,BUS - OTHER
RAD,FRNT,SSW,DRY,DAY,SINGLE,LIGHT,FINE,UNREP,OTH
RAD,NSR,SSW,DRY,DAY,SINGLE,LIGHT,FINE,UNREP,OTH
RAD,FRNT,SSW,DRY,DAY,SINGLE,LIGHT,FINE,UNREP,OTH
RAD,OSM,SSW,DRY,DAY,SINGLE,LIGHT,FINE,UNREP,OTH
RAD,NSM,SSW,DRY,DAY,SINGLE,LIGHT,FINE,UNREP,OTH
DEPOT,OSM,SSW,DRY,DAWN,SINGLE,LIGHT,FINE,OTHERBUS,EMP
DEPOT,NSR,TAI,DRY,DAY,BUS,NO,FINE,RES,EMP
DEPOT,NSR,SSW,DRY,DAWN,SINGLE,LIGHT,SUN,OTHERBUS,EMP
DEPOT,FRNT,N2T,DRY,DAY,SINGLE,LIGHT,FINE,OTHERBUS,EMP
RAD,NSR,SSW,DRY,DAY,SINGLE,LIGHT,FINE,UNREP,EMP
DEPOT,OSF,TAI,DRY,DAY,BUS,NO,FINE,OTHERBUS,CARS TRUCKS
RAD,NSR,SSW,DRY,DAY,SINGLE,LIGHT,FINE,UNREP,EMP
DEPOT,OSR,SSW,DRY,NIGHT,SINGLE,NO,FINE,RES,EMP
RAD,NSR,SSW,DRY,DAY,SINGLE,LIGHT,FINE,UNREP,EMP
RAD,NSF,SSW,DRY,DAY,SINGLE,LIGHT,FINE,UNREP,OTH
DEPOT,NSR,SSW,DRY,DAWN,BUS,NO,FINE,RES,BUS - OTHER
DEPOT,NSM,SSW,DRY,DAY,SINGLE,LIGHT,FINE,RES,BUS - OTHER
DEPOT,OSF,SSW,DRY,DAWN,SINGLE,NO,FINE,RES,EMP
DEPOT,MIR,SSW,DRY,DAY,SINGLE,LIGHT,FINE,OTHERBUS,BUS - OTHER
DEPOT,NSR,TAI,DRY,DAWN,SINGLE,NO,FINE,RES,EMP
DEPOT,REAR,REVERSING,DRY,DAY,SINGLE,LIGHT,FINE,RES,EMP
DEPOT,MIR,TAI,DRY,DAY,SINGLE,NO,FINE,OTHERBUS,EMP
DEPOT,NSM,SSW,DRY,NIGHT,SINGLE,NO,FINE,RES,EMP
DEPOT,NSR,REVERSING,DRY,DAY,SINGLE,NO,FINE,RES,EMP
RAD,FRNT,SSW,DRY,DAY,SINGLE,LIGHT,FINE,UNREP,OTH
DEPOT,NSM,SSW,WET,DAY,SINGLE,NO,FINE,RES,EMP
DEPOT,OSR,TAI,DRY,DAY,SINGLE,NO,FINE,OTHERBUS,EMP
RAD,OSR,SSW,DRY,DAY,SINGLE,LIGHT,FINE,UNREP,OTH
DEPOT,FRNT,SSW,DRY,DAY,SINGLE,NO,FINE,OTHERBUS,EMP
RAD,NSR,SSW,DRY,DAY,SINGLE,LIGHT,FINE,UNREP,OTH
RAD,NSR,SSW,DRY,DAY,SINGLE,LIGHT,FINE,UNREP,OTH
DEPOT,MIR,TAI,DRY,NIGHT,SINGLE,NO,FINE,OTHERBUS,EMP
DEPOT,OSR,SSW,DRY,DAY,SINGLE,NO,FINE,OTHERBUS,EMP
RAD,NSR,SSW,DRY,DAY,SINGLE,LIGHT,FINE,UNREP,OTH
RAD,REAR,SSW,DRY,DAY,SINGLE,LIGHT,FINE,UNREP,OTH
RAD,REAR,SSW,DRY,DAY,SINGLE,LIGHT,FINE,UNREP,OTH
RAD,FRNT,SSW,DRY,DAY,SINGLE,LIGHT,FINE,UNREP,OTH
RAD,OSM,SSW,DRY,DAY,SINGLE,LIGHT,FINE,UNREP,OTH
DEPOT,NSR,TAI,DRY,NIGHT,SINGLE,NO,FINE,RES,EMP
DEPOT,NSR,TAI,DRY,DAY,SINGLE,LIGHT,FINE,RES,EMP
DEPOT,NSF,SSW,WET,DAY,SINGLE,NO,FINE,RES,EMP
DEPOT,OSR,SSW,DRY,DAWN,SINGLE,NO,FINE,OTHERBUS,EMP
RAD,NSR,SSW,DRY,DAY,SINGLE,LIGHT,FINE,UNREP,OTH
DEPOT,NSR,REVERSING,DRY,NIGHT,SINGLE,NO,FINE,RES,EMP
DEPOT,OSR,SSW,DRY,DAY,BUS,NO,FINE,OTHERBUS,CARS TRUCKS
RAD,NSM,SSW,DRY,DAY,SINGLE,LIGHT,FINE,UNREP,OTH
DEPOT,FRNT,SSW,DRY,DAY,BUS,NO,FINE,INCIDENT,EMP
DEPOT,NSF,SSW,DRY,DAY,SINGLE,NO,FINE,OTHERBUS,EMP
DEPOT,MIR,SSW,DRY,DAWN,SINGLE,NO,FINE,OTHERBUS,EMP
DEPOT,OSM,SSW,DRY,DAY,SINGLE,LIGHT,FINE,RES,EMP
RAD,NSR,SSW,DRY,DAY,SINGLE,LIGHT,FINE,UNREP,OTH
DEPOT,OSR,HON,DRY,DAY,SINGLE,LIGHT,FINE,OTHERBUS,CARS TRUCKS
DEPOT,OSM,SSW,DRY,DAY,SINGLE,NO,FINE,RES,EMP
DEPOT,NSR,HON,DRY,DAY,SINGLE,NO,FINE,OTHERBUS,EMP
DEPOT,FRNT,TBO,DRY,DAY,SINGLE,LIGHT,FINE,OTHERBUS,EMP
DEPOT,OSR,SSW,DRY,DAY,SINGLE,NO,FINE,RES,EMP
DEPOT,NSF,TAI,DRY,DAY,SINGLE,NO,FINE,OTHERBUS,CARS TRUCKS
RAD,NSR,SSW,DRY,DAY,SINGLE,LIGHT,FINE,UNREP,OTH
DEPOT,NSM,SSW,DRY,DAY,SINGLE,LIGHT,FINE,RES,EMP
DEPOT,OSR,TAI,DRY,DAY,BUS,NO,FINE,RES,BUS - OTHER
DEPOT,OSR,SSW,DRY,DAY,SINGLE,NO,FINE,OTHERBUS,BUS - OTHER
RAD,OSR,SSW,DRY,DAY,SINGLE,LIGHT,FINE,UNREP,EMP
RAD,FRNT,SSW,DRY,DAY,SINGLE,LIGHT,FINE,UNREP,OTH
DEPOT,NSR,SSW,DRY,DAY,SINGLE,NO,FINE,OTHERBUS,EMP
BSP,REAR,BTMO,DRY,DAY,BUS,NO,FINE,RES,BUS - OTHER
DEPOT,MIR,SSW,DRY,DAY,BUS,NO,FINE,RES,EMP
RAD,NSF,SSW,DRY,DAY,SINGLE,LIGHT,FINE,UNREP,EMP
DEPOT,NSR,TAI,DRY,DAWN,SINGLE,NO,FINE,RES,EMP
DEPOT,OSR,REVERSING,DRY,DAY,SINGLE,NO,SUN,RES,EMP
RAD,NSR,SSW,DRY,DAY,SINGLE,LIGHT,FINE,PEND,EMP
RAD,NSR,SSW,DRY,DAY,SINGLE,LIGHT,FINE,PEND,EMP
DEPOT,WSRE,REVERSING,DRY,DAY,SINGLE,LIGHT,FINE,OTHERBUS,EMP
DEPOT,NSF,SSW,DRY,NIGHT,SINGLE,NO,FINE,RES,EMP
DEPOT,MIR,REVERSING,WET,DAY,SINGLE,NO,RAIN,RES,CARS TRUCKS
RAD,NSM,SSW,DRY,DAY,SINGLE,NO,FINE,RES,BUS - OTHER
RAD,NSF,SSW,DRY,DAY,SINGLE,LIGHT,FINE,RES,EMP
RAD,NSR,SSW,DRY,DAY,SINGLE,LIGHT,FINE,RES,EMP
DEPOT,REAR,REVERSING,DRY,DAY,SINGLE,LIGHT,FINE,OTHERBUS,EMP
DEPOT,FRNT,HON,DRY,DAY,SINGLE,NO,FINE,RES,EMP
DEPOT,NSR,TAI,DRY,DAY,SINGLE,LIGHT,FINE,RES,EMP
DEPOT,REAR,SSW,DRY,DAY,SINGLE,LIGHT,FINE,UNREP,EMP
DEPOT,REAR,REVERSING,DRY,NIGHT,BUS,NO,FINE,RES,BUS - OTHER
DEPOT,NSR,SSW,DRY,DAY,SINGLE,LIGHT,FINE,RES,EMP
DEPOT,MIR,SSW,WET,DAY,BUS,NO,FINE,RES,EMP
RAD,MIR,SSW,DRY,NIGHT,MULTI,LIGHT,FINE,UN3PAR,CARS TRUCKS
DEPOT,TOPR,REVERSING,WET,NIGHT,SINGLE,NO,RAIN,RES,EMP
DEPOT,NSR,REVERSING,DRY,DAY,SINGLE,LIGHT,FINE,RES,EMP
DEPOT,NSF,SSW,DRY,DAY,SINGLE,LIGHT,FINE,RES,CARS TRUCKS
RAD,FRNT,HON,DRY,DAY,SINGLE,NO,FINE,RES,ENV
DEPOT,OSF,SSW,DRY,DAY,BUS,NO,FINE,RES,EMP
DEPOT,NSM,SSW,DRY,NIGHT,SINGLE,NO,FINE,RES,EMP
XRD,NSR,SSW,DRY,DUSK,MULTI,HEAVY,FINE,RES,CARS TRUCKS
XRD,NSM,SSW,DRY,DAY,MULTI,HEAVY,FINE,RES,EMP
DEPOT,OSR,SSW,DRY,DAY,SINGLE,LIGHT,FINE,RES,CARS TRUCKS
DEPOT,REAR,REVERSING,DRY,DAY,SINGLE,LIGHT,FINE,RES,EMP
DEPOT,FRNT,BTMO,DRY,DAY,SINGLE,NO,FINE,RES,CARS TRUCKS
RAD,NSM,SSW,DRY,DAY,MULTI,HEAVY,FINE,RES,EMP
DEPOT,OSR,TAI,DRY,DAWN,SINGLE,NO,FINE,RES,CARS TRUCKS
RAD,NSR,SSW,DRY,DAY,SINGLE,LIGHT,FINE,RES,EMP
DEPOT,REAR,REVERSING,DRY,NIGHT,SINGLE,LIGHT,RAIN,RES,EMP
RAD,NSM,HON,DRY,DUSK,MULTI,LIGHT,FINE,RES,CARS TRUCKS
DEPOT,OSF,HON,DRY,DAY,BUS,LIGHT,FINE,RES,EMP
RAD,NSR,SSW,DRY,DAY,SINGLE,LIGHT,FINE,UNREP,EMP
RAD,OSR,SSW,DRY,DAY,SINGLE,LIGHT,FINE,UNREP,OTH
RAD,NSR,SSW,DRY,DAY,SINGLE,LIGHT,FINE,UNREP,OTH
RAD,NSR,SSW,DRY,DAY,SINGLE,LIGHT,FINE,UNREP,OTH
RAD,NSR,SSW,DRY,DAY,SINGLE,LIGHT,FINE,UNREP,OTH
DEPOT,NSM,SSW,DRY,DAY,SINGLE,LIGHT,FINE,RES,EMP
DEPOT,REAR,REVERSING,DRY,DAY,SINGLE,NO,FINE,RES,CARS TRUCKS
RAD,FRNT,HON,DRY,DAY,SINGLE,MODERATE,FINE,RES,EMP
DEPOT,REAR,REVERSING,DRY,NIGHT,SINGLE,NO,FINE,RES,EMP
DEPOT,OSR,SSW,DRY,DAWN,BUS,NO,FINE,RES,EMP
RAD,NSR,SSW,SLIP,DAY,SINGLE,LIGHT,RAIN,INCIDENT,EMP
RAD,NSR,SSW,DRY,DAY,SINGLE,LIGHT,FINE,OTHERBUS,EMP
RAD,NSR,SSW,DRY,DAY,SINGLE,LIGHT,FINE,UNREP,OTH
DEPOT,REAR,N2T,DRY,DAWN,SINGLE,NO,FINE,RES,EMP
RAD,NSM,SSW,DRY,DAY,SINGLE,LIGHT,FINE,UNREP,OTH
XRD,NSF,TBO,DRY,DAY,SINGLE,HEAVY,FINE,RES,EMP
RAD,OSR,SSW,DRY,DAY,SINGLE,LIGHT,FINE,UNREP,EMP
RAD,NSF,SSW,DRY,DAY,SINGLE,LIGHT,FINE,UNREP,OTH
RAD,OSF,SSW,DRY,DAY,SINGLE,LIGHT,FINE,UNREP,OTH
RAD,NSR,SSW,DRY,DAY,SINGLE,LIGHT,FINE,UNREP,OTH
DEPOT,NSR,SSW,DRY,DAY,BUS,NO,FINE,RES,EMP
RAD,OSF,SSW,DRY,DAY,SINGLE,LIGHT,FINE,UNREP,OTH
DEPOT,NSR,SSW,DRY,DAY,BUS,NO,FINE,NRES,CARS TRUCKS
RAD,FRNT,SSW,DRY,DAY,SINGLE,NO,FINE,RES,EMP
RAD,NSR,SSW,DRY,DAY,SINGLE,LIGHT,FINE,UNREP,OTH
RAD,NSM,SSW,DRY,DAY,SINGLE,LIGHT,FINE,RES,EMP
RAD,NSF,SSW,DRY,DAY,MULTI,HEAVY,FINE,NRES,CARS TRUCKS
DEPOT,NSF,REVERSING,DRY,DAWN,BUS,LIGHT,FINE,OTHERBUS,EMP
DEPOT,FRNT,BTMO,DRY,DAY,SINGLE,LIGHT,FINE,RES,EMP
DEPOT,REAR,SSW,DRY,DAY,SINGLE,NO,FINE,UNREP,EMP
RAD,NSR,SSW,DRY,DAY,SINGLE,LIGHT,FINE,UNREP,OTH
DEPOT,MIR,HON,WET,DAY,SINGLE,NO,RAIN,RES,EMP
DEPOT,REAR,REVERSING,WET,DAWN,SINGLE,NO,RAIN,RES,EMP
RAD,NSR,REVERSING,DRY,DAY,SINGLE,LIGHT,FINE,RES,EMP
RAD,REAR,REVERSING,WET,DAY,SINGLE,LIGHT,RAIN,RES,EMP
RAD,NSR,SSW,DRY,DAY,SINGLE,LIGHT,FINE,UNREP,OTH
RAD,NSR,SSW,DRY,DAY,SINGLE,LIGHT,FINE,RES,EMP
BSP,MIR,SSW,DRY,DAY,SINGLE,LIGHT,FINE,UN3PAR,EMP
RAD,TOPF,HON,DRY,DAY,SINGLE,LIGHT,FINE,RES,EMP
RAD,WSRE,SSW,DRY,DAY,SINGLE,LIGHT,FINE,UN3PAR,ENV
XRD,NSF,SSW,DRY,DAY,MULTI,HEAVY,FINE,NRES,EMP
DEPOT,FRNT,SSW,DRY,DAY,SINGLE,NO,FINE,INCIDENT,EMP
RAD,OSR,SSW,WET,DAY,SINGLE,LIGHT,FINE,RES,EMP
RAD,OSR,SSW,DRY,DAWN,SINGLE,LIGHT,FOG,RES,EMP
RAD,NSR,SSW,DRY,DAY,SINGLE,LIGHT,FINE,NRES,EMP
XRD,FRNT,N2T,DRY,DAY,SINGLE,LIGHT,FINE,RES,EMP
RAD,NSR,SSW,DRY,DAY,SINGLE,LIGHT,FINE,RES,EMP
RAD,NSR,SSW,DRY,DAY,SINGLE,LIGHT,FINE,RES,EMP
RAD,NSR,SSW,DRY,DAY,SINGLE,LIGHT,FINE,NRES,EMP
XRD,FRNT,N2T,DRY,DAY,SINGLE,LIGHT,FINE,RES,EMP
RAD,WSRE,SSW,DRY,DAWN,SINGLE,NO,FINE,RES,EMP