location_code,damage_code,collision_code,road_code,light_code,road_type_code,traffic_code,weather_code,emp_liability_code,kpi_cause_code
BSP,OSF,SSW,DRY,DUSK,SINGLE,NO,FINE,RES,EMP
RAD,OSR,SSW,DRY,DAY,SINGLE,LIGHT,FINE,NRES,EMP
BSP,NSF,SSW,DRY,DAY,MULTI,MODERATE,FINE,RES,EMP
RAD,OSR,SSW,DRY,DAY,SINGLE,LIGHT,FINE,PEND,EMP
RAD,MIR,SSW,DRY,DAY,SINGLE,LIGHT,FINE,RES,EMP
DEPOT,OSF,SSW,DRY,DUSK,SINGLE,NO,FINE,RES,EMP
RAD,NSR,SSW,DRY,DAY,SINGLE,LIGHT,FINE,RES,EMP
RAD,MIR,SSW,WET,DAY,SINGLE,LIGHT,RAIN,RES,EMP
BSP,FRNT,SSW,DRY,DAY,SINGLE,LIGHT,FINE,RES,EMP
RAD,NSR,SSW,DRY,DAY,SINGLE,LIGHT,FINE,NRES,EMP
RBT,FRNT,HON,DRY,DAWN,SINGLE,LIGHT,FINE,RES,EMP
RAD,NSR,SSW,DRY,DAY,SINGLE,LIGHT,FINE,RES,EMP
RAD,NSR,SSW,DRY,DAY,SINGLE,MODERATE,FINE,RES,BUS - OTHER
RAD,OSR,SSW,DRY,DAY,SINGLE,LIGHT,FINE,RES,EMP
RAD,OSF,SSW,DRY,DAY,SINGLE,LIGHT,FINE,NRES,EMP
RAD,OSR,SSW,DRY,DAY,SINGLE,LIGHT,FINE,RES,EMP
RAD,FRNT,N2T,DRY,DAY,MULTI,MODERATE,FINE,RES,EMP
RAD,FRNT,SSW,DRY,DAY,SINGLE,LIGHT,FINE,RES,EMP
RAD,OSF,TBO,DRY,DAY,SINGLE,MODERATE,FINE,RES,EMP
BSP,NSR,SSW,DRY,DAY,SINGLE,LIGHT,FINE,RES,EMP
RAD,WSRE,HON,DRY,DAY,SINGLE,LIGHT,FINE,NRES,EMP
RBT,OSF,HON,DRY,STREET,SINGLE,NO,FINE,RES,BUS - OTHER
RAD,NSR,TAI,DRY,DAY,SINGLE,LIGHT,FINE,RES,EMP
TIN,NSR,TAI,DRY,DAY,SINGLE,LIGHT,FINE,RES,EMP
BSP,TOPR,N2T,DRY,DAY,BUS,LIGHT,FINE,RES,EMP
TIN,FRNT,REVERSING,DRY,DAY,SINGLE,HEAVY,FINE,NRES,CARS TRUCKS
TIN,NSM,SSW,DRY,DAY,MULTI,LIGHT,FINE,RES,EMP
RAD,MIR,SSW,DRY,DAY,MULTI,LIGHT,FINE,UN3PAR,ROA
RAD,NSR,SSW,DRY,DAY,SINGLE,LIGHT,FINE,RES,EMP
XRD,OSR,BTMO,DRY,DAY,SINGLE,LIGHT,FINE,RES,EMP
RAD,NSF,SSW,DRY,DAY,SINGLE,LIGHT,FINE,RES,EMP
BSP,NSR,SSW,DRY,DAY,SINGLE,EXTREME,FINE,RES,EMP
RAD,NSR,REVERSING,DRY,DAY,SINGLE,LIGHT,FINE,RES,EMP
RAD,OSF,SSW,DRY,DAY,SINGLE,LIGHT,FINE,PEND,EMP
RAD,OSF,SSW,DRY,DAY,SINGLE,LIGHT,FINE,NRES,EMP
RAD,NSM,SSW,DRY,DAY,SINGLE,LIGHT,FINE,RES,BUS - OTHER
RAD,NSR,SSW,DRY,NIGHT,SINGLE,HEAVY,FINE,RES,EMP
BSP,OSF,SSW,DRY,DAY,MULTI,MODERATE,FINE,NRES,ROA
RAD,NSR,SSW,DRY,DAY,SINGLE,LIGHT,FINE,RES,EMP
RAD,OSR,SSW,DRY,DAY,SINGLE,LIGHT,FINE,PEND,EMP
RAD,NSR,SSW,DRY,DAY,SINGLE,LIGHT,FINE,NRES,EMP
TIN,NSF,SSW,DRY,DAY,BUS,HEAVY,FINE,RES,EMP
RAD,MIR,SSW,DRY,DAY,SINGLE,NO,FINE,RES,EMP
RAD,OSF,SSW,DRY,DAY,SINGLE,LIGHT,FINE,RES,EMP
RAD,NSR,SSW,DRY,DAY,SINGLE,HEAVY,FINE,RES,BUS - OTHER
RAD,NSM,SSW,DRY,DAY,SINGLE,MODERATE,FINE,RES,EMP
RAD,WIN,SSW,DRY,DAY,SINGLE,LIGHT,FINE,NRES,EMP
RAD,NSM,SSW,DRY,DAY,SINGLE,LIGHT,FINE,RES,EMP
BSP,OSR,SSW,DRY,DAY,SINGLE,LIGHT,FINE,NRES,CARS TRUCKS
RAD,NSM,SSW,DRY,DAY,SINGLE,LIGHT,FINE,RES,EMP
RAD,NSF,BTMO,DRY,DAY,MULTI,LIGHT,FINE,RES,EMP
RBT,OSM,SSW,DRY,DAY,SINGLE,LIGHT,FINE,RES,EMP
BSP,REAR,N2T,DRY,DAY,MULTI,HEAVY,FINE,NRES,ROA
RAD,NSF,SSW,DRY,DAY,SINGLE,LIGHT,FINE,NRES,EMP
RAD,NSM,SSW,DRY,DAY,SINGLE,EXTREME,FINE,RES,EMP
RAD,OSR,REVERSING,DRY,DAY,SINGLE,LIGHT,FINE,RES,EMP
RAD,NSR,SSW,DRY,DAY,SINGLE,LIGHT,FINE,RES,EMP
RAD,MIR,SSW,DRY,DAY,MULTI,HEAVY,FINE,RES,EMP
BSP,MIR,TAI,DRY,NIGHT,BUS,LIGHT,FINE,NRES,BUS - OTHER
RBT,OSM,SSW,WET,DAY,MULTI,MODERATE,RAIN,RES,CARS TRUCKS
BSP,OSR,SSW,DRY,DAY,SINGLE,MODERATE,FINE,UN3PAR,CARS TRUCKS
BSP,OSF,SSW,DRY,DAY,SINGLE,LIGHT,FINE,UN3PAR,ROA
BSP,NSF,SSW,DRY,DAY,SINGLE,LIGHT,SUN,NRES,EMP
RAD,OSR,TAI,DRY,DAY,BUS,LIGHT,FINE,RES,EMP
RBT,REAR,BTMO,DRY,DAY,SINGLE,NO,FINE,RES,BUS - OTHER
RAD,OSM,SSW,DRY,DAY,SINGLE,LIGHT,FINE,RES,EMP
RAD,OSR,TAI,DRY,DAY,SINGLE,LIGHT,FINE,RES,EMP
RAD,OSR,SSW,DRY,DAY,SINGLE,LIGHT,FINE,UN3PAR,GEN
RAD,NSM,SSW,DRY,DUSK,SINGLE,HEAVY,FINE,RES,ROA
RAD,OSR,SSW,DRY,NIGHT,MULTI,LIGHT,FINE,RES,BUS - OTHER
BSP,NSF,BTMO,DRY,DAY,MULTI,LIGHT,FINE,RES,EMP
RAD,OSR,SSW,DRY,DAY,SINGLE,LIGHT,FINE,RES,CARS TRUCKS
RAD,FRNT,SSW,DRY,DAY,SINGLE,LIGHT,FINE,RES,CARS TRUCKS
BSP,NSR,SSW,DRY,DAY,SINGLE,LIGHT,FINE,RES,EMP
RAD,NSF,BTMO,DRY,DAWN,SINGLE,LIGHT,FINE,RES,BUS - OTHER
RAD,NSR,SSW,DRY,DAY,MULTI,HEAVY,FINE,NRES,ROA
XRD,OSF,TBO,DRY,DAY,MULTI,MODERATE,FINE,NRES,ROA
BSP,MIR,SSW,DRY,DAY,MULTI,LIGHT,FINE,RES,EMP
RAD,NSF,SSW,WET,DAY,SINGLE,LIGHT,RAIN,RES,BUS - OTHER
BSP,NSF,ROO,DRY,DAY,SINGLE,NO,FINE,RES,EMP
RAD,NSF,HON,DRY,DAY,SINGLE,LIGHT,FINE,UN3PAR,ROA
RBT,OSM,SSW,DRY,NIGHT,SINGLE,LIGHT,FINE,RES,EMP
BSP,NSM,SSW,DRY,DAWN,SINGLE,HEAVY,RAIN,NRES,CARS TRUCKS
RAD,NSF,SSW,DRY,DAY,SINGLE,LIGHT,FINE,RES,EMP
RAD,OSR,SSW,DRY,DAY,SINGLE,LIGHT,FINE,NRES,EMP
RAD,NSR,N2T,DRY,DAY,SINGLE,LIGHT,FINE,NRES,ROA
RAD,NSF,SSW,DRY,DAY,MULTI,HEAVY,FINE,RES,EMP
RAD,NSF,SSW,DRY,DAY,SINGLE,LIGHT,FINE,RES,EMP
RAD,NSR,SSW,DRY,DAY,SINGLE,LIGHT,FINE,UN3PAR,ROA
RAD,NSF,BTMO,DRY,DAY,MULTI,LIGHT,FINE,RES,EMP
TIN,OSR,TAI,WET,STREET,SINGLE,NO,RAIN,RES,EMP
RAD,OSM,SSW,DRY,DUSK,SINGLE,LIGHT,FINE,RES,EMP
DEPOT,NSM,SSW,DRY,DAY,SINGLE,LIGHT,FINE,RES,CARS TRUCKS
RAD,OSF,SSW,DRY,DAY,MULTI,LIGHT,FINE,UN3PAR,ROA
RAD,NSR,SSW,DRY,DAY,SINGLE,LIGHT,FINE,UNREP,OTH
BSP,NSF,SSW,DRY,DAY,SINGLE,LIGHT,FINE,RES,CARS TRUCKS
BSP,OSR,SSW,DRY,DAWN,SINGLE,MODERATE,FINE,NRES,CARS TRUCKS
BSP,NSF,SSW,DRY,DAY,SINGLE,LIGHT,FINE,RES,EMP
RAD,OSR,REVERSING,DRY,DAY,SINGLE,NO,FINE,RES,CARS TRUCKS
RAD,FRNT,SSW,DRY,NIGHT,SINGLE,LIGHT,FINE,RES,EMP
BSP,MIR,SSW,WET,DAY,SINGLE,LIGHT,RAIN,RES,CARS TRUCKS
BSP,NSM,SSW,DRY,DUSK,SINGLE,LIGHT,FINE,RES,EMP
RAD,NSR,BTMO,DRY,DAY,SINGLE,LIGHT,FINE,RES,CARS TRUCKS
RAD,WIN,SSW,DRY,NIGHT,SINGLE,NO,FINE,INCIDENT,GEN
RAD,NSF,SSW,DRY,DAY,SINGLE,LIGHT,FINE,RES,CARS TRUCKS
RAD,OSF,N2T,DRY,DAY,SINGLE,HEAVY,FINE,RES,EMP
XRD,OSR,N2T,DRY,DAY,SINGLE,MODERATE,FINE,NRES,BUS - OTHER
XRD,NSF,SSW,SLIP,DUSK,MULTI,HEAVY,RAIN,NRES,ROA
BSP,NSM,SSW,DRY,DAY,SINGLE,NO,FINE,RES,EMP
DEPOT,NSM,SSW,WET,DUSK,SINGLE,HEAVY,RAIN,RES,CARS TRUCKS
RAD,NSF,SSW,DRY,DAY,SINGLE,LIGHT,FINE,RES,EMP
RAD,NSF,SSW,DRY,DAY,SINGLE,LIGHT,FINE,NRES,CARS TRUCKS
RAD,OSM,TBO,DRY,DAY,SINGLE,LIGHT,FINE,RES,EMP
RBT,NSM,SSW,DRY,DAY,SINGLE,LIGHT,FINE,NRES,ROA
RAD,NSF,BTMO,DRY,DAY,SINGLE,LIGHT,FINE,RES,EMP
XRD,REAR,N2T,DRY,DAY,SINGLE,MODERATE,FINE,NRES,BUS - OTHER
RBT,NSM,SSW,DRY,DAY,SINGLE,LIGHT,FINE,RES,CARS TRUCKS
RAD,NSF,SSW,DRY,DUSK,SINGLE,LIGHT,FINE,UN3PAR,ROA
RAD,NSR,SSW,DRY,DAY,MULTI,LIGHT,FINE,RES,EMP
RAD,OSR,HON,DRY,DAY,SINGLE,NO,FINE,NRES,ROA
RAD,NSR,SSW,DRY,DAY,SINGLE,LIGHT,FINE,RES,BUS - OTHER
RAD,TOPM,SSW,DRY,DAY,SINGLE,LIGHT,FINE,UNREP,OTH
TIN,OSM,SSW,DRY,DAY,SINGLE,HEAVY,FINE,RES,CARS TRUCKS
RAD,NSR,SSW,DRY,DAY,SINGLE,LIGHT,FINE,UNREP,OTH
XRD,FRNT,BTMO,DRY,DAY,SINGLE,LIGHT,FINE,RES,EMP
BSP,OSR,SSW,DRY,DAY,MULTI,LIGHT,FINE,UN3PAR,ROA
RAD,FRNT,HON,DRY,DAY,MULTI,MODERATE,FINE,INCIDENT,CARS TRUCKS
BSP,NSR,SSW,DRY,DAY,SINGLE,LIGHT,FINE,RES,EMP
BSP,MIR,SSW,DRY,DAY,MULTI,LIGHT,FINE,RES,BUS - OTHER
BSP,NSF,HON,DRY,DAY,MULTI,NO,FINE,RES,EMP
BSP,NSF,HON,DRY,DAY,SINGLE,LIGHT,FINE,RES,EMP
RAD,FRNT,SSW,DRY,NIGHT,SINGLE,MODERATE,FINE,UN3PAR,GEN
BSP,WIN,SSW,DRY,NIGHT,SINGLE,LIGHT,FINE,INCIDENT,GEN
RAD,MIR,ROO,DRY,DAY,SINGLE,LIGHT,FINE,UN3PAR,GEN
RAD,FRNT,HON,DRY,DAWN,MULTI,NO,FINE,INCIDENT,OTH
BSP,NSR,SSW,DRY,DAY,BUS,LIGHT,FINE,NRES,EMP
RAD,NSF,TBO,WET,DAY,BUS,HEAVY,RAIN,NRES,ROA
RAD,NSM,SSW,DRY,DAY,SINGLE,LIGHT,FINE,NRES,OTH
BSP,NSR,SSW,DRY,DAY,SINGLE,LIGHT,FINE,RES,EMP
RAD,NSR,SSW,DRY,DAY,SINGLE,LIGHT,FINE,RES,EMP
RAD,OSR,REVERSING,DRY,DAY,SINGLE,LIGHT,FINE,RES,EMP
RAD,FRNT,SSW,DRY,DAY,SINGLE,LIGHT,FINE,RES,EMP
RAD,NSR,SSW,DRY,DAY,SINGLE,LIGHT,FINE,NRES,EMP
RAD,FRNT,SSW,DRY,DAY,SINGLE,MODERATE,FINE,RES,EMP
RAD,OSR,SSW,DRY,DAY,SINGLE,LIGHT,FINE,PEND,EMP
RAD,NSF,SSW,DRY,DAY,SINGLE,LIGHT,FINE,NRES,EMP
BSP,NSM,SSW,DRY,DAY,SINGLE,LIGHT,FINE,RES,EMP
RAD,OSF,SSW,DRY,DAY,SINGLE,LIGHT,FINE,NRES,ROA
RAD,OSM,SSW,DRY,DAY,SINGLE,LIGHT,FINE,RES,EMP
RAD,OSR,SSW,DRY,DAY,BUS,EXTREME,FINE,NRES,CARS TRUCKS
RAD,OSR,SSW,DRY,DAY,SINGLE,LIGHT,FINE,RES,CARS TRUCKS
RAD,NSR,SSW,DRY,DAY,SINGLE,MODERATE,FINE,NRES,ROA
RAD,NSF,SSW,DRY,DAY,SINGLE,LIGHT,FINE,RES,EMP
RAD,FRNT,SSW,DRY,DAY,MULTI,LIGHT,FINE,RES,EMP
TIN,NSR,SSW,DRY,DAY,MULTI,LIGHT,FINE,RES,EMP
RAD,NSM,SSW,WET,DAY,SINGLE,LIGHT,RAIN,RES,EMP
RAD,MIR,SSW,DRY,DAY,SINGLE,LIGHT,FINE,RES,EMP
RAD,NSR,HON,DRY,DUSK,SINGLE,NO,FINE,RES,CARS TRUCKS
TIN,NSF,SSW,DRY,DAY,SINGLE,LIGHT,FINE,UN3PAR,ROA
BSP,NSM,SSW,WET,DAY,MULTI,HEAVY,RAIN,NRES,EMP
BSP,OSR,N2T,DRY,DAY,MULTI,HEAVY,FINE,NRES,ROA
XRD,NSR,N2T,DRY,NIGHT,MULTI,LIGHT,FINE,UN3PAR,CARS TRUCKS
TIN,FRNT,HON,DRY,DAY,MULTI,MODERATE,FINE,NRES,POW
RAD,FRNT,SSW,DRY,DAY,SINGLE,LIGHT,FINE,RES,EMP
RAD,FRNT,BTMO,DRY,NIGHT,SINGLE,LIGHT,FINE,RES,EMP
RAD,NSR,SSW,DRY,DAY,SINGLE,LIGHT,FINE,RES,EMP
RAD,NSM,SSW,DRY,DAY,SINGLE,LIGHT,FINE,RES,CARS TRUCKS
RAD,FRNT,SSW,DRY,DAY,SINGLE,LIGHT,FINE,RES,EMP
XRD,FRNT,SSW,DRY,DAY,SINGLE,LIGHT,FINE,RES,CARS TRUCKS
TIN,OSM,SSW,DRY,DAY,SINGLE,HEAVY,FINE,NRES,EMP
BSP,NSR,SSW,DRY,DAY,MULTI,MODERATE,FINE,RES,EMP
BSP,MIR,SSW,DRY,DAY,SINGLE,MODERATE,FINE,RES,EMP
RBT,NSR,SSW,DRY,NIGHT,SINGLE,LIGHT,FINE,RES,EMP
RAD,NSM,SSW,WET,DAY,SINGLE,MODERATE,RAIN,RES,CARS TRUCKS
BSP,NSM,SSW,DRY,NIGHT,SINGLE,NO,FINE,RES,EMP
RAD,FRNT,SSW,DRY,DAY,SINGLE,LIGHT,FINE,RES,EMP
RAD,NSF,SSW,DRY,DAY,SINGLE,LIGHT,FINE,RES,EMP
TIN,FRNT,TBO,DRY,DAY,MULTI,MODERATE,FINE,RES,CARS TRUCKS
RAD,NSR,TAI,DRY,NIGHT,SINGLE,LIGHT,FINE,RES,BUS - OTHER
RAD,NSF,SSW,DRY,DAY,SINGLE,LIGHT,FINE,NRES,EMP
RAD,NSR,REVERSING,DRY,DAY,SINGLE,LIGHT,FINE,RES,EMP
RAD,NSR,TAI,DRY,DAY,MULTI,HEAVY,FINE,RES,CARS TRUCKS
BSP,REAR,N2T,DRY,DAY,SINGLE,LIGHT,FINE,NRES,GEN
RAD,NSM,SSW,DRY,DAY,SINGLE,LIGHT,FINE,RES,EMP
RAD,MIR,SSW,DRY,DAY,SINGLE,LIGHT,FINE,RES,EMP
RBT,NSR,TAI,DRY,DAY,SINGLE,LIGHT,FINE,RES,EMP
RAD,MIR,SSW,DRY,DAY,SINGLE,LIGHT,FINE,RES,EMP
DEPOT,NSM,SSW,SLIP,DAY,SINGLE,LIGHT,FINE,RES,EMP
XRD,NSM,SSW,DRY,DAY,MULTI,MODERATE,FINE,NRES,CARS TRUCKS
RAD,TOPF,ROO,DRY,DAY,SINGLE,LIGHT,FINE,RES,EMP
XRD,NSM,SSW,DRY,DAY,SINGLE,MODERATE,FINE,RES,BUS - OTHER
RAD,NSR,SSW,DRY,DAY,SINGLE,LIGHT,FINE,RES,CARS TRUCKS
TIN,NSM,SSW,DRY,NIGHT,MULTI,LIGHT,FINE,RES,BUS - OTHER
RAD,NSR,SSW,DRY,DAY,MULTI,LIGHT,FINE,RES,EMP
BSP,NSM,SSW,DRY,DAY,SINGLE,MODERATE,FINE,RES,EMP
RAD,OSR,SSW,DRY,NIGHT,MULTI,LIGHT,FINE,UN3PAR,CARS TRUCKS
RAD,REAR,TAI,DRY,DAY,SINGLE,LIGHT,FINE,RES,CARS TRUCKS
RAD,REAR,TAI,WET,DAY,BUS,HEAVY,RAIN,RES,EMP
RAD,OSF,SSW,DRY,DAY,SINGLE,LIGHT,FINE,RES,EMP
RAD,NSM,SSW,DRY,DAY,SINGLE,LIGHT,FINE,RES,EMP
RAD,NSF,SSW,DRY,DAY,SINGLE,MODERATE,FINE,RES,CARS TRUCKS
RAD,FRNT,N2T,DRY,DAY,SINGLE,LIGHT,FINE,RES,EMP
BSP,NSM,SSW,DRY,DAY,SINGLE,LIGHT,FINE,RES,EMP
RAD,OSF,SSW,DRY,DAY,MULTI,HEAVY,FINE,NRES,CARS TRUCKS
RAD,OSM,SSW,DRY,DAY,SINGLE,LIGHT,FINE,NRES,EMP
BSP,NSM,SSW,DRY,DAY,SINGLE,HEAVY,FINE,RES,CARS TRUCKS
RAD,REAR,REVERSING,DRY,DAY,SINGLE,NO,FINE,RES,EMP
DEPOT,REAR,REVERSING,DRY,DAY,BUS,NO,FINE,RES,EMP
RAD,OSR,N2T,DRY,DAY,SINGLE,LIGHT,FINE,NRES,CARS TRUCKS
RAD,NSM,SSW,DRY,DAY,SINGLE,LIGHT,FINE,RES,BUS - OTHER
RAD,OSR,SSW,DRY,DAY,MULTI,LIGHT,FINE,RES,BUS - OTHER
RAD,FRNT,N2T,WET,DAY,FREE,EXTREME,RAIN,RES,EMP
RAD,NSM,BTMO,DRY,DAY,SINGLE,LIGHT,FINE,RES,CARS TRUCKS
RAD,FRNT,BTMO,WET,DAY,SINGLE,LIGHT,RAIN,INCIDENT,OTH
RAD,NSF,SSW,DRY,DAY,SINGLE,MODERATE,FINE,RES,EMP
RAD,OSF,SSW,DRY,DAY,SINGLE,LIGHT,FINE,RES,EMP
RAD,NSR,SSW,DRY,DAY,SINGLE,LIGHT,FINE,RES,EMP
BSP,NSM,SSW,DRY,DAY,SINGLE,LIGHT,FINE,RES,CARS TRUCKS
RAD,OSF,SSW,DRY,DAY,SINGLE,LIGHT,FINE,NRES,EMP
RAD,NSF,SSW,DRY,DAY,SINGLE,LIGHT,FINE,RES,EMP
RAD,NSR,SSW,DRY,DAY,SINGLE,LIGHT,FINE,RES,EMP
RAD,OSR,SSW,DRY,DAY,SINGLE,LIGHT,FINE,RES,EMP
RAD,OSF,SSW,DRY,DAY,SINGLE,LIGHT,FINE,RES,EMP
RAD,NSF,SSW,DRY,DAY,SINGLE,LIGHT,FINE,NRES,EMP
RAD,OSF,SSW,DRY,DAY,SINGLE,LIGHT,FINE,NRES,EMP
RAD,REAR,SSW,DRY,DAY,SINGLE,LIGHT,FINE,RES,EMP
RAD,FRNT,SSW,DRY,DAY,SINGLE,LIGHT,FINE,RES,EMP
RAD,OSF,SSW,DRY,DAY,SINGLE,LIGHT,FINE,RES,EMP
RAD,NSM,SSW,WET,DAY,MULTI,HEAVY,RAIN,RES,BUS - OTHER
RAD,NSF,SSW,DRY,DAY,SINGLE,LIGHT,FINE,RES,EMP
RAD,NSM,SSW,DRY,DAY,SINGLE,LIGHT,FINE,RES,EMP
RAD,NSF,SSW,DRY,DAY,SINGLE,LIGHT,FINE,NRES,EMP
RAD,NSR,SSW,DRY,DAY,SINGLE,LIGHT,FINE,RES,EMP
RAD,REAR,SSW,DRY,DAY,SINGLE,LIGHT,FINE,NRES,EMP
RAD,NSM,SSW,DRY,DAY,SINGLE,LIGHT,FINE,NRES,EMP
RAD,NSM,SSW,DRY,DAY,SINGLE,LIGHT,FINE,RES,EMP
RAD,NSM,SSW,DRY,DAY,SINGLE,LIGHT,FINE,RES,EMP
RAD,OSR,SSW,DRY,DAY,SINGLE,LIGHT,FINE,NRES,EMP
RAD,NSM,SSW,DRY,DAY,SINGLE,LIGHT,FINE,RES,EMP
RAD,NSF,SSW,DRY,DAY,SINGLE,LIGHT,FINE,RES,EMP
RAD,OSF,SSW,DRY,DAY,SINGLE,LIGHT,FINE,NRES,EMP
RAD,NSF,SSW,DRY,DAY,SINGLE,LIGHT,FINE,RES,EMP
RAD,NSF,SSW,DRY,DAY,SINGLE,LIGHT,FINE,RES,EMP
RAD,NSM,SSW,DRY,DAY,SINGLE,LIGHT,FINE,NRES,EMP
RAD,NSR,SSW,DRY,DAY,SINGLE,LIGHT,FINE,RES,EMP
RAD,NSR,SSW,DRY,DAY,SINGLE,LIGHT,FINE,RES,EMP
BSP,FRNT,BTMO,DRY,DUSK,SINGLE,MODERATE,FINE,INCIDENT,OTH
RAD,NSR,SSW,DRY,DAY,SINGLE,LIGHT,FINE,NRES,EMP
RAD,NSF,SSW,DRY,DAY,SINGLE,LIGHT,FINE,NRES,EMP
RAD,REAR,SSW,DRY,DAY,SINGLE,LIGHT,FINE,NRES,EMP
RAD,OSM,SSW,DRY,DAY,SINGLE,LIGHT,FINE,NRES,EMP
RAD,NSF,SSW,DRY,DAY,SINGLE,LIGHT,FINE,RES,EMP
RAD,NSF,SSW,DRY,DAY,SINGLE,LIGHT,FINE,NRES,EMP
RAD,OSR,SSW,DRY,DAY,SINGLE,LIGHT,FINE,RES,EMP
RAD,OSF,SSW,DRY,DAY,SINGLE,LIGHT,FINE,NRES,EMP
RAD,TOPR,SSW,DRY,DAY,SINGLE,LIGHT,FINE,RES,EMP
RAD,NSM,SSW,DRY,DAY,MULTI,MODERATE,FINE,RES,CARS TRUCKS
RAD,NSM,SSW,DRY,DAY,SINGLE,LIGHT,FINE,RES,EMP
RAD,REAR,N2T,DRY,DAY,MULTI,LIGHT,FINE,NRES,ROA
RAD,OSF,SSW,DRY,DAY,SINGLE,LIGHT,FINE,NRES,EMP
RAD,OSF,SSW,DRY,DAY,SINGLE,LIGHT,FINE,NRES,EMP
RAD,TOPM,SSW,DRY,DAY,SINGLE,LIGHT,FINE,RES,EMP
BSP,OSM,SSW,DRY,DAY,SINGLE,LIGHT,FINE,NRES,EMP
RAD,OSM,SSW,DRY,DAY,SINGLE,LIGHT,FINE,RES,EMP
RAD,NSM,SSW,DRY,DAY,SINGLE,LIGHT,FINE,RES,EMP
RAD,NSF,SSW,DRY,DAY,SINGLE,LIGHT,FINE,RES,EMP
RAD,NSR,SSW,DRY,DAY,SINGLE,LIGHT,FINE,RES,EMP
RAD,FRNT,TBO,DRY,DAY,SINGLE,LIGHT,FINE,RES,EMP
BSP,NSR,TAI,DRY,DAY,SINGLE,MODERATE,FINE,RES,EMP
RAD,OSM,SSW,DRY,DAY,SINGLE,LIGHT,FINE,NRES,EMP
RAD,NSR,SSW,DRY,DAY,SINGLE,LIGHT,FINE,RES,EMP
RAD,NSF,SSW,DRY,DAY,SINGLE,LIGHT,FINE,NRES,EMP
RAD,NSM,SSW,DRY,DAY,SINGLE,LIGHT,FINE,NRES,EMP
RAD,NSF,SSW,DRY,DAY,SINGLE,LIGHT,FINE,RES,EMP
RAD,NSF,SSW,DRY,DAY,SINGLE,LIGHT,FINE,RES,EMP
RAD,FRNT,SSW,DRY,DAY,SINGLE,LIGHT,FINE,RES,EMP
RAD,NSM,SSW,DRY,DAY,SINGLE,LIGHT,FINE,RES,EMP
RAD,NSR,SSW,DRY,DAY,SINGLE,LIGHT,FINE,RES,CARS TRUCKS
RAD,NSR,SSW,DRY,DAY,SINGLE,LIGHT,FINE,RES,EMP
RAD,NSF,SSW,DRY,DAY,SINGLE,LIGHT,FINE,RES,EMP
RAD,NSF,SSW,DRY,DAY,SINGLE,LIGHT,FINE,RES,EMP
RAD,NSF,SSW,DRY,DAY,SINGLE,LIGHT,FINE,RES,EMP
RAD,OSM,SSW,DRY,DAY,SINGLE,HEAVY,FINE,RES,CARS TRUCKS
RAD,OSR,BTMO,DRY,DAY,SINGLE,NO,FINE,RES,EMP
RAD,REAR,SSW,DRY,DAY,SINGLE,LIGHT,FINE,RES,EMP
RAD,NSR,SSW,DRY,DAY,SINGLE,LIGHT,FINE,RES,EMP
BSP,OSR,SSW,DRY,DAY,SINGLE,MODERATE,FINE,NRES,ROA
RAD,NSM,SSW,DRY,DAY,SINGLE,LIGHT,FINE,RES,EMP
RAD,NSR,SSW,DRY,DAY,SINGLE,LIGHT,FINE,NRES,EMP
RAD,NSM,SSW,DRY,DAY,SINGLE,LIGHT,FINE,RES,EMP
RAD,OSF,SSW,DRY,DAY,SINGLE,LIGHT,FINE,RES,EMP
RAD,OSR,SSW,DRY,DAY,SINGLE,LIGHT,FINE,NRES,EMP
RAD,OSR,SSW,DRY,DAY,SINGLE,LIGHT,FINE,RES,EMP
RAD,OSF,SSW,DRY,DAY,SINGLE,LIGHT,FINE,RES,EMP
RAD,NSR,SSW,DRY,DAY,SINGLE,LIGHT,FINE,RES,EMP
RAD,NSR,SSW,DRY,DAY,SINGLE,LIGHT,FINE,RES,EMP
RAD,REAR,SSW,DRY,DAY,SINGLE,LIGHT,FINE,RES,EMP
RAD,NSR,SSW,DRY,DAY,SINGLE,LIGHT,FINE,RES,EMP
BSP,NSR,SSW,DRY,DAY,SINGLE,LIGHT,FINE,INCIDENT,PAS
RAD,NSR,SSW,DRY,DAY,SINGLE,LIGHT,FINE,NRES,EMP
RAD,NSR,SSW,DRY,DAY,SINGLE,LIGHT,FINE,RES,EMP
RAD,NSM,SSW,DRY,DAY,SINGLE,LIGHT,FINE,RES,EMP
RAD,NSF,SSW,DRY,DAY,SINGLE,LIGHT,FINE,RES,EMP
RAD,OSR,SSW,DRY,DAY,SINGLE,LIGHT,FINE,RES,EMP
RAD,OSF,SSW,DRY,DAY,SINGLE,LIGHT,FINE,NRES,EMP
RAD,OSF,SSW,DRY,DAY,SINGLE,LIGHT,FINE,RES,EMP
RAD,OSR,SSW,DRY,DAY,SINGLE,LIGHT,FINE,NRES,EMP
RAD,OSR,SSW,DRY,DAY,SINGLE,LIGHT,FINE,NRES,EMP
RAD,NSM,SSW,DRY,DAY,SINGLE,LIGHT,FINE,RES,EMP
RAD,OSR,SSW,DRY,DAY,SINGLE,LIGHT,FINE,NRES,EMP
RAD,NSF,SSW,DRY,DAY,SINGLE,LIGHT,FINE,RES,EMP
RAD,NSR,SSW,DRY,DAY,SINGLE,LIGHT,FINE,RES,EMP
RAD,FRNT,SSW,DRY,DAY,SINGLE,LIGHT,FINE,RES,EMP