location_code,damage_code,collision_code,road_code,light_code,road_type_code,traffic_code,weather_code,emp_liability_code,kpi_cause_code
RAD,NSR,SSW,DRY,DAY,SINGLE,LIGHT,FINE,NRES,EMP
RBT,REAR,N2T,DRY,DAY,SINGLE,LIGHT,FINE,NRES,CARS TRUCKS
RAD,NSR,SSW,WET,DAY,MULTI,LIGHT,FINE,RES,EMP
RAD,NSR,SSW,DRY,DAY,SINGLE,LIGHT,FINE,RES,EMP
TIN,NSM,SSW,DRY,DAY,SINGLE,LIGHT,FINE,RES,EMP
RAD,NSF,SSW,DRY,DAY,SINGLE,NO,FINE,RES,EMP
BSP,OSR,N2T,DRY,DAY,MULTI,HEAVY,FINE,NRES,ROA
RAD,FRNT,SSW,DRY,DAY,SINGLE,HEAVY,FINE,RES,CARS TRUCKS
RAD,NSF,SSW,DRY,NIGHT,MULTI,HEAVY,FINE,RES,EMP
BSP,OSR,SSW,DRY,DAY,SINGLE,LIGHT,FINE,NRES,CARS TRUCKS
RAD,OSF,SSW,DRY,DAY,SINGLE,LIGHT,FINE,NRES,EMP
BSP,OSF,SSW,DRY,DAY,MULTI,LIGHT,FINE,UN3PAR,CARS TRUCKS
RAD,FRNT,SSW,DRY,DAY,SINGLE,NO,FINE,RES,EMP
BSP,MIR,SSW,DRY,DAY,SINGLE,LIGHT,FINE,RES,EMP
BSP,NSR,SSW,DRY,DAY,SINGLE,LIGHT,FINE,RES,EMP
RAD,OSM,SSW,DRY,DAY,MULTI,MODERATE,FINE,NRES,CARS TRUCKS
RAD,NSM,SSW,DRY,DAY,SINGLE,LIGHT,FINE,RES,EMP
DEPOT,REAR,TAI,DRY,NIGHT,BUS,NO,FINE,RES,BUS - OTHER
RAD,FRNT,SSW,DRY,DAY,SINGLE,MODERATE,FINE,NRES,CARS TRUCKS
RAD,OSM,SSW,DRY,DAY,SINGLE,LIGHT,FINE,RES,EMP
RAD,NSM,SSW,DRY,DAY,SINGLE,NO,FINE,RES,CARS TRUCKS
BSP,OSR,SSW,DRY,DAY,BUS,HEAVY,FINE,UN3PAR,CARS TRUCKS
RAD,OSR,SSW,DRY,DAY,SINGLE,LIGHT,FINE,NRES,CARS TRUCKS
RAD,FRNT,HON,DRY,DAY,SINGLE,MODERATE,FINE,RES,EMP
BSP,TOPF,HON,DRY,DAY,BUS,LIGHT,FINE,RES,CARS TRUCKS
RAD,FRNT,BTMO,DRY,DAY,SINGLE,LIGHT,RAIN,INCIDENT,OTH
RAD,OSM,SSW,DRY,DAY,SINGLE,LIGHT,FINE,NRES,EMP
RAD,REAR,SSW,DRY,DAY,SINGLE,LIGHT,FINE,NRES,EMP
RAD,FRNT,SSW,DRY,DAY,SINGLE,LIGHT,FINE,RES,EMP
XRD,NSM,SSW,WET,DAWN,MULTI,MODERATE,RAIN,NRES,CARS TRUCKS
BSP,NSR,SSW,WET,DAY,SINGLE,NO,RAIN,NRES,CARS TRUCKS
RAD,NSM,SSW,DRY,DAY,SINGLE,LIGHT,FINE,RES,EMP
RAD,OSM,SSW,DRY,DAY,SINGLE,NO,FINE,RES,BUS - OTHER
BSP,NSM,SSW,DRY,DUSK,SINGLE,LIGHT,FINE,UN3PAR,CARS TRUCKS
RAD,NSR,SSW,DRY,DAY,SINGLE,HEAVY,FINE,RES,EMP
RBT,TOPR,HON,DRY,DAY,SINGLE,LIGHT,FINE,RES,BUS - OTHER
RAD,NSF,SSW,DRY,DAY,MULTI,HEAVY,FINE,RES,EMP
RAD,NSR,SSW,DRY,DAY,SINGLE,LIGHT,FINE,RES,EMP
BSP,OSR,SSW,DRY,DAY,SINGLE,LIGHT,FINE,NRES,CARS TRUCKS
RAD,FRNT,N2T,DRY,DAY,SINGLE,LIGHT,FINE,RES,EMP
BSP,OSR,N2T,DRY,DAY,BUS,LIGHT,FINE,NRES,BUS - OTHER
RAD,MIR,SSW,DRY,DAY,MULTI,MODERATE,FINE,NRES,CARS TRUCKS
BSP,NSF,SSW,WET,DAY,MULTI,LIGHT,RAIN,RES,EMP
RAD,TOPF,ROO,DRY,DAY,SINGLE,LIGHT,FINE,RES,BUS - OTHER
XRD,NSR,SSW,DRY,DAY,SINGLE,HEAVY,FINE,RES,EMP
RAD,NSR,SSW,DRY,DAY,SINGLE,LIGHT,FINE,NRES,GEN
RAD,FRNT,REVERSING,DRY,DUSK,SINGLE,LIGHT,FINE,NRES,CARS TRUCKS
RAD,NSM,SSW,DRY,DAY,SINGLE,LIGHT,FINE,RES,EMP
RAD,NSM,SSW,DRY,DAY,SINGLE,NO,FINE,RES,EMP
RAD,NSF,SSW,DRY,DAY,SINGLE,LIGHT,FINE,RES,EMP
RAD,NSR,SSW,DRY,DAY,SINGLE,LIGHT,FINE,RES,EMP
RAD,NSR,SSW,DRY,DAY,SINGLE,LIGHT,FINE,UN3PAR,GEN
RAD,NSR,TAI,DRY,DAY,SINGLE,NO,FINE,RES,EMP
RAD,NSR,SSW,DRY,DAY,SINGLE,LIGHT,FINE,RES,EMP
RAD,OSM,SSW,DRY,DAY,SINGLE,NO,FINE,RES,EMP
RAD,NSM,SSW,WET,DAY,SINGLE,LIGHT,RAIN,NRES,ROA
RAD,NSR,SSW,DRY,DAY,SINGLE,LIGHT,FINE,UNREP,OTH
RAD,FRNT,REVERSING,DRY,DAY,SINGLE,LIGHT,FINE,NRES,CARS TRUCKS
RBT,NSR,TAI,DRY,DAY,MULTI,LIGHT,FINE,RES,CARS TRUCKS
RAD,NSR,SSW,DRY,DAY,MULTI,LIGHT,FINE,RES,CARS TRUCKS
RAD,FRNT,HON,DRY,DAY,SINGLE,LIGHT,FINE,RES,BUS - OTHER
RAD,NSR,REVERSING,DRY,DAY,BUS,LIGHT,FINE,RES,EMP
RAD,OSM,SSW,DRY,DAY,SINGLE,LIGHT,FINE,RES,EMP
BSP,NSF,SSW,DRY,DAY,SINGLE,NO,FINE,INCIDENT,GEN
BSP,OSF,TBO,DRY,DAY,SINGLE,MODERATE,FINE,UN3PAR,GEN
RAD,WIN,SSW,DRY,DAY,SINGLE,LIGHT,FINE,RES,BUS - OTHER
BSP,MIR,SSW,WET,DAWN,MULTI,LIGHT,RAIN,RES,BUS - OTHER
RAD,OSR,SSW,DRY,DAY,SINGLE,LIGHT,FINE,NRES,EMP
RAD,NSR,TAI,DRY,DAY,SINGLE,LIGHT,FINE,RES,CARS TRUCKS
RAD,TOPM,ROO,DRY,DAY,SINGLE,NO,FINE,RES,CARS TRUCKS
RAD,NSF,SSW,DRY,DAY,SINGLE,LIGHT,FINE,RES,EMP
RAD,NSR,SSW,DRY,DAY,SINGLE,LIGHT,FINE,RES,CARS TRUCKS
RAD,NSR,SSW,DRY,DAY,SINGLE,LIGHT,FINE,NRES,EMP
BSP,MIR,SSW,WET,DUSK,BUS,LIGHT,RAIN,RES,EMP
BSP,NSM,SSW,DRY,DAY,SINGLE,LIGHT,FINE,NRES,GEN
BSP,WIN,SSW,DRY,DAY,SINGLE,LIGHT,FINE,UN3PAR,CARS TRUCKS
RAD,FRNT,SSW,DRY,DAY,SINGLE,LIGHT,FINE,RES,EMP
RAD,NSF,ROO,DRY,NIGHT,MULTI,MODERATE,FINE,RES,BUS - OTHER
BSP,REAR,SSW,WET,DAY,SINGLE,LIGHT,FINE,RES,BUS - OTHER
RAD,OSR,TAI,DRY,DAY,MULTI,HEAVY,FINE,RES,EMP
RAD,OSF,TBO,DRY,DAY,SINGLE,MODERATE,FINE,UN3PAR,CARS TRUCKS
RAD,NSF,SSW,DRY,DAY,MULTI,LIGHT,FINE,NRES,CARS TRUCKS
RAD,NSF,SSW,DRY,DAY,SINGLE,LIGHT,FINE,NRES,EMP
RAD,NSR,SSW,DRY,DAY,SINGLE,LIGHT,FINE,RES,EMP
RAD,Small dent in f,SSW,DRY,DAY,SINGLE,LIGHT,FINE,NRES,EMP
RAD,NSF,SSW,DRY,DAY,SINGLE,LIGHT,FINE,RES,EMP
RAD,MIR,SSW,DRY,DAY,SINGLE,LIGHT,FINE,NRES,EMP
RAD,NSM,SSW,DRY,DAY,SINGLE,LIGHT,FINE,RES,EMP
XRD,OSM,TBO,DRY,DAY,SINGLE,LIGHT,FINE,NRES,CARS TRUCKS
RAD,NSR,SSW,DRY,DAY,SINGLE,LIGHT,FINE,PEND,EMP
RAD,NSR,SSW,DRY,DAY,SINGLE,LIGHT,FINE,RES,EMP
RAD,FRNT,SSW,DRY,DAY,SINGLE,LIGHT,FINE,RES,EMP
RAD,FRNT,N2T,DRY,NIGHT,MULTI,MODERATE,FINE,RES,EMP
BSP,NSF,SSW,DRY,DAY,SINGLE,LIGHT,FINE,RES,EMP
RAD,NSM,SSW,DRY,DAY,SINGLE,LIGHT,FINE,INCIDENT,GEN
XRD,OSF,TAI,DRY,DAY,MULTI,MODERATE,FINE,NRES,OTH
DEPOT,NSF,SSW,DRY,NIGHT,BUS,NO,FINE,RES,BUS - OTHER
RAD,REAR,SSW,DRY,DAY,SINGLE,LIGHT,FINE,NRES,EMP
RAD,NSR,SSW,DRY,DAY,SINGLE,LIGHT,FINE,RES,CARS TRUCKS
RAD,NSR,SSW,DRY,DAY,SINGLE,LIGHT,FINE,RES,EMP
RAD,FRNT,HON,DRY,DAY,SINGLE,LIGHT,FINE,RES,EMP
RAD,OSM,SSW,DRY,DAWN,MULTI,EXTREME,FINE,RES,CARS TRUCKS
RAD,NSR,SSW,DRY,DAY,SINGLE,LIGHT,FINE,RES,CARS TRUCKS
RAD,NSF,SSW,DRY,DAY,SINGLE,HEAVY,FINE,RES,EMP
BSP,NSR,SSW,DRY,DAY,BUS,NO,FINE,RES,EMP
RAD,NSR,SSW,DRY,DAY,SINGLE,LIGHT,FINE,RES,EMP
RAD,MIR,SSW,DRY,DAY,MULTI,HEAVY,FINE,NRES,CARS TRUCKS
RAD,REAR,REVERSING,DRY,DAY,SINGLE,NO,FINE,RES,EMP
BSP,REAR,SSW,DRY,NIGHT,BUS,NO,FINE,NRES,CARS TRUCKS
RAD,NSF,SSW,DRY,DAY,MULTI,LIGHT,FINE,RES,EMP
BSP,MIR,SSW,DRY,DAY,MULTI,HEAVY,FINE,RES,EMP
RAD,NSM,SSW,DRY,DAY,SINGLE,LIGHT,FINE,RES,EMP
RAD,OSM,SSW,DRY,DAY,SINGLE,LIGHT,FINE,RES,EMP
BSP,OSR,SSW,DRY,DAY,MULTI,HEAVY,FINE,NRES,GEN
RAD,NSM,SSW,DRY,DAY,SINGLE,LIGHT,FINE,RES,EMP
RAD,NSR,SSW,DRY,DAY,SINGLE,LIGHT,FINE,RES,CARS TRUCKS
RAD,NSR,SSW,DRY,DAY,SINGLE,LIGHT,FINE,RES,EMP
BSP,MIR,SSW,DRY,NIGHT,SINGLE,LIGHT,FINE,RES,EMP
RAD,NSR,REVERSING,DRY,DAY,SINGLE,NO,FINE,RES,EMP
RBT,NSF,BTMO,DRY,DAY,SINGLE,HEAVY,FINE,RES,EMP
RAD,NSM,SSW,DRY,DAY,SINGLE,EXTREME,FINE,RES,BUS - OTHER
RAD,FRNT,SSW,DRY,DAY,MULTI,LIGHT,FINE,NRES,CARS TRUCKS
TIN,OSR,TAI,DRY,DAWN,BUS,HEAVY,FINE,RES,EMP
BSP,FRNT,SSW,DRY,DAY,SINGLE,NO,FINE,RES,EMP
XRD,WSRE,BTMO,WET,DAY,SINGLE,MODERATE,RAIN,RES,EMP
BSP,OSF,SSW,DRY,DAY,SINGLE,NO,FINE,RES,EMP
BSP,OSR,SSW,DRY,DAY,MULTI,MODERATE,FINE,RES,BUS - OTHER
RAD,NSR,SSW,DRY,DAY,SINGLE,LIGHT,FINE,RES,EMP
BSP,MIR,SSW,DRY,DAY,SINGLE,LIGHT,FINE,RES,BUS - OTHER
BSP,NSR,TAI,WET,DAY,SINGLE,LIGHT,RAIN,RES,EMP
BSP,NSM,SSW,DRY,DAY,BUS,LIGHT,FINE,RES,BUS - OTHER
RAD,FRNT,TBO,DRY,DAY,SINGLE,NO,FINE,NRES,CARS TRUCKS
TIN,NSR,SSW,WET,DAY,SINGLE,HEAVY,RAIN,RES,EMP
RAD,OSF,SSW,DRY,DAY,MULTI,LIGHT,FINE,NRES,CARS TRUCKS
RAD,OSM,SSW,DRY,DAY,SINGLE,HEAVY,FINE,RES,BUS - OTHER
RAD,NSR,SSW,DRY,DAY,SINGLE,LIGHT,FINE,NRES,OTH
TIN,OSR,REVERSING,DRY,DAY,SINGLE,NO,FINE,RES,EMP
RAD,NSM,SSW,WET,NIGHT,SINGLE,NO,RAIN,RES,EMP
RAD,NSM,SSW,DRY,DAY,BUS,LIGHT,FINE,INCIDENT,OTH
RAD,OSM,SSW,DRY,DAY,BUS,LIGHT,FINE,NRES,CARS TRUCKS
RAD,OSF,SSW,DRY,DAY,BUS,NO,FINE,RES,EMP
RBT,OSM,SSW,DRY,NIGHT,SINGLE,NO,FINE,RES,EMP
RAD,NSR,SSW,DRY,DAY,SINGLE,LIGHT,FINE,RES,EMP
DEPOT,FRNT,HON,DRY,DAY,SINGLE,NO,FINE,RES,EMP
RAD,OSM,SSW,WET,DAY,MULTI,MODERATE,FINE,NRES,CARS TRUCKS
RAD,NSR,TAI,DRY,DAY,SINGLE,LIGHT,FINE,RES,EMP
RAD,NSR,SSW,DRY,DAY,SINGLE,LIGHT,FINE,RES,EMP
RAD,NSF,SSW,DRY,DAY,SINGLE,LIGHT,FINE,RES,EMP
BSP,MIR,SSW,DRY,DAY,MULTI,HEAVY,FINE,RES,EMP
BSP,OSF,SSW,WET,DAY,SINGLE,HEAVY,RAIN,RES,EMP
TIN,NSF,TBO,DRY,DAY,BUS,MODERATE,FINE,NRES,CARS TRUCKS
RAD,NSF,SSW,DRY,DAY,SINGLE,LIGHT,FINE,RES,EMP
RAD,OSR,REVERSING,DRY,DAY,SINGLE,LIGHT,FINE,RES,EMP
RAD,FRNT,N2T,WET,DUSK,SINGLE,MODERATE,RAIN,RES,BUS - OTHER
BSP,MIR,SSW,DRY,NIGHT,SINGLE,LIGHT,FINE,RES,EMP
RBT,NSF,TBO,DRY,DAY,SINGLE,LIGHT,FINE,NRES,CARS TRUCKS
RAD,OSM,SSW,DRY,DAY,SINGLE,LIGHT,FINE,RES,EMP
BSP,FRNT,ROO,WET,NIGHT,BUS,NO,RAIN,RES,ENV
BSP,NSR,SSW,DRY,DAWN,SINGLE,LIGHT,FINE,RES,CARS TRUCKS
RAD,NSR,SSW,DRY,DAY,SINGLE,LIGHT,FINE,RES,EMP
RAD,NSR,SSW,DRY,DAY,SINGLE,LIGHT,FINE,RES,EMP
RAD,NSR,SSW,WET,DAY,MULTI,HEAVY,RAIN,RES,EMP
DEPOT,OSR,SSW,DRY,DAY,MULTI,NO,FINE,RES,CARS TRUCKS
RAD,NSR,SSW,DRY,DAY,SINGLE,LIGHT,FINE,RES,CARS TRUCKS
RAD,NSF,SSW,DRY,DAY,SINGLE,LIGHT,FINE,NRES,BUS - OTHER
BSP,NSR,SSW,DRY,DAY,SINGLE,LIGHT,FINE,RES,EMP
RAD,NSM,SSW,DRY,DAY,SINGLE,LIGHT,FINE,RES,EMP
RAD,NSF,SSW,DRY,DAY,SINGLE,LIGHT,FINE,NRES,CARS TRUCKS
RAD,NSR,TAI,DRY,DAY,SINGLE,LIGHT,FINE,RES,CARS TRUCKS
RAD,REAR,N2T,DRY,DUSK,MULTI,LIGHT,FINE,NRES,CARS TRUCKS
BSP,NSR,SSW,DRY,DAY,SINGLE,LIGHT,FINE,NRES,CARS TRUCKS
RAD,FRNT,SSW,WET,DAY,MULTI,HEAVY,RAIN,INCIDENT,CARS TRUCKS
RAD,NSM,SSW,DRY,DAY,MULTI,MODERATE,FINE,UN3PAR,OTH
RAD,REAR,SSW,DRY,DAY,SINGLE,LIGHT,FINE,RES,EMP
RAD,NSR,SSW,SLIP,DAY,MULTI,MODERATE,FINE,NRES,CARS TRUCKS
RAD,NSF,SSW,DRY,DAY,MULTI,HEAVY,FINE,NRES,CARS TRUCKS
RAD,OSR,SSW,DRY,NIGHT,SINGLE,LIGHT,FINE,RES,EMP
RAD,OSR,SSW,DRY,DAY,SINGLE,LIGHT,FINE,RES,EMP
RAD,NSF,SSW,DRY,DAY,SINGLE,LIGHT,FINE,NRES,ROA
BSP,REAR,N2T,DRY,DAY,MULTI,LIGHT,FINE,NRES,CARS TRUCKS
RAD,NSF,SSW,DRY,NIGHT,SINGLE,NO,FINE,RES,EMP
RAD,NSF,SSW,DRY,DAY,SINGLE,LIGHT,FINE,RES,EMP
RAD,OSF,SSW,DRY,DAY,SINGLE,LIGHT,FINE,NRES,EMP
BSP,MIR,SSW,DRY,DAY,SINGLE,MODERATE,FINE,UN3PAR,ROA
BSP,REAR,N2T,DRY,DAY,SINGLE,NO,FINE,NRES,EMP
TIN,NSF,SSW,DRY,DAY,SINGLE,NO,FINE,RES,EMP
RAD,NSM,SSW,DRY,DAY,SINGLE,MODERATE,FINE,RES,CARS TRUCKS
RAD,NSR,TAI,DRY,DAY,SINGLE,LIGHT,FINE,UNREP,OTH
RAD,NSF,SSW,DRY,DAY,SINGLE,LIGHT,FINE,PEND,EMP
RAD,REAR,SSW,DRY,DAWN,SINGLE,MODERATE,FINE,RES,EMP
RAD,OSF,SSW,DRY,DAY,MULTI,LIGHT,FINE,NRES,CARS TRUCKS
RAD,MIR,SSW,DRY,DAY,SINGLE,LIGHT,FINE,UN3PAR,CARS TRUCKS
XRD,FRNT,TBO,DRY,DAY,MULTI,MODERATE,FINE,RES,CARS TRUCKS
RBT,MIR,SSW,DRY,DAY,SINGLE,LIGHT,FINE,RES,EMP
BSP,MIR,HON,DRY,DAY,BUS,MODERATE,FINE,RES,EMP
RAD,REAR,N2T,DRY,DAY,MULTI,MODERATE,FINE,NRES,EMP
BSP,MIR,SSW,DRY,DAY,SINGLE,LIGHT,FINE,RES,EMP
BSP,OSR,SSW,DRY,DAWN,SINGLE,LIGHT,FINE,NRES,CARS TRUCKS
RBT,NSM,SSW,DRY,NIGHT,SINGLE,NO,FINE,RES,EMP
RAD,NSM,SSW,DRY,DAY,SINGLE,LIGHT,FINE,NRES,EMP
RAD,NSR,SSW,DRY,DAY,SINGLE,LIGHT,FINE,RES,BUS - OTHER
RAD,NSF,SSW,WET,DUSK,MULTI,HEAVY,RAIN,RES,EMP
BSP,OSR,SSW,DRY,DAY,MULTI,LIGHT,FINE,NRES,CARS TRUCKS
RAD,REAR,SSW,DRY,DAY,SINGLE,LIGHT,FINE,RES,EMP
BSP,OSF,SSW,DRY,DAY,SINGLE,HEAVY,FINE,NRES,CARS TRUCKS
RAD,NSR,SSW,DRY,DAY,SINGLE,NO,FINE,RES,EMP
RAD,MIR,SSW,WET,DAY,SINGLE,HEAVY,RAIN,RES,BUS - OTHER
XRD,FRNT,N2T,DRY,DAY,SINGLE,NO,FINE,NRES,GEN
BSP,NSR,SSW,DRY,DAY,BUS,NO,FINE,INCIDENT,GEN
BSP,REAR,BTMO,WET,DAY,MULTI,MODERATE,RAIN,NRES,CARS TRUCKS
RAD,WIN,SSW,DRY,DAY,SINGLE,LIGHT,FINE,PEND,EMP
RAD,OSF,HON,DRY,DAY,MULTI,HEAVY,FINE,UN3PAR,CARS TRUCKS
RAD,NSF,N2T,DRY,DAY,MULTI,MODERATE,FINE,NRES,CARS TRUCKS
BSP,NSR,SSW,DRY,DAY,SINGLE,LIGHT,FINE,RES,EMP
XRD,FRNT,N2T,DRY,DAY,SINGLE,NO,FINE,NRES,CARS TRUCKS
RAD,NSF,HON,DRY,DAY,SINGLE,MODERATE,FINE,RES,BUS - OTHER
RAD,FRNT,SSW,DRY,DAY,SINGLE,LIGHT,FINE,RES,EMP
RAD,NSR,SSW,DRY,DAY,SINGLE,HEAVY,FINE,RES,CARS TRUCKS
RBT,NSM,SSW,WET,DUSK,MULTI,EXTREME,RAIN,RES,EMP
BSP,NSR,SSW,DRY,DAY,MULTI,LIGHT,FINE,NRES,CARS TRUCKS
RAD,OSM,SSW,DRY,DAY,SINGLE,LIGHT,FINE,UN3PAR,GEN
BSP,MIR,SSW,DRY,DAY,SINGLE,NO,FINE,RES,EMP
BSP,MIR,HON,DRY,DAY,SINGLE,LIGHT,FINE,RES,BUS - OTHER
RAD,NSR,SSW,DRY,DAY,SINGLE,LIGHT,FINE,INCIDENT,EMP
RAD,FRNT,TBO,DRY,DAY,MULTI,LIGHT,FINE,RES,BUS - OTHER
RAD,NSR,SSW,DRY,DAY,SINGLE,EXTREME,FINE,RES,BUS - OTHER
RAD,REAR,REVERSING,DRY,DAY,SINGLE,NO,FINE,RES,EMP
RAD,OSF,HON,DRY,DAY,SINGLE,LIGHT,FINE,RES,EMP
RAD,MIR,SSW,DRY,DAY,MULTI,HEAVY,FINE,NRES,GEN
TIN,NSR,SSW,DRY,DAY,SINGLE,HEAVY,FINE,RES,EMP
RAD,NSF,SSW,DRY,DAY,SINGLE,LIGHT,FINE,RES,EMP
RAD,NSR,SSW,DRY,DAY,SINGLE,NO,FINE,RES,BUS - OTHER
RAD,NSM,SSW,DRY,DAY,SINGLE,LIGHT,FINE,RES,EMP
RAD,MIR,SSW,DRY,NIGHT,MULTI,LIGHT,FINE,RES,CARS TRUCKS
BSP,MIR,SSW,DRY,DAY,MULTI,LIGHT,FINE,NRES,CARS TRUCKS
BSP,NSM,TBO,DRY,DAY,SINGLE,LIGHT,FINE,UN3PAR,CARS TRUCKS
BSP,MIR,SSW,DRY,DAY,SINGLE,LIGHT,FINE,RES,BUS - OTHER
RAD,OSR,SSW,DRY,DAY,MULTI,HEAVY,FINE,NRES,CARS TRUCKS
RAD,NSR,SSW,DRY,DAY,SINGLE,LIGHT,FINE,RES,EMP
RAD,WIN,SSW,DRY,DAY,SINGLE,LIGHT,FINE,RES,EMP
RAD,REAR,REVERSING,DRY,DAY,SINGLE,LIGHT,FINE,RES,EMP
BSP,MIR,SSW,DRY,DAY,BUS,LIGHT,FINE,RES,EMP
RAD,NSF,SSW,DRY,DAY,SINGLE,LIGHT,FINE,RES,EMP
XRD,FRNT,SSW,DRY,DAY,SINGLE,LIGHT,FINE,RES,EMP
BSP,NSR,TAI,DRY,DAY,BUS,NO,SUN,RES,EMP
BSP,REAR,REVERSING,DRY,DAY,SINGLE,LIGHT,FINE,RES,EMP
RAD,OSM,SSW,DRY,DAY,SINGLE,HEAVY,FINE,RES,EMP
BSP,NSR,TAI,DRY,DAY,SINGLE,LIGHT,FINE,RES,EMP
RAD,OSF,SSW,DRY,DAY,SINGLE,LIGHT,FINE,RES,EMP
RAD,NSR,TBO,DRY,DAWN,MULTI,LIGHT,FINE,RES,BUS - OTHER
RAD,OSR,SSW,DRY,DAY,SINGLE,HEAVY,FINE,NRES,CARS TRUCKS
RAD,REAR,SSW,DRY,DAY,SINGLE,LIGHT,FINE,RES,EMP
RAD,WSRE,SSW,DRY,DAY,FREE,LIGHT,FINE,NRES,EMP
RAD,NSR,SSW,DRY,DAY,SINGLE,MODERATE,FINE,RES,EMP
RAD,WIN,SSW,WET,DAY,SINGLE,NO,FINE,RES,EMP
RAD,MIR,SSW,DRY,DAY,MULTI,HEAVY,FINE,NRES,CARS TRUCKS
RAD,MIR,SSW,DRY,DAY,SINGLE,LIGHT,FINE,UN3PAR,EMP
RAD,FRNT,HON,DRY,DAY,SINGLE,NO,FINE,RES,EMP
RAD,TOPR,SSW,DRY,DAY,SINGLE,MODERATE,FINE,RES,EMP
RAD,NSM,SSW,DRY,DAY,SINGLE,LIGHT,FINE,RES,EMP
RAD,NSM,SSW,DRY,DAY,SINGLE,NO,FINE,RES,EMP
XRD,OSR,TAI,DRY,DAY,SINGLE,HEAVY,FINE,RES,EMP
RAD,NSF,SSW,DRY,DAY,SINGLE,LIGHT,FINE,RES,EMP
RAD,NSR,SSW,DRY,DAY,MULTI,LIGHT,FINE,RES,EMP
RAD,NSR,SSW,DRY,DAY,MULTI,LIGHT,FINE,INCIDENT,GEN
RAD,OSM,SSW,DRY,DAY,SINGLE,LIGHT,FINE,RES,EMP
RAD,NSR,SSW,DRY,DAY,SINGLE,NO,FINE,RES,EMP
BSP,NSF,HON,DRY,NIGHT,SINGLE,NO,FINE,RES,EMP
RAD,NSR,SSW,DRY,DAY,SINGLE,LIGHT,FINE,NRES,EMP
RAD,FRNT,SSW,DRY,DAY,SINGLE,NO,FINE,RES,EMP
DEPOT,NSR,SSW,DRY,DAY,BUS,NO,FINE,RES,EMP
RAD,WIN,SSW,DRY,DAY,SINGLE,LIGHT,FINE,PEND,EMP
BSP,FRNT,N2T,DRY,DAY,BUS,NO,FINE,NRES,CARS TRUCKS
BSP,NSR,SSW,DRY,DAWN,SINGLE,LIGHT,FINE,RES,EMP
RAD,NSF,SSW,DRY,DAY,MULTI,MODERATE,FINE,RES,EMP
RBT,TOPR,SSW,DRY,DAY,SINGLE,NO,FINE,RES,EMP
RAD,FRNT,N2T,DRY,DAY,SINGLE,MODERATE,FINE,RES,CARS TRUCKS
RAD,NSF,REVERSING,DRY,DAY,SINGLE,NO,FINE,RES,EMP
BSP,NSR,N2T,DRY,DAY,SINGLE,LIGHT,FINE,RES,EMP
BSP,NSR,BTMO,DRY,DAY,SINGLE,MODERATE,FINE,RES,BUS - OTHER
RAD,OSR,SSW,DRY,DAY,SINGLE,LIGHT,FINE,NRES,EMP
RAD,NSM,SSW,DRY,DAY,MULTI,LIGHT,FINE,RES,CARS TRUCKS
BSP,OSR,SSW,DRY,DAY,SINGLE,MODERATE,FINE,NRES,BUS - OTHER
BSP,MIR,SSW,DRY,DAY,SINGLE,LIGHT,FINE,UN3PAR,CARS TRUCKS
RAD,OSF,SSW,DRY,DAY,SINGLE,LIGHT,FINE,INCIDENT,EMP
RAD,NSR,SSW,DRY,DAY,SINGLE,LIGHT,FINE,NRES,EMP
BSP,OSR,TAI,DRY,DAY,SINGLE,MODERATE,FINE,RES,EMP
RAD,NSR,SSW,DRY,DAY,SINGLE,LIGHT,FINE,RES,EMP
RAD,NSR,SSW,DRY,DAY,SINGLE,LIGHT,FINE,NRES,EMP
RAD,OSR,BTMO,DRY,DAY,SINGLE,NO,FINE,RES,OTH
BSP,MIR,HON,DRY,DAY,SINGLE,HEAVY,FINE,RES,CARS TRUCKS
RAD,FRNT,HON,DRY,DAY,SINGLE,LIGHT,FINE,RES,CARS TRUCKS
RAD,OSR,SSW,WET,NIGHT,MULTI,LIGHT,RAIN,RES,EMP
RAD,REAR,TAI,DRY,DAWN,SINGLE,LIGHT,FINE,RES,EMP
TIN,NSM,SSW,WET,DAY,SINGLE,NO,SUN,RES,EMP
RAD,REAR,REVERSING,DRY,DAY,SINGLE,LIGHT,FINE,RES,EMP
BSP,NSF,SSW,DRY,DAY,MULTI,LIGHT,FINE,NRES,CARS TRUCKS
RAD,TOPR,SSW,DRY,DAY,SINGLE,LIGHT,FINE,NRES,EMP
RAD,OSF,SSW,DRY,DAY,MULTI,MODERATE,FINE,UN3PAR,CARS TRUCKS
RAD,TOPM,HON,DRY,DAY,SINGLE,LIGHT,FINE,RES,EMP
RBT,WSRE,BTMO,WET,NIGHT,SINGLE,NO,RAIN,RES,EMP
RAD,Pushed in rear ,SSW,DRY,DAY,SINGLE,LIGHT,FINE,PEND,EMP
RAD,OSF,HON,DRY,DAY,SINGLE,LIGHT,FINE,RES,CARS TRUCKS
RAD,FRNT,TBO,DRY,DAY,SINGLE,NO,FINE,RES,CARS TRUCKS
BSP,FRNT,N2T,DRY,DAY,SINGLE,NO,FINE,NRES,EMP
RAD,NSR,BTMO,DRY,DAY,SINGLE,LIGHT,FINE,RES,BUS - OTHER
RAD,NSF,SSW,DRY,DAY,SINGLE,MODERATE,FINE,RES,EMP