location_code,damage_code,collision_code,road_code,light_code,road_type_code,traffic_code,weather_code,emp_liability_code,kpi_cause_code
RAD,NSF,SSW,DRY,DAY,SINGLE,LIGHT,FINE,PEND,EMP
RAD,NSM,SSW,DRY,DAY,SINGLE,LIGHT,FINE,NRES,EMP
BSP,NSR,TAI,DRY,DAY,SINGLE,LIGHT,FINE,RES,EMP
RAD,OSR,REVERSING,DRY,DAY,SINGLE,LIGHT,FINE,RES,EMP
RAD,NSR,TAI,DRY,DAY,SINGLE,NO,FINE,RES,EMP
RAD,OSF,SSW,DRY,DAY,SINGLE,LIGHT,FINE,RES,EMP
RAD,NSR,TAI,DRY,DAY,SINGLE,LIGHT,FINE,RES,EMP
RAD,NSR,SSW,DRY,DAY,SINGLE,LIGHT,FINE,NRES,EMP
RAD,OSR,SSW,DRY,DAY,SINGLE,LIGHT,FINE,RES,EMP
RAD,NSR,SSW,DRY,DAY,SINGLE,LIGHT,FINE,PEND,EMP
DEPOT,MIR,SSW,DRY,DAY,BUS,NO,FINE,NRES,CARS TRUCKS
XRD,NSR,TAI,DRY,DAY,MULTI,HEAVY,FINE,RES,CARS TRUCKS
RAD,NSM,SSW,DRY,NIGHT,SINGLE,LIGHT,FINE,RES,EMP
RAD,REAR,REVERSING,DRY,DAY,SINGLE,NO,FINE,RES,EMP
XRD,NSM,SSW,DRY,DAY,SINGLE,HEAVY,FINE,RES,EMP
RAD,REAR,SSW,DRY,DAY,SINGLE,LIGHT,FINE,RES,EMP
RAD,OSF,SSW,DRY,DAY,SINGLE,LIGHT,FINE,PEND,EMP
RAD,OSR,SSW,DRY,DAY,MULTI,LIGHT,FINE,RES,CARS TRUCKS
RAD,NSR,SSW,WET,DAY,SINGLE,LIGHT,RAIN,RES,EMP
RAD,NSM,SSW,DRY,DAY,SINGLE,LIGHT,FINE,NRES,CARS TRUCKS
RAD,NSR,SSW,DRY,DAY,SINGLE,MODERATE,FINE,RES,EMP
RAD,REAR,REVERSING,DRY,DUSK,SINGLE,LIGHT,FINE,RES,EMP
XRD,NSM,SSW,DRY,DAY,MULTI,HEAVY,FINE,RES,EMP
BSP,NSR,TBO,DRY,DAY,SINGLE,LIGHT,FINE,RES,EMP
RAD,NSF,HON,DRY,DAY,MULTI,LIGHT,FINE,RES,EMP
BSP,OSR,SSW,DRY,DAY,MULTI,HEAVY,FINE,NRES,OTH
RAD,NSF,SSW,DRY,DAY,SINGLE,LIGHT,FINE,PEND,EMP
RAD,OSR,SSW,DRY,DAY,SINGLE,LIGHT,FINE,RES,CARS TRUCKS
RAD,OSR,SSW,DRY,DAY,SINGLE,LIGHT,FINE,NRES,BUS - OTHER
RAD,NSF,SSW,DRY,DAY,MULTI,MODERATE,FINE,NRES,BUS BRAKING
RAD,REAR,REVERSING,DRY,DAY,SINGLE,LIGHT,FINE,RES,EMP
RAD,NSR,REVERSING,DRY,DAY,SINGLE,LIGHT,FINE,RES,EMP
RAD,OSR,SSW,DRY,DAY,SINGLE,LIGHT,FINE,RES,EMP
RAD,NSF,ROO,DRY,DAY,SINGLE,NO,FINE,RES,EMP
RAD,OSF,SSW,DRY,DAY,SINGLE,LIGHT,FINE,NRES,EMP
RAD,NSR,SSW,DRY,DUSK,MULTI,NO,FINE,RES,EMP
RAD,NSR,SSW,DRY,DAY,SINGLE,LIGHT,FINE,RES,GEN
RAD,NSR,SSW,DRY,DAY,SINGLE,LIGHT,FINE,RES,BUS - OTHER
XRD,OSR,SSW,DRY,DAY,SINGLE,LIGHT,FINE,NRES,CARS TRUCKS
RAD,MIR,SSW,DRY,DAY,SINGLE,LIGHT,FINE,RES,EMP
TIN,REAR,N2T,DRY,DAY,SINGLE,LIGHT,FINE,NRES,EMP
RAD,OSF,SSW,DRY,DAY,SINGLE,LIGHT,FINE,NRES,EMP
RAD,OSM,SSW,WET,DUSK,SINGLE,EXTREME,RAIN,RES,CARS TRUCKS
RAD,NSR,SSW,DRY,DAY,SINGLE,LIGHT,FINE,RES,EMP
RAD,NSF,SSW,DRY,DAY,SINGLE,LIGHT,FINE,RES,EMP
RAD,WSRE,SSW,DRY,DAY,MULTI,HEAVY,FINE,INCIDENT,GEN
RBT,WSRE,BTMO,DRY,DAY,SINGLE,LIGHT,FINE,RES,CARS TRUCKS
RAD,NSR,TBO,DRY,DAY,SINGLE,LIGHT,FINE,NRES,EMP
RAD,OSR,SSW,DRY,DAY,SINGLE,LIGHT,FINE,NRES,EMP
RAD,OSR,SSW,DRY,DAY,SINGLE,LIGHT,FINE,NRES,EMP
RAD,REAR,N2T,DRY,DAY,SINGLE,NO,FINE,RES,CARS TRUCKS
RBT,NSR,SSW,DRY,NIGHT,SINGLE,MODERATE,FINE,RES,BUS - OTHER
RAD,OSM,SSW,WET,NIGHT,SINGLE,LIGHT,RAIN,RES,EMP
RAD,NSM,SSW,DRY,DAY,SINGLE,LIGHT,FINE,RES,EMP
RAD,NSM,TBO,DRY,DAY,SINGLE,LIGHT,FINE,NRES,EMP
XRD,NSF,REVERSING,DRY,DAY,SINGLE,NO,FINE,RES,EMP
RAD,NSR,TAI,DRY,DAY,SINGLE,LIGHT,FINE,RES,EMP
RAD,MIR,HON,DRY,DAY,SINGLE,HEAVY,FINE,RES,EMP
RAD,FRNT,HON,DRY,DAY,SINGLE,LIGHT,FINE,RES,EMP
RAD,FRNT,SSW,DRY,DAY,SINGLE,LIGHT,FINE,PEND,EMP
RAD,OSM,SSW,DRY,DAY,SINGLE,LIGHT,FINE,RES,EMP
RAD,NSM,SSW,DRY,DAY,SINGLE,LIGHT,FINE,RES,EMP
RAD,NSM,SSW,DRY,DAY,SINGLE,LIGHT,FINE,RES,EMP
RAD,NSR,SSW,DRY,DAY,SINGLE,LIGHT,FINE,RES,EMP
RAD,FRNT,SSW,DRY,DAY,SINGLE,LIGHT,FINE,RES,EMP
RAD,NSR,SSW,DRY,DAY,SINGLE,LIGHT,FINE,NRES,EMP
RAD,NSF,SSW,DRY,DAY,SINGLE,LIGHT,FINE,RES,EMP
RAD,OSR,SSW,DRY,DAY,SINGLE,LIGHT,FINE,NRES,CARS TRUCKS
XRD,FRNT,SSW,DRY,DAY,MULTI,LIGHT,FINE,UN3PAR,EMP
RAD,NSR,SSW,DRY,DAY,MULTI,LIGHT,FINE,NRES,CARS TRUCKS
XRD,NSF,SSW,DRY,DAY,FREE,LIGHT,FINE,RES,CARS TRUCKS
RAD,NSM,SSW,DRY,DAY,MULTI,LIGHT,FINE,NRES,EMP
RAD,NSR,SSW,DRY,DAY,SINGLE,LIGHT,FINE,RES,EMP
RAD,NSR,SSW,DRY,DAY,SINGLE,HEAVY,FINE,RES,EMP
BSP,OSM,SSW,DRY,DAY,BUS,NO,FINE,RES,EMP
RAD,NSR,SSW,DRY,DAY,SINGLE,LIGHT,FINE,RES,CARS TRUCKS
RAD,OSM,SSW,DRY,DAY,SINGLE,LIGHT,FINE,RES,EMP
RAD,NSM,SSW,DRY,DAY,SINGLE,LIGHT,FINE,RES,EMP
RAD,FRNT,HON,DRY,NIGHT,SINGLE,LIGHT,FINE,RES,EMP
RAD,NSR,SSW,DRY,DAY,SINGLE,LIGHT,FINE,NRES,GEN
RAD,NSM,SSW,DRY,DAY,SINGLE,LIGHT,FINE,RES,EMP
RAD,OSF,SSW,DRY,DUSK,MULTI,HEAVY,FINE,NRES,CARS TRUCKS
RAD,OSF,SSW,DRY,DAY,SINGLE,LIGHT,FINE,NRES,EMP
RAD,NSM,SSW,DRY,DAY,SINGLE,LIGHT,FINE,PEND,EMP
RAD,REAR,TAI,DRY,DAY,SINGLE,LIGHT,FINE,RES,EMP
RAD,NSR,SSW,DRY,DUSK,SINGLE,HEAVY,FINE,RES,EMP
RAD,OSM,SSW,DRY,DAY,SINGLE,LIGHT,FINE,NRES,EMP
BSP,NSR,TAI,WET,DAY,SINGLE,LIGHT,RAIN,RES,EMP
RAD,NSR,SSW,DRY,DAY,SINGLE,LIGHT,FINE,PEND,EMP
RAD,NSR,SSW,DRY,DAY,SINGLE,LIGHT,FINE,RES,EMP
RAD,REAR BUMPER,SSW,DRY,DAY,SINGLE,LIGHT,FINE,NRES,EMP
RAD,NSR,SSW,DRY,DAY,SINGLE,LIGHT,FINE,UN3PAR,EMP
RBT,FRNT,SSW,DRY,DAY,SINGLE,LIGHT,FINE,RES,EMP
BSP,NSR,TAI,DRY,DAY,SINGLE,HEAVY,FOG,RES,EMP
RAD,NSR,SSW,DRY,DAY,SINGLE,MODERATE,FINE,RES,EMP
RAD,WSRE,HON,DRY,DAY,SINGLE,LIGHT,FINE,UN3PAR,EMP
RAD,FRNT,SSW,DRY,DAY,SINGLE,LIGHT,FINE,RES,EMP
RAD,NSR,SSW,DRY,DAY,SINGLE,LIGHT,FINE,RES,BUS - OTHER
BSP,MIR,SSW,DRY,DAY,SINGLE,LIGHT,FINE,RES,CARS TRUCKS
BSP,OSF,HON,DRY,DAY,SINGLE,LIGHT,FINE,RES,EMP
RAD,OSM,SSW,DRY,DAY,SINGLE,LIGHT,FINE,RES,EMP
RAD,OSF,HON,DRY,DAY,MULTI,MODERATE,FINE,NRES,ROA
TIN,NSM,SSW,DRY,DAY,SINGLE,MODERATE,FINE,NRES,CARS TRUCKS
BSP,OSF,SSW,DRY,DAY,SINGLE,LIGHT,FINE,NRES,EMP
XRD,FRNT,TBO,WET,DUSK,SINGLE,HEAVY,RAIN,NRES,CARS TRUCKS
BSP,MIR,SSW,DRY,DAY,MULTI,HEAVY,FINE,RES,EMP
RAD,NSF,SSW,DRY,DAY,SINGLE,LIGHT,FINE,RES,EMP
RAD,NSR,SSW,DRY,DAY,SINGLE,NO,FINE,RES,EMP
TIN,OSM,SSW,DRY,DAY,SINGLE,HEAVY,FINE,RES,CARS TRUCKS
RAD,NSF,HON,DRY,DAY,SINGLE,NO,FINE,RES,EMP
RAD,NSM,SSW,DRY,DAY,SINGLE,HEAVY,FINE,RES,EMP
BSP,MIR,HON,DRY,DAY,BUS,HEAVY,SUN,RES,EMP
RAD,NSR,TAI,DRY,NIGHT,SINGLE,MODERATE,FINE,RES,BUS - OTHER
RAD,REAR,SSW,DRY,DAY,SINGLE,LIGHT,FINE,RES,EMP
RAD,NSR,SSW,DRY,DAY,SINGLE,LIGHT,FINE,NRES,EMP
RAD,OSR,SSW,DRY,DAY,SINGLE,LIGHT,FINE,RES,EMP
BSP,NSF,HON,DRY,DAY,MULTI,LIGHT,FINE,RES,EMP
RAD,NSM,SSW,DRY,DAY,SINGLE,LIGHT,FINE,RES,EMP
RAD,WSRE,SSW,DRY,DAY,SINGLE,LIGHT,FINE,NRES,EMP
BSP,FRNT,N2T,WET,DAY,MULTI,EXTREME,RAIN,NRES,CARS TRUCKS
RAD,NSR,SSW,DRY,DAY,MULTI,MODERATE,FINE,UN3PAR,EMP
BSP,MIR,SSW,DRY,DAY,SINGLE,LIGHT,FINE,RES,EMP
RAD,NSM,SSW,DRY,DAY,SINGLE,LIGHT,FINE,NRES,CARS TRUCKS
RAD,OSF,SSW,DRY,DAY,SINGLE,MODERATE,FINE,NRES,CARS TRUCKS
RAD,OSM,SSW,DRY,DAWN,SINGLE,NO,FOG,RES,EMP
RAD,NSR,SSW,DRY,DAY,SINGLE,LIGHT,FINE,RES,CARS TRUCKS
RAD,NSF,SSW,DRY,DAY,SINGLE,LIGHT,FINE,RES,EMP
RAD,NSF,SSW,DRY,DAY,SINGLE,LIGHT,FINE,RES,EMP
RAD,NSR,SSW,DRY,DAY,SINGLE,LIGHT,FINE,RES,EMP
DEPOT,WSRE,REVERSING,DRY,DAY,SINGLE,LIGHT,FINE,RES,EMP
RAD,REAR,N2T,DRY,DAY,SINGLE,LIGHT,FINE,NRES,CARS TRUCKS
RAD,NSM,SSW,DRY,NIGHT,SINGLE,LIGHT,FINE,RES,EMP
RAD,FRNT,HON,DRY,DAY,MULTI,MODERATE,FINE,NRES,CARS TRUCKS
RBT,MIR,SSW,DRY,DAY,SINGLE,LIGHT,FINE,RES,CARS TRUCKS
RAD,NSR,SSW,DRY,DAY,SINGLE,HEAVY,FINE,RES,EMP
RAD,NSF,SSW,DRY,DAY,SINGLE,MODERATE,FINE,NRES,EMP
RAD,NSF,SSW,DRY,DAY,SINGLE,LIGHT,FINE,RES,EMP
TIN,OSR,SSW,DRY,DAY,MULTI,LIGHT,FINE,NRES,EMP
RBT,MIR,SSW,DRY,DAY,MULTI,MODERATE,FINE,RES,CARS TRUCKS
RAD,NSM,SSW,DRY,DAY,MULTI,LIGHT,FINE,RES,EMP
BSP,REAR,REVERSING,DRY,DAY,BUS,LIGHT,FINE,RES,EMP
BSP,NSR,SSW,DRY,DAY,SINGLE,MODERATE,FINE,RES,EMP
RAD,FRNT,SSW,WET,NIGHT,SINGLE,LIGHT,RAIN,UN3PAR,EMP
RAD,TOPF,SSW,DRY,DAY,SINGLE,LIGHT,FINE,RES,EMP
RAD,OSR,SSW,DRY,DAY,SINGLE,LIGHT,FINE,RES,EMP
RAD,OSR,SSW,DRY,DAY,MULTI,NO,FINE,RES,EMP
BSP,NSR,SSW,DRY,NIGHT,SINGLE,NO,FINE,RES,EMP
RAD,NSF,SSW,DRY,DAY,SINGLE,LIGHT,FINE,NRES,EMP
RAD,NSM,SSW,DRY,DAY,SINGLE,LIGHT,FINE,NRES,EMP
RAD,NSM,SSW,DRY,NIGHT,SINGLE,LIGHT,FINE,RES,EMP
RAD,OSF,SSW,DRY,DAY,SINGLE,LIGHT,FINE,RES,EMP
RAD,NSM,SSW,DRY,DAY,SINGLE,LIGHT,FINE,PEND,EMP
RAD,Damage to Rear ,SSW,DRY,DAY,SINGLE,LIGHT,FINE,RES,EMP
RAD,MIR,SSW,WET,DAY,SINGLE,HEAVY,RAIN,RES,EMP
RAD,FRNT,SSW,DRY,DAY,SINGLE,LIGHT,FINE,PEND,EMP
BSP,OSF,SSW,DRY,DAY,MULTI,HEAVY,SUN,RES,EMP
RBT,OSR,TBO,DRY,DAY,SINGLE,MODERATE,FINE,NRES,ROA
RAD,NSM,SSW,DRY,DAY,SINGLE,LIGHT,FINE,RES,EMP
RAD,NSF,SSW,DRY,DAY,SINGLE,LIGHT,FINE,RES,EMP
RAD,MIR,SSW,DRY,DAY,SINGLE,LIGHT,FINE,RES,EMP
RAD,NSR,SSW,DRY,DAY,SINGLE,LIGHT,FINE,RES,EMP
RAD,NSR,SSW,DRY,DAY,SINGLE,NO,FINE,RES,EMP
BSP,MIR,SSW,DRY,DAY,SINGLE,HEAVY,FINE,RES,EMP
RAD,OSF,SSW,DRY,DAY,SINGLE,LIGHT,FINE,NRES,EMP
BSP,NSF,SSW,DRY,DAY,SINGLE,NO,FINE,RES,EMP
TIN,OSR,SSW,DRY,DAY,SINGLE,NO,FINE,RES,EMP
RAD,WSRE,SSW,DRY,DAY,SINGLE,NO,FINE,RES,EMP
RAD,FRNT,HON,DRY,DAY,SINGLE,HEAVY,FINE,RES,EMP
RAD,OSM,SSW,DRY,DAY,SINGLE,LIGHT,FINE,PEND,EMP
RAD,NSM,SSW,DRY,DAY,SINGLE,LIGHT,FINE,PEND,EMP
RAD,NSF,SSW,DRY,DAY,SINGLE,NO,FINE,RES,EMP
BSP,NSR,SSW,DRY,DUSK,MULTI,LIGHT,FINE,RES,EMP
RAD,NSF,SSW,DRY,DAY,SINGLE,LIGHT,FINE,PEND,EMP
RAD,NSF,SSW,DRY,DAY,SINGLE,MODERATE,FINE,RES,CARS TRUCKS
RAD,OSR,SSW,DRY,DAY,SINGLE,LIGHT,FINE,RES,EMP
TIN,OSM,SSW,DRY,DAY,MULTI,MODERATE,FINE,RES,CARS TRUCKS
BSP,NSR,SSW,DRY,DAY,SINGLE,LIGHT,FINE,RES,EMP
RAD,OSM,SSW,DRY,DAY,SINGLE,LIGHT,FINE,RES,BUS - OTHER
RAD,OSM,SSW,DRY,DAY,SINGLE,LIGHT,FINE,PEND,EMP
BSP,MIR,SSW,DRY,DAY,MULTI,MODERATE,FINE,NRES,ROA
RAD,NSR,SSW,DRY,DAY,SINGLE,LIGHT,FINE,PEND,EMP
RAD,NSR,SSW,DRY,DAY,SINGLE,NO,FINE,RES,EMP
RAD,NSM,SSW,DRY,DAY,SINGLE,LIGHT,FINE,RES,EMP
RAD,REAR,SSW,DRY,DAY,SINGLE,LIGHT,FINE,RES,EMP
RBT,NSR,SSW,DRY,DAY,SINGLE,LIGHT,FINE,RES,EMP
RAD,NSF,SSW,WET,NIGHT,SINGLE,NO,RAIN,RES,EMP
TIN,NSR,TAI,DRY,DAY,SINGLE,LIGHT,FINE,RES,EMP
RAD,OSF,SSW,DRY,DAY,SINGLE,LIGHT,FINE,RES,EMP
RAD,OSR,SSW,DRY,NIGHT,MULTI,LIGHT,FINE,NRES,CARS TRUCKS
RAD,OSM,SSW,DRY,DAY,FREE,LIGHT,FINE,INCIDENT,OTH
RAD,OSF,SSW,DRY,NIGHT,MULTI,LIGHT,FINE,NRES,CARS TRUCKS
RAD,NSF,SSW,DRY,DAY,SINGLE,NO,FINE,RES,EMP
RAD,NSR,SSW,DRY,DAY,SINGLE,LIGHT,FINE,UNREP,EMP
RAD,NSR,TAI,DRY,DAY,SINGLE,LIGHT,FINE,RES,EMP
RAD,OSF,SSW,DRY,DAY,SINGLE,NO,FINE,RES,EMP
RAD,TOPF,SSW,DRY,DAY,SINGLE,LIGHT,FINE,RES,EMP
RAD,MIR,SSW,DRY,DAWN,MULTI,LIGHT,FINE,RES,EMP
BSP,NSM,SSW,DRY,DAY,SINGLE,NO,SUN,RES,EMP
DEPOT,NSR,TAI,DRY,DAY,BUS,NO,FINE,RES,EMP
TIN,WSRE,BTMO,DRY,NIGHT,SINGLE,NO,FINE,RES,CARS TRUCKS
RAD,OSR,SSW,DRY,DAY,SINGLE,LIGHT,FINE,RES,EMP
RAD,NSF,SSW,DRY,DAY,SINGLE,LIGHT,FINE,PEND,EMP
RAD,NSF,SSW,DRY,DAY,SINGLE,LIGHT,FINE,PEND,EMP
RAD,OSF,SSW,DRY,DAY,SINGLE,LIGHT,FINE,PEND,EMP
RAD,NSR,SSW,DRY,DAY,MULTI,LIGHT,FINE,NRES,EMP
RAD,Broken N/S mirr,SSW,DRY,DAY,SINGLE,LIGHT,FINE,RES,EMP
RAD,NSM,N2T,DRY,DAY,SINGLE,HEAVY,FINE,RES,EMP
RAD,OSM,SSW,DRY,DAY,SINGLE,LIGHT,FINE,RES,EMP
RAD,TOPR,SSW,DRY,DAY,SINGLE,LIGHT,FINE,PEND,EMP
RAD,NSR,SSW,DRY,DAY,SINGLE,LIGHT,FINE,RES,CARS TRUCKS
RAD,OSF,HON,DRY,DAY,SINGLE,NO,FINE,RES,EMP
RAD,NSR,TAI,WET,DAY,SINGLE,HEAVY,RAIN,RES,CARS TRUCKS
BSP,MIR,SSW,DRY,DAY,SINGLE,LIGHT,FINE,RES,EMP
RAD,OSM,BTMO,WET,DAY,MULTI,LIGHT,RAIN,RES,EMP
RAD,NSF,SSW,SLIP,DAY,SINGLE,NO,RAIN,RES,EMP
RAD,OSR,SSW,DRY,DAWN,SINGLE,HEAVY,FINE,RES,CARS TRUCKS
RAD,NSF,SSW,DRY,DAY,SINGLE,LIGHT,FINE,RES,EMP
RAD,WSRE,SSW,DRY,DAY,MULTI,MODERATE,FINE,RES,EMP
RAD,NSR,SSW,DRY,DAY,SINGLE,LIGHT,FINE,PEND,EMP
RAD,OSF,SSW,DRY,DAY,SINGLE,HEAVY,FINE,NRES,GEN
RAD,NSR,REVERSING,DRY,DAY,SINGLE,NO,FINE,RES,EMP
RAD,OSR,SSW,DRY,DAY,SINGLE,LIGHT,FINE,PEND,EMP
RAD,NSR,SSW,DRY,DAY,SINGLE,LIGHT,FINE,PEND,EMP
RAD,NSR,SSW,DRY,DAY,MULTI,MODERATE,FINE,RES,EMP
RAD,MIR,SSW,DRY,DAY,SINGLE,LIGHT,FINE,RES,EMP
RAD,OSR,SSW,DRY,DAY,SINGLE,LIGHT,FINE,RES,EMP
BSP,NSR,BTMO,WET,NIGHT,SINGLE,LIGHT,RAIN,RES,CARS TRUCKS
RAD,OSR,SSW,DRY,DAY,SINGLE,LIGHT,FINE,NRES,EMP
RAD,NSF,SSW,DRY,DAY,SINGLE,LIGHT,FINE,RES,EMP
RAD,NSF,SSW,WET,NIGHT,SINGLE,LIGHT,RAIN,RES,CARS TRUCKS
RAD,NSR,SSW,DRY,NIGHT,MULTI,NO,FINE,INCIDENT,GEN
RAD,FRNT,HON,WET,DUSK,SINGLE,MODERATE,RAIN,NRES,GEN
RAD,REAR,N2T,DRY,DAY,SINGLE,HEAVY,FINE,NRES,CARS TRUCKS
RAD,NSF,SSW,DRY,DAY,SINGLE,LIGHT,FINE,PEND,EMP
TIN,NSM,SSW,WET,DAY,MULTI,HEAVY,RAIN,RES,EMP
XRD,NSM,SSW,DRY,DAY,SINGLE,LIGHT,FINE,RES,EMP
BSP,OSM,SSW,DRY,DAY,MULTI,NO,FINE,NRES,EMP
RAD,FRNT,HON,DRY,DAWN,SINGLE,NO,FOG,RES,EMP
RAD,OSF,SSW,DRY,DAY,SINGLE,LIGHT,FINE,NRES,EMP
RAD,OSM,SSW,DRY,DAY,SINGLE,LIGHT,FINE,NRES,EMP
RAD,OSF,SSW,DRY,DUSK,MULTI,NO,FINE,RES,EMP
RBT,NSF,BTMO,DRY,DAY,SINGLE,HEAVY,FINE,RES,EMP
RAD,OSM,SSW,DRY,DAY,SINGLE,LIGHT,FINE,RES,EMP
XRD,OSR,SSW,DRY,DAY,MULTI,MODERATE,FINE,RES,EMP
RBT,FRNT,HON,DRY,DAY,SINGLE,LIGHT,FINE,RES,EMP
RAD,NSF,SSW,DRY,DAY,SINGLE,LIGHT,FINE,NRES,EMP
RAD,NSM,SSW,DRY,DAY,SINGLE,LIGHT,FINE,RES,EMP
RAD,NSF,SSW,DRY,DAY,SINGLE,LIGHT,FINE,RES,EMP
RBT,NSR,SSW,DRY,DAY,SINGLE,NO,FINE,RES,EMP
BSP,NSF,SSW,DRY,DAY,SINGLE,NO,FINE,RES,EMP
RAD,NSF,SSW,DRY,DAY,SINGLE,LIGHT,FINE,RES,EMP
RAD,NSR,SSW,DRY,DAY,SINGLE,LIGHT,FINE,RES,EMP
RAD,NSR,TAI,DRY,DUSK,MULTI,HEAVY,FINE,RES,EMP
XRD,OSR,SSW,DRY,DAY,SINGLE,LIGHT,FINE,RES,EMP
BSP,OSR,N2T,DRY,DAWN,MULTI,HEAVY,FINE,NRES,EMP
RAD,NSR,SSW,DRY,DAY,MULTI,LIGHT,FINE,NRES,EMP
RAD,NSM,SSW,DRY,DAY,SINGLE,LIGHT,FINE,RES,EMP
RAD,NSF,SSW,DRY,DAY,SINGLE,LIGHT,FINE,RES,EMP
RAD,OSR,SSW,DRY,DAY,SINGLE,LIGHT,FINE,RES,EMP
BSP,OSR,BTMO,DRY,NIGHT,SINGLE,NO,FOG,RES,EMP
TIN,NSR,SSW,DRY,DAY,SINGLE,NO,FINE,RES,EMP
BSP,MIR,SSW,DRY,DAY,SINGLE,LIGHT,FINE,RES,EMP
RAD,FRNT,BTMO,DRY,DAY,SINGLE,LIGHT,FINE,RES,EMP
RAD,OSM,SSW,DRY,DAY,SINGLE,LIGHT,FINE,RES,EMP
RAD,REAR,SSW,DRY,DAY,SINGLE,NO,FINE,INCIDENT,OTH
RAD,OSR,SSW,DRY,DAY,SINGLE,LIGHT,FINE,RES,EMP
RAD,NSF,SSW,DRY,DAY,SINGLE,LIGHT,FINE,RES,EMP
RAD,MIR,SSW,DRY,DAY,MULTI,MODERATE,FINE,NRES,BUS - OTHER
RAD,MIR,SSW,DRY,NIGHT,SINGLE,LIGHT,FINE,RES,EMP
RAD,NSM,SSW,DRY,DUSK,MULTI,HEAVY,FINE,NRES,CARS TRUCKS
RAD,NSR,BTMO,DRY,DAY,SINGLE,MODERATE,FINE,RES,BUS - OTHER
BSP,MIR,SSW,DRY,DAY,SINGLE,NO,FINE,RES,EMP
RAD,NSF,SSW,DRY,DAY,SINGLE,LIGHT,FINE,UNREP,OTH
RAD,NSF,SSW,DRY,DAY,SINGLE,LIGHT,FINE,NRES,EMP
RAD,FRNT,SSW,DRY,DAY,SINGLE,LIGHT,FINE,RES,EMP
RAD,REAR,SSW,DRY,DAY,SINGLE,LIGHT,FINE,RES,EMP
RAD,REAR,SSW,DRY,DAY,SINGLE,LIGHT,FINE,RES,EMP
RAD,NSM,SSW,WET,NIGHT,SINGLE,LIGHT,RAIN,RES,EMP
RAD,NSF,HON,DRY,DAY,SINGLE,NO,FINE,RES,EMP
XRD,NSM,SSW,DRY,DAY,MULTI,MODERATE,FINE,NRES,EMP
RAD,REAR,N2T,WET,DAY,MULTI,LIGHT,RAIN,NRES,EMP
RAD,NSM,SSW,DRY,DAY,SINGLE,LIGHT,FINE,NRES,EMP
RAD,NSR,SSW,DRY,NIGHT,SINGLE,HEAVY,FINE,RES,EMP
BSP,NSR,BTMO,DRY,DAY,SINGLE,LIGHT,FINE,RES,EMP
RAD,TOPM,SSW,DRY,DAY,SINGLE,LIGHT,FINE,RES,EMP
RAD,NSM,SSW,DRY,DAY,SINGLE,LIGHT,FINE,RES,EMP
RAD,OSR,SSW,DRY,DAY,MULTI,LIGHT,FINE,RES,EMP
XRD,OSR,TAI,DRY,DAY,SINGLE,LIGHT,FINE,NRES,EMP
RAD,FRNT,N2T,DRY,DAY,SINGLE,LIGHT,FINE,RES,CARS TRUCKS
BSP,NSM,SSW,WET,NIGHT,MULTI,LIGHT,RAIN,NRES,EMP
RAD,Broken rear win,SSW,DRY,DAY,SINGLE,LIGHT,FINE,PEND,EMP
RAD,NSF,BTMO,DRY,DAY,SINGLE,NO,FINE,RES,EMP
RAD,NSF,SSW,DRY,DAY,SINGLE,LIGHT,FINE,RES,EMP
RAD,FRNT,SSW,DRY,DAY,SINGLE,LIGHT,FINE,RES,EMP
RAD,MIR,SSW,DRY,DAY,MULTI,LIGHT,FINE,OTHERBUS,BUS - OTHER
RAD,NSR,SSW,DRY,DAY,SINGLE,LIGHT,FINE,RES,EMP
RAD,OSM,TBO,WET,DAY,SINGLE,HEAVY,FINE,RES,EMP
RBT,NSR,SSW,DRY,DAY,SINGLE,LIGHT,FINE,RES,EMP
RAD,REAR,SSW,DRY,DAY,SINGLE,LIGHT,FINE,RES,EMP
RAD,OSR,BTMO,DRY,NIGHT,MULTI,NO,FINE,RES,BUS - OTHER
RAD,WSRE,HON,DRY,DAY,FREE,HEAVY,FINE,INCIDENT,OTH
RAD,NSR,SSW,DRY,DUSK,SINGLE,LIGHT,FINE,NRES,CARS TRUCKS
RAD,NSR,SSW,DRY,NIGHT,SINGLE,MODERATE,FINE,RES,BUS - OTHER
RAD,OSR,N2T,DRY,DAY,SINGLE,LIGHT,FINE,NRES,EMP
RAD,NSM,HON,DRY,DAY,SINGLE,LIGHT,FINE,RES,EMP
RAD,OSR,SSW,DRY,DAY,SINGLE,LIGHT,FINE,RES,EMP
BSP,OSF,SSW,DRY,DAY,MULTI,LIGHT,FINE,RES,EMP
RAD,OSM,SSW,WET,DAY,SINGLE,HEAVY,RAIN,RES,EMP
RAD,OSF,SSW,DRY,DAY,SINGLE,LIGHT,FINE,NRES,EMP
RAD,OSF,SSW,DRY,DAY,SINGLE,LIGHT,FINE,RES,EMP
RAD,OSF,SSW,DRY,DAY,MULTI,LIGHT,FINE,RES,EMP
BSP,NSF,SSW,DRY,DAY,SINGLE,LIGHT,FINE,INCIDENT,BUS - OTHER
RAD,NSF,SSW,DRY,DAY,SINGLE,LIGHT,FINE,NRES,EMP
BSP,NSR,SSW,DRY,DAY,BUS,NO,FINE,RES,EMP
RAD,NSR,SSW,DRY,DAY,SINGLE,LIGHT,FINE,UNREP,OTH
BSP,NSR,SSW,DRY,DAY,SINGLE,HEAVY,SUN,RES,EMP