location_code,damage_code,collision_code,road_code,light_code,road_type_code,traffic_code,weather_code,emp_liability_code,kpi_cause_code
RAD,MIR,SSW,DRY,DAY,SINGLE,LIGHT,FINE,RES,EMP
RAD,NSR,SSW,DRY,DAY,SINGLE,LIGHT,FINE,NRES,EMP
XRD,NSR,SSW,DRY,DAY,MULTI,LIGHT,FINE,NRES,ROA
BSP,NSR,SSW,DRY,DAY,SINGLE,LIGHT,FINE,RES,EMP
RAD,NSF,SSW,DRY,DAY,SINGLE,LIGHT,FINE,RES,EMP
RAD,OSR,SSW,DRY,DAY,MULTI,MODERATE,FINE,NRES,ROA
RAD,OSM,SSW,DRY,DAY,SINGLE,LIGHT,FINE,UN3PAR,EMP
RAD,NSR,SSW,DRY,DAY,SINGLE,LIGHT,FINE,RES,EMP
XRD,OSF,HON,SLIP,DAY,MULTI,HEAVY,RAIN,RES,EMP
RAD,NSR,HON,DRY,DAY,SINGLE,LIGHT,FINE,RES,EMP
BSP,MIR,SSW,DRY,NIGHT,SINGLE,LIGHT,FINE,RES,EMP
BSP,NSR,SSW,DRY,DAY,SINGLE,LIGHT,FINE,RES,EMP
RAD,WSRE,SSW,WET,DAY,MULTI,LIGHT,RAIN,INCIDENT,EMP
RAD,NSF,SSW,DRY,DAY,SINGLE,LIGHT,FINE,RES,EMP
RAD,OSM,SSW,DRY,DAY,SINGLE,LIGHT,FINE,RES,EMP
BSP,FRNT,SSW,DRY,DAY,SINGLE,LIGHT,FINE,RES,EMP
RAD,REAR,SSW,DRY,DAY,SINGLE,LIGHT,FINE,RES,EMP
BSP,REAR,REVERSING,DRY,DAY,SINGLE,LIGHT,FINE,PEND,EMP
TIN,OSM,SSW,DRY,DAY,SINGLE,LIGHT,FINE,RES,EMP
RAD,NSM,SSW,DRY,DAY,SINGLE,LIGHT,FINE,RES,EMP
RAD,NSM,SSW,DRY,DAY,SINGLE,LIGHT,FINE,RES,EMP
RAD,NSF,SSW,DRY,DAY,SINGLE,LIGHT,FINE,RES,EMP
BSP,NSF,SSW,DRY,DAY,SINGLE,MODERATE,FINE,RES,EMP
RAD,NSF,SSW,DRY,DAY,SINGLE,LIGHT,FINE,RES,EMP
BSP,NSR,TAI,DRY,DAY,BUS,HEAVY,FINE,RES,EMP
RAD,OSR,SSW,DRY,DAY,SINGLE,LIGHT,FINE,NRES,EMP
RAD,REAR,SSW,DRY,DAY,SINGLE,LIGHT,FINE,RES,EMP
RAD,NSF,SSW,DRY,DAY,SINGLE,LIGHT,FINE,PEND,EMP
RAD,Marks to paintw,SSW,DRY,DAY,SINGLE,LIGHT,FINE,RES,EMP
RAD,NSM,SSW,DRY,DAY,MULTI,MODERATE,FINE,UN3PAR,EMP
XRD,OSM,SSW,DRY,DAY,SINGLE,HEAVY,FINE,RES,EMP
RAD,NSF,SSW,DRY,DAY,SINGLE,LIGHT,FINE,PEND,EMP
RBT,OSF,TAI,DRY,DAY,SINGLE,LIGHT,FINE,RES,EMP
BSP,OSR,SSW,DRY,DAY,SINGLE,LIGHT,FINE,NRES,EMP
BSP,NSF,HON,DRY,DAY,SINGLE,LIGHT,FINE,RES,EMP
RAD,FRNT,N2T,DRY,NIGHT,MULTI,MODERATE,FINE,INCIDENT,OTH
RAD,NSM,SSW,DRY,DAY,SINGLE,LIGHT,FINE,RES,EMP
RAD,OSF,SSW,DRY,DAY,SINGLE,LIGHT,FINE,RES,EMP
RAD,NSF,SSW,DRY,DAY,MULTI,HEAVY,FINE,NRES,EMP
RAD,OSF,SSW,DRY,DAY,SINGLE,LIGHT,FINE,NRES,EMP
RAD,OSF,REVERSING,DRY,DAY,SINGLE,LIGHT,FINE,RES,EMP
RAD,NSR,REVERSING,DRY,DAY,SINGLE,LIGHT,FINE,RES,EMP
BSP,NSM,SSW,DRY,DAY,SINGLE,LIGHT,FINE,NRES,EMP
RAD,WIN,SSW,DRY,DAY,SINGLE,LIGHT,FINE,NRES,EMP
RAD,WIN,SSW,DRY,DAY,SINGLE,LIGHT,FINE,RES,EMP
DEPOT,FRNT,SSW,DRY,DAY,SINGLE,LIGHT,FINE,RES,EMP
RAD,OSM,SSW,DRY,DAY,SINGLE,LIGHT,FINE,RES,EMP
RAD,NSF,SSW,DRY,DAY,SINGLE,LIGHT,FINE,RES,EMP
RBT,FRNT,TAI,DRY,DAY,SINGLE,LIGHT,FINE,RES,EMP
RAD,OSF,SSW,DRY,DAY,SINGLE,LIGHT,FINE,PEND,EMP
RAD,OSM,SSW,DRY,DAY,SINGLE,LIGHT,FINE,PEND,EMP
RAD,NSF,SSW,DRY,DAY,SINGLE,LIGHT,FINE,PEND,EMP
RAD,OSF,SSW,DRY,DAY,SINGLE,LIGHT,SUN,RES,EMP
RAD,NSF,HON,DRY,DAY,SINGLE,LIGHT,FINE,RES,EMP
RAD,NSF,HON,DRY,DAY,SINGLE,LIGHT,FINE,RES,EMP
RAD,MIR,SSW,WET,DAY,MULTI,LIGHT,FINE,RES,EMP
RAD,OSR,SSW,DRY,DAY,SINGLE,LIGHT,FINE,RES,EMP
RAD,TOPR,SSW,DRY,DAY,SINGLE,LIGHT,FINE,RES,EMP
RAD,NSM,SSW,DRY,DAY,SINGLE,LIGHT,FINE,PEND,EMP
RAD,OSF,SSW,DRY,DAY,SINGLE,LIGHT,FINE,NRES,EMP
TIN,NSF,SSW,DRY,DAY,SINGLE,LIGHT,FINE,RES,EMP
BSP,NSF,HON,DRY,DAY,SINGLE,LIGHT,FINE,RES,EMP
RAD,NSF,HON,DRY,DAY,SINGLE,LIGHT,FINE,RES,EMP
RAD,NSR,SSW,DRY,DAY,SINGLE,LIGHT,FINE,RES,EMP
RAD,NSM,SSW,DRY,DAY,SINGLE,LIGHT,FINE,RES,EMP
XRD,OSR,SSW,DRY,DAY,SINGLE,LIGHT,FINE,RES,EMP
RAD,FRNT,HON,DRY,DAY,SINGLE,LIGHT,FINE,NRES,EMP
RAD,OSF,SSW,DRY,DAY,SINGLE,LIGHT,FINE,RES,EMP
RAD,NSF,SSW,DRY,DAY,SINGLE,LIGHT,FINE,RES,EMP
RAD,FRNT,HON,DRY,DAY,SINGLE,LIGHT,FINE,RES,EMP
RAD,OSM,SSW,DRY,DAY,SINGLE,LIGHT,FINE,RES,EMP
DEPOT,REAR,REVERSING,DRY,DAY,SINGLE,LIGHT,FINE,RES,EMP
BSP,REAR,REVERSING,DRY,DAY,SINGLE,LIGHT,FINE,RES,EMP
DEPOT,NSF,REVERSING,DRY,DAY,SINGLE,LIGHT,FINE,RES,EMP
BSP,FRNT,SSW,DRY,DAY,SINGLE,LIGHT,FINE,NRES,EMP
RAD,NSM,SSW,DRY,DAY,SINGLE,LIGHT,FINE,RES,EMP
RAD,OSM,SSW,DRY,DAY,SINGLE,LIGHT,FINE,RES,EMP
RAD,NSR,SSW,DRY,DAY,MULTI,LIGHT,FINE,RES,EMP
RAD,NSR,SSW,DRY,DAY,SINGLE,MODERATE,FINE,RES,EMP
BSP,NSR,SSW,DRY,DAY,SINGLE,LIGHT,FINE,RES,EMP
RBT,NSF,SSW,DRY,DAY,SINGLE,LIGHT,FINE,RES,EMP
TIN,NSR,SSW,DRY,DAY,SINGLE,LIGHT,FINE,RES,EMP
RAD,OSF,SSW,DRY,DAY,SINGLE,LIGHT,FINE,RES,EMP
RAD,NSF,SSW,DRY,DAY,SINGLE,LIGHT,FINE,RES,EMP
BSP,NSR,SSW,DRY,DAY,SINGLE,LIGHT,FINE,RES,EMP
RAD,WIN,SSW,DRY,DAY,SINGLE,LIGHT,FINE,NRES,EMP
RAD,WIN,SSW,DRY,DAY,SINGLE,LIGHT,FINE,RES,EMP
XRD,NSF,HON,DRY,DAY,SINGLE,LIGHT,FINE,RES,EMP
BSP,MIR,SSW,DRY,DAY,MULTI,MODERATE,FINE,RES,EMP
RAD,MIR,HON,WET,DAY,MULTI,MODERATE,RAIN,RES,EMP
RAD,NSR,SSW,DRY,DAY,SINGLE,LIGHT,FINE,NRES,EMP
RAD,NSF,SSW,DRY,DAY,SINGLE,LIGHT,FINE,RES,EMP
BSP,OSR,SSW,DRY,DAY,SINGLE,LIGHT,FINE,NRES,EMP
RAD,NSM,TBO,DRY,DAY,SINGLE,LIGHT,FINE,NRES,EMP
XRD,MIR,SSW,DRY,DAY,MULTI,LIGHT,FINE,NRES,EMP
RAD,FRNT,SSW,DRY,DAY,SINGLE,LIGHT,FINE,RES,EMP
BSP,OSF,SSW,DRY,DAY,SINGLE,LIGHT,FINE,NRES,ROA
RAD,NSM,SSW,DRY,DAY,SINGLE,LIGHT,FINE,NRES,EMP
RAD,NSF,SSW,DRY,DAY,SINGLE,LIGHT,FINE,RES,EMP
TIN,OSF,TBO,DRY,DAWN,SINGLE,LIGHT,SUN,RES,EMP
RAD,OSR,TAI,DRY,DAY,SINGLE,LIGHT,FINE,RES,EMP
RAD,OSR,SSW,DRY,DAY,SINGLE,LIGHT,FINE,RES,EMP
RAD,FRNT,SSW,DRY,DAY,SINGLE,LIGHT,FINE,UN3PAR,EMP
RAD,None,SSW,DRY,DAY,SINGLE,LIGHT,FINE,RES,EMP
RAD,OSR,SSW,DRY,DAY,SINGLE,LIGHT,FINE,RES,EMP
RAD,FRNT,SSW,DRY,DAY,SINGLE,LIGHT,FINE,NRES,EMP
RAD,NSM,SSW,DRY,DAY,SINGLE,LIGHT,FINE,NRES,EMP
RAD,NSM,SSW,DRY,DAY,SINGLE,LIGHT,FINE,RES,CARS TRUCKS
RAD,OSR,SSW,DRY,DAY,SINGLE,LIGHT,FINE,NRES,EMP
RAD,NSF,SSW,DRY,DAY,SINGLE,LIGHT,FINE,RES,EMP
RAD,OSF,SSW,DRY,DAY,SINGLE,LIGHT,FINE,RES,EMP
RAD,NSF,SSW,DRY,DAY,SINGLE,LIGHT,FINE,NRES,EMP
RAD,OSF,SSW,DRY,DAY,SINGLE,LIGHT,FINE,PEND,EMP
RAD,WIN,SSW,DRY,DAY,SINGLE,LIGHT,FINE,RES,EMP
RAD,MIR,SSW,DRY,DAY,MULTI,LIGHT,FINE,RES,EMP
RAD,NSR,SSW,DRY,DAY,SINGLE,LIGHT,FINE,UNREP,OTH
RAD,NSR,SSW,DRY,DAY,SINGLE,LIGHT,FINE,RES,EMP
RAD,NSF,SSW,DRY,DAY,SINGLE,LIGHT,FINE,NRES,EMP
RAD,OSM,SSW,DRY,DAY,SINGLE,LIGHT,FINE,RES,EMP
RAD,NSR,SSW,DRY,DAY,SINGLE,LIGHT,FINE,RES,EMP
RAD,OSM,SSW,DRY,DAY,SINGLE,LIGHT,FINE,RES,EMP
RAD,FRNT,SSW,DRY,DAY,SINGLE,LIGHT,FINE,RES,EMP
BSP,NSR,SSW,DRY,DAY,SINGLE,MODERATE,FINE,RES,EMP
RAD,MIR,SSW,DRY,DAY,SINGLE,NO,FINE,RES,EMP
BSP,OSR,SSW,DRY,NIGHT,MULTI,HEAVY,FINE,NRES,ROA
RAD,NSF,SSW,DRY,DAY,SINGLE,LIGHT,FINE,RES,EMP
BSP,NSM,SSW,WET,DAY,BUS,LIGHT,RAIN,RES,CARS TRUCKS
RAD,NSR,REVERSING,WET,DAY,SINGLE,NO,FINE,NRES,ROA
BSP,NSF,HON,DRY,DAY,SINGLE,MODERATE,FINE,RES,EMP
RAD,NSR,SSW,DRY,DAY,SINGLE,LIGHT,FINE,NRES,EMP
RAD,OSR,REVERSING,DRY,NIGHT,SINGLE,LIGHT,FINE,RES,EMP
RAD,OSM,SSW,DRY,NIGHT,SINGLE,LIGHT,FINE,UN3PAR,GEN
BSP,MIR,HON,DRY,DAY,MULTI,LIGHT,RAIN,RES,EMP
RAD,WSRE,SSW,DRY,DAY,SINGLE,LIGHT,FINE,NRES,EMP
RAD,NSR,SSW,DRY,DAY,SINGLE,LIGHT,FINE,RES,EMP
RAD,OSF,SSW,DRY,DAY,SINGLE,LIGHT,FINE,RES,EMP
RAD,OSF,SSW,DRY,DAY,SINGLE,LIGHT,FINE,RES,EMP
RAD,FRNT,SSW,DRY,DAY,SINGLE,LIGHT,FINE,RES,EMP
RAD,NSR,SSW,DRY,DAY,SINGLE,LIGHT,FINE,RES,EMP
RAD,REAR,SSW,DRY,DAY,SINGLE,LIGHT,FINE,RES,EMP
RAD,OSM,SSW,DRY,DAY,SINGLE,LIGHT,FINE,PEND,EMP
RAD,NSM,SSW,DRY,DAY,SINGLE,LIGHT,FINE,RES,EMP
RAD,NSM,SSW,DRY,DAY,SINGLE,LIGHT,FINE,RES,EMP
RAD,OSF,SSW,DRY,DAY,SINGLE,LIGHT,FINE,NRES,EMP
RAD,OSF,SSW,DRY,DAY,SINGLE,LIGHT,FINE,NRES,EMP
RAD,OSM,SSW,DRY,DAY,SINGLE,LIGHT,FINE,RES,EMP
RAD,NSR,SSW,DRY,DAY,SINGLE,LIGHT,FINE,NRES,EMP
RAD,NSR,SSW,DRY,DAY,SINGLE,LIGHT,FINE,RES,EMP
RAD,OSF,SSW,DRY,DAY,SINGLE,LIGHT,FINE,PEND,EMP
RAD,OSR,SSW,DRY,DAY,SINGLE,LIGHT,FINE,RES,EMP
RAD,OSM,SSW,DRY,DAY,SINGLE,LIGHT,FINE,RES,EMP
RAD,NSM,SSW,WET,DUSK,SINGLE,HEAVY,RAIN,NRES,ROA
RAD,OSM,SSW,DRY,DAY,SINGLE,LIGHT,FINE,NRES,EMP
RAD,REAR,SSW,DRY,DAY,SINGLE,LIGHT,FINE,NRES,EMP
RAD,NSF,SSW,DRY,DAY,SINGLE,LIGHT,FINE,RES,EMP
RAD,NSR,SSW,DRY,DAY,SINGLE,LIGHT,FINE,RES,EMP
RAD,OSR,SSW,DRY,DAY,SINGLE,LIGHT,FINE,RES,EMP
RAD,REAR,SSW,DRY,DAY,SINGLE,LIGHT,FINE,RES,EMP
RAD,FRNT,SSW,DRY,DAY,SINGLE,LIGHT,FINE,RES,EMP
RAD,NSR,SSW,DRY,DAY,SINGLE,LIGHT,FINE,RES,EMP
RAD,NSR,SSW,DRY,DAY,SINGLE,LIGHT,FINE,RES,EMP
RAD,OSM,SSW,DRY,DAY,SINGLE,LIGHT,FINE,RES,EMP
RAD,FRNT,SSW,DRY,DAY,SINGLE,LIGHT,FINE,NRES,EMP
RAD,NSM,SSW,DRY,DAY,SINGLE,LIGHT,FINE,NRES,EMP
RAD,NSF,SSW,DRY,DAY,SINGLE,LIGHT,FINE,RES,EMP
RAD,FRNT,SSW,DRY,DAY,SINGLE,LIGHT,FINE,RES,EMP
RAD,NSR,SSW,DRY,DAY,SINGLE,LIGHT,FINE,RES,EMP
RAD,NSF,SSW,DRY,DAY,SINGLE,LIGHT,FINE,NRES,EMP
RAD,OSM,SSW,DRY,DAY,SINGLE,LIGHT,FINE,RES,EMP
RAD,WSRE,SSW,DRY,DAY,SINGLE,LIGHT,FINE,RES,EMP
RAD,REAR,SSW,DRY,DAY,SINGLE,LIGHT,FINE,RES,EMP
RAD,OSM,SSW,DRY,DAY,SINGLE,LIGHT,FINE,NRES,EMP
RAD,NSF,SSW,DRY,DAY,SINGLE,LIGHT,FINE,RES,EMP
RAD,FRNT,SSW,DRY,DAY,SINGLE,LIGHT,FINE,RES,EMP
RAD,OSR,SSW,DRY,DAY,SINGLE,LIGHT,FINE,NRES,EMP
RAD,FRNT,SSW,DRY,DAY,SINGLE,LIGHT,FINE,RES,EMP
RAD,NSM,SSW,DRY,DAY,SINGLE,LIGHT,FINE,NRES,EMP
RAD,NSF,SSW,DRY,DAY,SINGLE,LIGHT,FINE,NRES,EMP
RAD,FRNT,SSW,DRY,DAY,SINGLE,LIGHT,FINE,NRES,EMP
RAD,FRNT,SSW,DRY,DAY,SINGLE,LIGHT,FINE,RES,EMP
RAD,FRNT,SSW,DRY,DAY,SINGLE,LIGHT,FINE,NRES,EMP
RAD,NSM,SSW,DRY,DAY,SINGLE,LIGHT,FINE,NRES,EMP
RAD,NSR,SSW,DRY,DAY,SINGLE,LIGHT,FINE,RES,EMP
RAD,NSM,SSW,DRY,DAY,SINGLE,LIGHT,FINE,RES,EMP
RAD,NSR,SSW,DRY,DAY,SINGLE,LIGHT,FINE,PEND,EMP
RAD,OSF,SSW,DRY,DAY,SINGLE,LIGHT,FINE,PEND,EMP
RAD,NSF,SSW,DRY,DAY,SINGLE,LIGHT,FINE,RES,EMP
RAD,WSRE,SSW,DRY,DAY,SINGLE,LIGHT,FINE,RES,EMP
RAD,NSF,SSW,DRY,DAY,SINGLE,LIGHT,FINE,RES,EMP
RAD,NSR,SSW,DRY,DAY,SINGLE,LIGHT,FINE,RES,EMP
RAD,NSR,SSW,DRY,DAY,SINGLE,LIGHT,FINE,RES,EMP
RAD,FRNT,SSW,DRY,DAY,SINGLE,LIGHT,FINE,RES,EMP
RAD,FRNT,SSW,DRY,DAY,SINGLE,LIGHT,FINE,RES,EMP
RAD,MIR,SSW,DRY,DAY,SINGLE,LIGHT,FINE,RES,EMP
RAD,NSF,SSW,DRY,DAY,SINGLE,LIGHT,FINE,RES,EMP
RAD,OSR,SSW,DRY,DAY,SINGLE,LIGHT,FINE,RES,EMP
RAD,NSF,SSW,DRY,DAY,SINGLE,LIGHT,FINE,RES,EMP
RAD,NSR,SSW,DRY,DAY,SINGLE,LIGHT,FINE,RES,EMP
RAD,NSR,SSW,DRY,DAY,SINGLE,LIGHT,FINE,RES,EMP
RAD,OSF,SSW,DRY,DAY,SINGLE,LIGHT,FINE,RES,EMP
RAD,REAR,SSW,DRY,DAY,SINGLE,LIGHT,FINE,RES,EMP
RAD,OSF,SSW,DRY,DAY,SINGLE,LIGHT,FINE,RES,EMP
RAD,FRNT,SSW,DRY,DAY,SINGLE,LIGHT,FINE,RES,EMP
RAD,OSF,SSW,DRY,DAY,SINGLE,LIGHT,FINE,NRES,EMP
RAD,NSR,SSW,DRY,DAY,SINGLE,LIGHT,FINE,RES,EMP
RAD,OSM,SSW,DRY,DAY,SINGLE,LIGHT,FINE,RES,EMP
RAD,FRNT,SSW,DRY,DAY,SINGLE,LIGHT,FINE,RES,EMP
RAD,MIR,SSW,DRY,DAY,SINGLE,LIGHT,FINE,RES,EMP
RAD,REAR,SSW,DRY,DAY,SINGLE,LIGHT,FINE,RES,EMP
RAD,NSF,SSW,DRY,NIGHT,SINGLE,LIGHT,FINE,UN3PAR,GEN
RAD,NSF,SSW,WET,DAY,MULTI,LIGHT,FINE,RES,EMP
RAD,NSM,REVERSING,DRY,DAY,SINGLE,LIGHT,FINE,NRES,ROA
RAD,NSM,SSW,DRY,DAY,SINGLE,LIGHT,FINE,UN3PAR,OTH
RAD,NSF,SSW,DRY,DAY,SINGLE,MODERATE,FINE,NRES,ROA
RAD,MIR,HON,DRY,DAY,SINGLE,LIGHT,FINE,RES,EMP
RAD,NSR,SSW,DRY,DAY,SINGLE,HEAVY,FINE,RES,EMP
BSP,MIR,SSW,DRY,DAY,SINGLE,LIGHT,FINE,RES,EMP
RAD,NSR,SSW,DRY,DAY,SINGLE,LIGHT,FINE,PEND,EMP
BSP,NSF,SSW,DRY,DAY,SINGLE,LIGHT,FINE,RES,EMP
BSP,MIR,SSW,DRY,DAY,SINGLE,LIGHT,FINE,NRES,CARS TRUCKS
RAD,NSM,SSW,DRY,DAY,SINGLE,LIGHT,FINE,INCIDENT,GEN
RAD,NSM,SSW,DRY,DAY,SINGLE,LIGHT,FINE,INCIDENT,GEN
XRD,NSM,SSW,DRY,DAY,SINGLE,HEAVY,FINE,RES,EMP
RAD,NSF,HON,DRY,DAY,SINGLE,LIGHT,FINE,RES,EMP
RAD,NSR,SSW,DRY,DAY,MULTI,LIGHT,FINE,RES,EMP
XRD,NSR,SSW,DRY,DAY,SINGLE,HEAVY,FINE,RES,EMP
RAD,NSR,SSW,DRY,DAY,SINGLE,LIGHT,FINE,RES,EMP
XRD,MIR,SSW,WET,DAY,SINGLE,LIGHT,RAIN,RES,EMP
BSP,NSM,SSW,DRY,DAY,MULTI,HEAVY,FINE,RES,EMP
RAD,NSF,SSW,DRY,DAY,SINGLE,LIGHT,FINE,RES,EMP
RAD,REAR,SSW,DRY,DAY,SINGLE,LIGHT,FINE,RES,EMP
RAD,OSF,SSW,DRY,DAY,SINGLE,LIGHT,FINE,PEND,EMP
DEPOT,NSR,SSW,DRY,DUSK,SINGLE,NO,FINE,RES,EMP
DEPOT,FRNT,REVERSING,DRY,NIGHT,SINGLE,LIGHT,FINE,RES,CARS TRUCKS
BSP,MIR,SSW,DRY,DAY,SINGLE,LIGHT,FINE,RES,EMP
RAD,NSR,SSW,DRY,NIGHT,SINGLE,LIGHT,FINE,RES,EMP
RAD,NSR,SSW,DRY,DAY,SINGLE,LIGHT,FINE,RES,EMP
RAD,TOPM,HON,DRY,DAY,SINGLE,LIGHT,FINE,RES,EMP
RAD,NSR,SSW,DRY,DAY,SINGLE,LIGHT,FINE,INCIDENT,GEN
RAD,FRNT,HON,DRY,NIGHT,SINGLE,LIGHT,FINE,RES,EMP
RAD,NSR,SSW,DRY,DAY,SINGLE,LIGHT,FINE,UNREP,CARS TRUCKS
RAD,NSR,TAI,DRY,DAY,SINGLE,LIGHT,FINE,RES,EMP
RAD,NSF,SSW,DRY,STREET,SINGLE,LIGHT,FINE,RES,EMP
RAD,REAR,N2T,DRY,DAY,MULTI,MODERATE,FINE,NRES,ROA
BSP,MIR,SSW,DRY,DAY,BUS,MODERATE,FINE,RES,EMP
RAD,OSR,N2T,DRY,NIGHT,SINGLE,LIGHT,FINE,NRES,EMP
RAD,NSF,SSW,DRY,DAY,SINGLE,LIGHT,FINE,RES,EMP
XRD,NSR,SSW,DRY,DAY,MULTI,LIGHT,FINE,RES,EMP
BSP,NSF,SSW,DRY,NIGHT,SINGLE,LIGHT,FINE,RES,EMP
RAD,REAR,SSW,DRY,NIGHT,SINGLE,LIGHT,FINE,RES,CARS TRUCKS
RAD,FRNT,HON,SLIP,DAY,MULTI,NO,RAIN,RES,EMP
RAD,MIR,SSW,WET,DAY,SINGLE,LIGHT,RAIN,RES,EMP
RAD,FRNT,N2T,DRY,DAY,SINGLE,NO,FINE,RES,EMP
RAD,NSR,SSW,DRY,NIGHT,SINGLE,LIGHT,FINE,INCIDENT,GEN
BSP,OSM,SSW,DRY,DAY,SINGLE,LIGHT,FINE,RES,EMP
RAD,MIR,SSW,DRY,DAY,SINGLE,MODERATE,FINE,RES,EMP
DEPOT,OSM,SSW,DRY,DAY,SINGLE,LIGHT,FINE,RES,EMP
RAD,NSM,SSW,DRY,DAY,MULTI,HEAVY,FINE,RES,EMP
RAD,NSR,SSW,DRY,DAY,SINGLE,LIGHT,FINE,RES,EMP
BSP,WSRE,SSW,DRY,DAY,SINGLE,LIGHT,FINE,INCIDENT,EMP
RBT,MIR,HON,WET,DAY,SINGLE,NO,SUN,RES,CARS TRUCKS
XRD,OSM,SSW,DRY,DAY,MULTI,LIGHT,FINE,NRES,EMP
XRD,OSF,SSW,WET,DAY,MULTI,EXTREME,RAIN,NRES,EMP
RAD,NSR,SSW,DRY,DAY,SINGLE,LIGHT,FINE,RES,EMP
RAD,NSF,SSW,DRY,DAY,SINGLE,LIGHT,FINE,INCIDENT,GEN
BSP,NSR,TAI,DRY,DAY,SINGLE,LIGHT,FINE,RES,CARS TRUCKS
RAD,NSR,SSW,WET,DAY,MULTI,NO,RAIN,RES,EMP
XRD,NSR,SSW,DRY,DAY,BUS,LIGHT,FINE,RES,EMP
RAD,OSM,SSW,DRY,DAY,SINGLE,LIGHT,FINE,RES,CARS TRUCKS
RAD,NSM,SSW,DRY,DAY,SINGLE,LIGHT,FINE,RES,EMP
RAD,NSR,SSW,DRY,DAY,SINGLE,LIGHT,FINE,RES,EMP
RAD,NSR,SSW,DRY,DAY,SINGLE,MODERATE,FINE,RES,EMP
RAD,FRNT,SSW,DRY,DAY,SINGLE,LIGHT,FINE,RES,EMP
RAD,NSR,SSW,DRY,DAY,SINGLE,LIGHT,FINE,INCIDENT,GEN
RAD,OSR,SSW,DRY,DAY,SINGLE,LIGHT,FINE,UN3PAR,ROA
RAD,NSF,HON,WET,NIGHT,SINGLE,LIGHT,RAIN,RES,CARS TRUCKS
RAD,OSR,SSW,DRY,DAY,SINGLE,LIGHT,FINE,RES,EMP
RAD,NSF,SSW,DRY,DAY,SINGLE,LIGHT,FINE,RES,EMP
RAD,NSF,SSW,DRY,DAY,SINGLE,LIGHT,FINE,RES,EMP
RAD,NSR,SSW,DRY,DAY,SINGLE,LIGHT,FINE,RES,EMP
RAD,FRNT,SSW,DRY,DAY,SINGLE,LIGHT,FINE,RES,EMP
RAD,NSM,SSW,DRY,DAY,SINGLE,LIGHT,FINE,RES,CARS TRUCKS
RAD,NSM,SSW,DRY,DAY,SINGLE,LIGHT,FINE,NRES,EMP
RAD,OSF,SSW,DRY,DAY,SINGLE,LIGHT,FINE,NRES,EMP
RAD,NSR,SSW,DRY,DAY,SINGLE,LIGHT,FINE,RES,EMP
RAD,NSF,SSW,DRY,DAY,SINGLE,LIGHT,FINE,RES,EMP
RAD,NSM,SSW,DRY,DAY,SINGLE,LIGHT,FINE,NRES,EMP
RAD,NSR,SSW,DRY,DAY,SINGLE,LIGHT,FINE,RES,EMP
RAD,NSR,SSW,DRY,DAY,SINGLE,LIGHT,FINE,RES,EMP
RAD,OSR,SSW,DRY,DAY,SINGLE,LIGHT,FINE,NRES,EMP
RAD,OSR,SSW,DRY,DAY,SINGLE,LIGHT,FINE,RES,EMP
RAD,REAR,SSW,DRY,DAY,SINGLE,LIGHT,FINE,RES,EMP
RAD,NSR,SSW,DRY,DAY,SINGLE,LIGHT,FINE,RES,EMP
RAD,NSF,SSW,DRY,DAY,SINGLE,LIGHT,FINE,RES,EMP
RAD,NSR,SSW,DRY,DAY,SINGLE,LIGHT,FINE,RES,EMP
RAD,OSF,SSW,DRY,DAY,SINGLE,LIGHT,FINE,NRES,EMP
RAD,OSF,SSW,DRY,DAY,SINGLE,LIGHT,FINE,RES,EMP
RAD,REAR,SSW,DRY,DAY,SINGLE,LIGHT,FINE,RES,EMP
RAD,OSR,SSW,DRY,DAY,SINGLE,LIGHT,FINE,RES,EMP
RAD,OSR,SSW,DRY,DAY,SINGLE,LIGHT,FINE,RES,EMP
RAD,OSR,SSW,DRY,DAY,SINGLE,LIGHT,FINE,RES,EMP
RAD,NSR,SSW,DRY,DAY,SINGLE,LIGHT,FINE,RES,EMP
RAD,NSF,SSW,DRY,DAY,SINGLE,LIGHT,FINE,RES,EMP
RAD,NSF,SSW,DRY,DAY,SINGLE,LIGHT,FINE,RES,EMP
RAD,OSR,SSW,DRY,DAY,SINGLE,LIGHT,FINE,NRES,EMP
RAD,OSM,SSW,DRY,DAY,SINGLE,LIGHT,FINE,RES,EMP
RAD,NSM,SSW,DRY,DAY,SINGLE,LIGHT,FINE,NRES,EMP
RAD,OSF,SSW,DRY,DAY,SINGLE,LIGHT,FINE,RES,EMP
RAD,OSR,SSW,DRY,DAY,SINGLE,LIGHT,FINE,RES,EMP
RAD,NSF,SSW,DRY,DAY,SINGLE,LIGHT,FINE,RES,EMP
RAD,OSR,SSW,DRY,DAY,SINGLE,LIGHT,FINE,RES,EMP
RAD,REAR,SSW,DRY,DAY,SINGLE,LIGHT,FINE,RES,EMP
RAD,NSR,SSW,DRY,DAY,SINGLE,LIGHT,FINE,RES,EMP
RAD,NSR,SSW,DRY,DAY,SINGLE,LIGHT,FINE,RES,EMP
RAD,L/H/S minor fib,SSW,DRY,DAY,SINGLE,LIGHT,FINE,RES,EMP
RAD,OSM,SSW,DRY,DAY,SINGLE,LIGHT,FINE,RES,EMP
RAD,NSF,SSW,DRY,DAY,SINGLE,LIGHT,FINE,RES,EMP
RAD,FRNT,SSW,DRY,DAY,SINGLE,LIGHT,FINE,RES,EMP
RAD,OSF,SSW,DRY,DAY,SINGLE,LIGHT,FINE,RES,EMP
RAD,NSR,SSW,DRY,DAY,SINGLE,LIGHT,FINE,NRES,EMP
RAD,OSM,SSW,DRY,DAY,SINGLE,LIGHT,FINE,NRES,EMP
RAD,R/H/S rear,SSW,DRY,DAY,SINGLE,LIGHT,FINE,NRES,EMP