location_code,damage_code,collision_code,road_code,light_code,road_type_code,traffic_code,weather_code,emp_liability_code,kpi_cause_code
RAD,FRNT,SSW,DRY,DAY,SINGLE,LIGHT,FINE,RES,EMP
RAD,OSF,SSW,DRY,DAY,SINGLE,LIGHT,FINE,NRES,EMP
RAD,OSR,SSW,DRY,DAY,SINGLE,LIGHT,FINE,NRES,EMP
RAD,NSR,SSW,DRY,DAY,SINGLE,LIGHT,FINE,RES,EMP
RAD,NSR,SSW,DRY,DAY,SINGLE,LIGHT,FINE,RES,EMP
RAD,REAR,SSW,DRY,DAY,SINGLE,LIGHT,FINE,NRES,EMP
RAD,NSR,SSW,DRY,DAY,SINGLE,LIGHT,FINE,RES,EMP
RAD,NSF,SSW,DRY,DAY,SINGLE,LIGHT,FINE,RES,EMP
RAD,FRNT,SSW,DRY,DAY,SINGLE,LIGHT,FINE,NRES,EMP
RAD,FRNT,SSW,DRY,DAY,SINGLE,LIGHT,FINE,RES,EMP
RAD,FRNT,SSW,DRY,DAY,SINGLE,LIGHT,FINE,RES,EMP
RAD,NSR,SSW,DRY,DAY,SINGLE,LIGHT,FINE,NRES,EMP
RAD,NSF,SSW,DRY,DAY,SINGLE,LIGHT,FINE,RES,EMP
RAD,NSF,SSW,DRY,DAY,SINGLE,LIGHT,FINE,RES,EMP
RAD,FRNT,SSW,DRY,DAY,SINGLE,LIGHT,FINE,RES,EMP
RAD,NSF,SSW,DRY,DAY,SINGLE,LIGHT,FINE,RES,EMP
RAD,NSR,SSW,DRY,DAY,SINGLE,LIGHT,FINE,RES,EMP
RAD,NSF,SSW,DRY,DAY,SINGLE,LIGHT,FINE,RES,EMP
RAD,NSF,SSW,DRY,DAY,SINGLE,LIGHT,FINE,RES,EMP
RAD,OSR,SSW,DRY,DAY,SINGLE,LIGHT,FINE,RES,EMP
RAD,OSR,SSW,DRY,DAY,SINGLE,LIGHT,FINE,RES,EMP
RAD,REAR,SSW,DRY,DAY,SINGLE,LIGHT,FINE,RES,EMP
RAD,OSR,SSW,DRY,DAY,SINGLE,LIGHT,FINE,RES,EMP
RAD,O/S mirror head,SSW,DRY,DAY,SINGLE,LIGHT,FINE,NRES,EMP
RAD,NSR,SSW,DRY,DAY,SINGLE,LIGHT,FINE,RES,EMP
RAD,REAR,SSW,DRY,DAY,SINGLE,LIGHT,FINE,RES,EMP
RAD,FRNT,SSW,DRY,DAY,SINGLE,LIGHT,FINE,RES,EMP
RAD,NSR,SSW,DRY,DAY,SINGLE,LIGHT,FINE,NRES,EMP
RAD,NSF,SSW,DRY,DAY,SINGLE,LIGHT,FINE,RES,EMP
RAD,NSF,SSW,DRY,DAY,SINGLE,LIGHT,FINE,RES,EMP
RAD,OSF,SSW,DRY,DAY,SINGLE,LIGHT,FINE,NRES,EMP
RAD,NSR,SSW,DRY,DAY,SINGLE,LIGHT,FINE,RES,EMP
RAD,NSF,SSW,DRY,DAY,SINGLE,LIGHT,FINE,NRES,EMP
RAD,NSF,SSW,DRY,DAY,SINGLE,LIGHT,FINE,NRES,EMP
RAD,OSF,SSW,DRY,DAY,SINGLE,LIGHT,FINE,RES,EMP
TIN,NSR,TAI,DRY,DAY,SINGLE,LIGHT,FINE,RES,EMP
BSP,FRNT,SSW,DRY,DAY,SINGLE,HEAVY,FINE,RES,CARS TRUCKS
RAD,NSM,SSW,WET,DAY,MULTI,HEAVY,RAIN,RES,CARS TRUCKS
BSP,NSR,TAI,DRY,DAY,SINGLE,HEAVY,FINE,NRES,CARS TRUCKS
RAD,OSR,SSW,DRY,NIGHT,SINGLE,LIGHT,FINE,RES,CARS TRUCKS
RAD,WIN,SSW,DRY,DAY,SINGLE,LIGHT,FINE,UN3PAR,ROA
RAD,REAR,REVERSING,DRY,DAY,SINGLE,LIGHT,FINE,RES,CARS TRUCKS
XRD,NSF,TBO,DRY,DAY,BUS,MODERATE,FINE,UN3PAR,ROA
RAD,NSM,SSW,DRY,DAY,SINGLE,LIGHT,FINE,INCIDENT,EMP
RAD,NSF,SSW,DRY,DAY,SINGLE,LIGHT,FINE,RES,EMP
BSP,REAR,SSW,DRY,DAY,BUS,NO,FINE,NRES,EMP
RAD,NSR,TAI,DRY,DAY,SINGLE,HEAVY,FINE,RES,EMP
RBT,NSR,SSW,DRY,NIGHT,SINGLE,LIGHT,FINE,UN3PAR,ROA
BSP,OSR,N2T,DRY,DAY,MULTI,HEAVY,FINE,UN3PAR,ROA
RAD,NSR,BTMO,DRY,DAY,SINGLE,LIGHT,FINE,RES,CARS TRUCKS
BSP,MIR,SSW,DRY,DAY,SINGLE,NO,FINE,RES,EMP
RAD,NSM,SSW,DRY,DAY,SINGLE,LIGHT,FINE,RES,EMP
BSP,REAR,REVERSING,DRY,DAY,BUS,LIGHT,FINE,RES,EMP
RBT,FRNT,SSW,DRY,DAY,SINGLE,LIGHT,FINE,RES,EMP
RAD,FRNT,SSW,DRY,DAY,SINGLE,HEAVY,FINE,NRES,ROA
RAD,NSR,SSW,DRY,DAY,MULTI,MODERATE,FINE,NRES,ROA
RBT,NSM,SSW,DRY,DAY,MULTI,LIGHT,FINE,NRES,EMP
RAD,REAR,N2T,DRY,DAY,SINGLE,LIGHT,FINE,UN3PAR,ROA
RAD,NSR,SSW,DRY,DAY,SINGLE,LIGHT,FINE,RES,OTH
BSP,NSR,SSW,DRY,DAY,SINGLE,LIGHT,FINE,RES,EMP
RAD,OSF,SSW,DRY,DAY,MULTI,MODERATE,FINE,UN3PAR,CARS TRUCKS
RAD,NSR,REVERSING,DRY,NIGHT,SINGLE,NO,FINE,RES,EMP
TIN,OSR,TAI,DRY,DAY,MULTI,LIGHT,FINE,RES,EMP
BSP,REAR,SSW,DRY,DAY,MULTI,MODERATE,FINE,NRES,EMP
RBT,MIR,SSW,WET,DAWN,SINGLE,NO,RAIN,RES,EMP
RAD,OSR,SSW,DRY,DAY,SINGLE,LIGHT,FINE,UN3PAR,CARS TRUCKS
RAD,NSR,SSW,DRY,DAY,BUS,MODERATE,FINE,INCIDENT,BUS - OTHER
RAD,NSR,SSW,DRY,DAY,SINGLE,HEAVY,FINE,UN3PAR,CARS TRUCKS
RAD,NSR,SSW,DRY,DAY,SINGLE,LIGHT,FINE,RES,EMP
RAD,REAR,REVERSING,DRY,DAY,SINGLE,LIGHT,FINE,RES,BUS - OTHER
RAD,NSR,SSW,DRY,DAY,SINGLE,LIGHT,FINE,RES,EMP
RAD,NSF,SSW,DRY,DAY,SINGLE,MODERATE,FINE,RES,EMP
RAD,NSM,SSW,SLIP,DAY,SINGLE,MODERATE,RAIN,RES,BUS - OTHER
BSP,NSR,TAI,DRY,DAWN,SINGLE,EXTREME,FINE,RES,EMP
RAD,FRNT,N2T,DRY,DAY,SINGLE,LIGHT,FINE,RES,EMP
BSP,MIR,SSW,DRY,DAY,SINGLE,LIGHT,FINE,RES,EMP
RAD,NSF,N2T,DRY,DAWN,SINGLE,LIGHT,FINE,RES,EMP
DEPOT,NSR,SSW,DRY,DAY,SINGLE,LIGHT,FINE,RES,BUS - OTHER
RAD,OSR,N2T,DRY,DAY,FREE,HEAVY,FINE,NRES,GEN
RAD,NSF,HON,DRY,DAY,SINGLE,NO,FINE,RES,EMP
RAD,MIR,HON,DRY,DAY,SINGLE,HEAVY,FINE,RES,EMP
BSP,MIR,SSW,DRY,DAY,SINGLE,LIGHT,FINE,RES,EMP
RAD,NSF,HON,DRY,DUSK,SINGLE,NO,FINE,RES,EMP
TIN,NSM,SSW,DRY,DAY,SINGLE,LIGHT,FINE,RES,EMP
BSP,MIR,SSW,DRY,DAY,SINGLE,MODERATE,FINE,RES,EMP
DEPOT,NSR,TAI,WET,NIGHT,SINGLE,NO,FINE,RES,EMP
RAD,NSR,SSW,DRY,NIGHT,MULTI,NO,FINE,NRES,CARS TRUCKS
BSP,OSF,SSW,DRY,DAY,BUS,LIGHT,FINE,INCIDENT,BUS - OTHER
RAD,NSF,SSW,DRY,DAY,SINGLE,LIGHT,FINE,RES,BUS - OTHER
RAD,WSRE,HON,DRY,DUSK,SINGLE,LIGHT,FINE,INCIDENT,OTH
RAD,OSR,SSW,DRY,DAY,SINGLE,NO,FINE,NRES,CARS TRUCKS
RAD,NSF,SSW,DRY,DAY,SINGLE,MODERATE,FINE,RES,EMP
RAD,FRNT,HON,DRY,DAY,FREE,LIGHT,FINE,INCIDENT,OTH
BSP,NSF,SSW,WET,NIGHT,SINGLE,LIGHT,RAIN,RES,BUS - OTHER
RAD,MIR,SSW,DRY,DAY,MULTI,MODERATE,FINE,UN3PAR,CARS TRUCKS
RAD,NSR,SSW,DRY,DAY,SINGLE,LIGHT,FINE,UNREP,OTH
RAD,NSF,SSW,WET,DAY,SINGLE,LIGHT,RAIN,RES,EMP
RAD,NSR,SSW,DRY,DAY,SINGLE,HEAVY,FINE,RES,EMP
RAD,OSF,SSW,DRY,DAY,SINGLE,LIGHT,FINE,INCIDENT,BUS - OTHER
RAD,NSF,REVERSING,DRY,DAY,SINGLE,LIGHT,FINE,RES,EMP
RAD,MIR,HON,DRY,DAY,SINGLE,LIGHT,FINE,UN3PAR,CARS TRUCKS
RAD,REAR,SSW,DRY,DAY,BUS,NO,FINE,NRES,CARS TRUCKS
RAD,FRNT,SSW,DRY,DAY,SINGLE,LIGHT,FINE,RES,EMP
RAD,FRNT,HON,DRY,DAY,SINGLE,LIGHT,FINE,RES,EMP
TIN,OSM,SSW,DRY,DAY,MULTI,MODERATE,FINE,NRES,CARS TRUCKS
RAD,FRNT,N2T,DRY,DAY,SINGLE,MODERATE,FINE,RES,EMP
BSP,OSR,SSW,DRY,DAY,SINGLE,MODERATE,FINE,NRES,CARS TRUCKS
DEPOT,WSRE,HON,WET,DAY,SINGLE,NO,FINE,RES,OTH
RAD,OSR,SSW,DRY,DAY,SINGLE,NO,FINE,RES,EMP
RBT,NSF,HON,DRY,DAY,SINGLE,MODERATE,FINE,NRES,CARS TRUCKS
RAD,OSR,SSW,DRY,DAY,SINGLE,LIGHT,FINE,RES,EMP
RAD,OSR,SSW,DRY,DAY,SINGLE,LIGHT,FINE,UN3PAR,CARS TRUCKS
RAD,OSM,SSW,DRY,DAWN,MULTI,LIGHT,FINE,RES,EMP
BSP,NSR,TAI,DRY,DAY,SINGLE,EXTREME,FINE,RES,EMP
RAD,NSF,SSW,WET,DAY,FREE,MODERATE,RAIN,RES,EMP
RAD,FRNT,HON,WET,NIGHT,SINGLE,NO,RAIN,RES,BUS - OTHER
RAD,NSR,SSW,DRY,DAY,SINGLE,NO,FINE,RES,POW
RAD,OSF,SSW,DRY,DAY,SINGLE,NO,FINE,RES,EMP
RAD,NSR,SSW,DRY,DAY,SINGLE,LIGHT,FINE,RES,EMP
XRD,MIR,SSW,DRY,DAY,MULTI,MODERATE,FINE,RES,CARS TRUCKS
RAD,NSR,HON,DRY,DUSK,SINGLE,NO,FINE,RES,EMP
DEPOT,WSRE,SSW,DRY,DAY,SINGLE,LIGHT,FINE,RES,OTH
RAD,OSR,BTMO,WET,DAWN,SINGLE,LIGHT,FOG,RES,EMP
RAD,NSR,SSW,WET,DAY,MULTI,LIGHT,RAIN,RES,CARS TRUCKS
RAD,FRNT,SSW,DRY,DAY,SINGLE,EXTREME,FINE,NRES,GEN
RAD,NSM,TAI,DRY,DAY,SINGLE,EXTREME,FINE,RES,EMP
BSP,OSR,SSW,WET,DAWN,SINGLE,NO,RAIN,RES,BUS - OTHER
RAD,NSR,SSW,DRY,DAY,SINGLE,NO,FINE,RES,EMP
BSP,MIR,SSW,DRY,DAY,BUS,LIGHT,FINE,RES,EMP
RAD,NSR,SSW,DRY,NIGHT,SINGLE,MODERATE,FINE,RES,EMP
BSP,MIR,SSW,DRY,DAY,SINGLE,NO,FINE,RES,BUS - OTHER
RAD,REAR,BTMO,DRY,DAY,SINGLE,LIGHT,FINE,RES,BUS - OTHER
RAD,NSR,TAI,DRY,DAY,SINGLE,LIGHT,FINE,RES,EMP
XRD,NSR,SSW,DRY,DAY,SINGLE,MODERATE,FINE,RES,BUS - OTHER
RBT,NSM,SSW,DRY,DAY,MULTI,MODERATE,FINE,RES,EMP
RAD,NSF,SSW,DRY,DAY,SINGLE,LIGHT,FINE,RES,OTH
BSP,FRNT,HON,DRY,DAY,SINGLE,NO,FINE,RES,BUS - OTHER
BSP,MIR,SSW,DRY,DAY,SINGLE,MODERATE,FINE,NRES,CARS TRUCKS
RAD,NSR,SSW,DRY,DAY,SINGLE,NO,FINE,RES,CARS TRUCKS
RAD,NSR,SSW,DRY,DAY,SINGLE,LIGHT,FINE,UNREP,OTH
BSP,NSF,SSW,DRY,DAY,BUS,HEAVY,FINE,RES,EMP
RAD,MIR,SSW,DRY,DAY,SINGLE,HEAVY,FINE,RES,BUS - OTHER
RAD,NSR,SSW,DRY,DAY,SINGLE,LIGHT,FINE,RES,EMP
RAD,REAR,REVERSING,DRY,DAY,SINGLE,LIGHT,FINE,RES,BUS - OTHER
RAD,NSR,SSW,DRY,DAY,SINGLE,MODERATE,FINE,NRES,CARS TRUCKS
RAD,NSR,SSW,DRY,DAY,SINGLE,LIGHT,FINE,RES,EMP
RAD,NSM,SSW,DRY,DAY,SINGLE,LIGHT,FOG,RES,EMP
RAD,NSR,SSW,DRY,DAY,SINGLE,LIGHT,FINE,INCIDENT,CARS TRUCKS
BSP,NSF,SSW,DRY,DAY,SINGLE,LIGHT,FINE,RES,EMP
RAD,NSR,SSW,DRY,DAY,SINGLE,HEAVY,FINE,RES,CARS TRUCKS
RAD,NSM,SSW,WET,DAY,SINGLE,LIGHT,FINE,RES,CARS TRUCKS
RBT,OSM,SSW,DRY,DAY,SINGLE,LIGHT,FINE,RES,EMP
RAD,FRNT,HON,DRY,DAY,SINGLE,NO,FINE,RES,EMP
BSP,NSF,SSW,DRY,NIGHT,SINGLE,NO,FINE,RES,CARS TRUCKS
BSP,OSR,SSW,DRY,DAY,SINGLE,LIGHT,RAIN,NRES,ROA
RAD,NSF,SSW,DRY,DUSK,MULTI,HEAVY,FINE,NRES,EMP
RAD,NSF,ROO,DRY,DUSK,SINGLE,NO,FINE,RES,BUS - OTHER
BSP,NSF,HON,DRY,DAY,BUS,MODERATE,FINE,RES,BUS - OTHER
RAD,FRNT,HON,DRY,DAY,SINGLE,LIGHT,FINE,RES,BUS - OTHER
RAD,OSF,SSW,DRY,DAY,SINGLE,NO,FINE,INCIDENT,BUS - OTHER
RBT,FRNT,TBO,DRY,DAY,SINGLE,MODERATE,FINE,RES,OTH
RAD,NSM,SSW,DRY,DAY,MULTI,LIGHT,FINE,RES,EMP
XRD,NSR,SSW,WET,DAY,SINGLE,MODERATE,RAIN,RES,EMP
BSP,MIR,SSW,DRY,DAY,MULTI,MODERATE,FINE,NRES,CARS TRUCKS
RAD,REAR,HON,DRY,NIGHT,SINGLE,LIGHT,FINE,NRES,EMP
RAD,NSR,REVERSING,DRY,DAY,MULTI,MODERATE,FINE,NRES,ROA
RAD,TOPM,SSW,DRY,NIGHT,SINGLE,LIGHT,FINE,RES,EMP
RAD,NSR,SSW,DRY,DAY,SINGLE,LIGHT,FINE,RES,EMP
RAD,OSR,SSW,WET,NIGHT,SINGLE,LIGHT,RAIN,NRES,CARS TRUCKS
RBT,OSM,TAI,DRY,NIGHT,SINGLE,NO,FINE,RES,BUS - OTHER
RBT,REAR,SSW,DRY,DAY,MULTI,MODERATE,SUN,RES,BUS - OTHER
RAD,NSM,SSW,DRY,DAY,SINGLE,MODERATE,FINE,INCIDENT,GEN
RAD,MIR,HON,DRY,DAY,MULTI,LIGHT,FINE,RES,EMP
BSP,MIR,SSW,DRY,DAY,BUS,MODERATE,FINE,RES,EMP
RAD,TOPR,ROO,DRY,DAY,SINGLE,NO,FINE,RES,EMP
RAD,NSR,REVERSING,DRY,DAY,SINGLE,MODERATE,FINE,RES,EMP
TIN,NSR,SSW,DRY,NIGHT,MULTI,LIGHT,FINE,NRES,CARS TRUCKS
RAD,REAR,REVERSING,DRY,DAY,SINGLE,LIGHT,FINE,RES,EMP
RAD,NSR,SSW,DRY,DAY,SINGLE,HEAVY,FINE,RES,CARS TRUCKS
RAD,OSR,SSW,DRY,NIGHT,MULTI,LIGHT,FINE,UN3PAR,EMP
RAD,MIR,SSW,DRY,NIGHT,SINGLE,LIGHT,RAIN,UN3PAR,CARS TRUCKS
RAD,WSRE,SSW,DRY,DAY,SINGLE,NO,FINE,RES,EMP
RAD,OSM,HON,DRY,DAY,MULTI,LIGHT,FINE,UN3PAR,CARS TRUCKS
RAD,NSR,SSW,DRY,NIGHT,FREE,NO,FINE,INCIDENT,OTH
RAD,MIR,SSW,WET,DAY,MULTI,MODERATE,RAIN,NRES,CARS TRUCKS
BSP,WIN,SSW,DRY,DAY,SINGLE,MODERATE,FINE,RES,EMP
RAD,NSF,TBO,WET,DAY,SINGLE,LIGHT,RAIN,RES,EMP
RAD,NSR,SSW,DRY,DAY,SINGLE,LIGHT,FINE,INCIDENT,EMP
RAD,NSR,SSW,DRY,DAY,SINGLE,NO,FINE,RES,EMP
RAD,OSF,BTMO,DRY,DAY,SINGLE,LIGHT,FOG,RES,OTH
RAD,NSR,TBO,DRY,DAY,MULTI,HEAVY,FINE,NRES,CARS TRUCKS
TIN,FRNT,TBO,DRY,DUSK,MULTI,MODERATE,FINE,NRES,CARS TRUCKS
TIN,NSM,SSW,DRY,DAY,MULTI,MODERATE,FINE,NRES,CARS TRUCKS
RAD,OSF,SSW,DRY,DAY,FREE,LIGHT,FINE,NRES,CARS TRUCKS
RAD,NSM,REVERSING,DRY,DAY,MULTI,HEAVY,FINE,NRES,CARS TRUCKS
RAD,NSR,SSW,DRY,DAY,SINGLE,LIGHT,FINE,RES,BUS - OTHER
TIN,NSR,SSW,DRY,DAY,SINGLE,LIGHT,FINE,RES,EMP
RAD,NSF,BTMO,DRY,DAY,SINGLE,MODERATE,FINE,UNREP,BUS - OTHER
RAD,NSR,SSW,DRY,DAY,MULTI,NO,FINE,RES,EMP
BSP,NSF,SSW,DRY,DAY,SINGLE,NO,FINE,RES,EMP
XRD,NSR,SSW,WET,NIGHT,SINGLE,NO,FINE,RES,BUS - OTHER
RAD,OSF,SSW,DRY,DAWN,SINGLE,LIGHT,FINE,INCIDENT,EMP
TIN,MIR,SSW,DRY,DAY,MULTI,HEAVY,FINE,RES,ROAD RAGE
RAD,NSR,SSW,DRY,DAY,MULTI,MODERATE,FINE,RES,EMP
BSP,NSF,ROO,DRY,DAY,SINGLE,LIGHT,FINE,RES,EMP
RAD,NSR,SSW,DRY,NIGHT,SINGLE,HEAVY,FINE,RES,EMP
RBT,NSF,SSW,DRY,DUSK,SINGLE,HEAVY,FINE,RES,EMP
RAD,MIR,SSW,DRY,NIGHT,SINGLE,LIGHT,FINE,OTHERBUS,BUS - OTHER
RAD,NSF,SSW,DRY,DAY,SINGLE,NO,FINE,UN3PAR,CARS TRUCKS
RAD,FRNT,SSW,DRY,DAY,SINGLE,MODERATE,FINE,NRES,CARS TRUCKS
RAD,OSR,SSW,DRY,DAY,SINGLE,NO,FINE,RES,EMP
RAD,OSR,SSW,DRY,DAY,SINGLE,MODERATE,SUN,RES,EMP
BSP,MIR,ROO,DRY,DAY,SINGLE,LIGHT,FINE,RES,EMP
RAD,NSF,N2T,DRY,DAY,SINGLE,LIGHT,FINE,RES,BUS - OTHER
BSP,NSR,REVERSING,DRY,DAY,SINGLE,NO,FINE,RES,EMP
BSP,MIR,SSW,DRY,NIGHT,SINGLE,LIGHT,FINE,RES,EMP
RAD,MIR,HON,DRY,DAY,SINGLE,LIGHT,FINE,INCIDENT,OTH
RAD,NSR,TAI,DRY,DAY,SINGLE,LIGHT,FINE,RES,EMP
RAD,NSR,SSW,DRY,NIGHT,MULTI,NO,FINE,RES,EMP
RAD,NSM,SSW,DRY,NIGHT,SINGLE,LIGHT,FINE,RES,BUS - OTHER
RAD,MIR,SSW,DRY,DAY,SINGLE,LIGHT,FINE,RES,ENV
RAD,NSF,HON,DRY,DAY,SINGLE,NO,FINE,RES,BUS - OTHER
TIN,NSR,SSW,DRY,DAY,SINGLE,EXTREME,FINE,RES,EMP
RAD,NSM,SSW,DRY,DAY,SINGLE,LIGHT,FINE,NRES,POW
RAD,NSM,SSW,DRY,DAY,SINGLE,MODERATE,FINE,RES,EMP
RAD,MIR,HON,WET,DAY,SINGLE,LIGHT,RAIN,RES,EMP
RAD,OSM,SSW,DRY,DAY,SINGLE,LIGHT,FINE,UNREP,OTH
RBT,NSM,SSW,SLIP,DAY,SINGLE,LIGHT,RAIN,RES,EMP
RAD,NSR,SSW,DRY,DAY,SINGLE,LIGHT,FINE,INCIDENT,EMP
RAD,OSM,SSW,DRY,DAY,SINGLE,LIGHT,FINE,INCIDENT,OTH
BSP,MIR,SSW,WET,DAY,SINGLE,MODERATE,FINE,RES,EMP
RAD,TOPR,ROO,DRY,DAY,SINGLE,MODERATE,FINE,RES,EMP
RAD,NSR,SSW,DRY,DAY,SINGLE,LIGHT,FINE,RES,OTH
RAD,NSF,HON,WET,DAY,SINGLE,NO,RAIN,RES,EMP
RAD,NSR,SSW,DRY,DAY,SINGLE,LIGHT,FINE,RES,EMP
RAD,NSR,N2T,DRY,DAY,SINGLE,LIGHT,FINE,RES,EMP
BSP,NSF,ROO,DRY,DAY,SINGLE,LIGHT,FINE,RES,EMP
RBT,NSR,SSW,DRY,NIGHT,SINGLE,LIGHT,FINE,RES,EMP
RAD,OSR,REVERSING,DRY,NIGHT,SINGLE,NO,FINE,RES,EMP
RAD,NSR,SSW,DRY,DAY,SINGLE,LIGHT,FINE,UNREP,OTH
RAD,WSRE,SSW,DRY,NIGHT,SINGLE,LIGHT,FINE,RES,EMP
RAD,NSM,SSW,DRY,DAY,SINGLE,LIGHT,FINE,RES,ENV
RAD,OSR,SSW,DRY,DAY,MULTI,LIGHT,SUN,RES,EMP
RAD,REAR,REVERSING,DRY,DAY,SINGLE,LIGHT,FINE,RES,EMP
RAD,NSM,SSW,DRY,DAY,SINGLE,NO,FINE,RES,EMP
RBT,NSF,TBO,DRY,DAY,SINGLE,LIGHT,FINE,RES,EMP
RAD,NSR,SSW,DRY,DAY,SINGLE,LIGHT,FINE,UNREP,OTH
XRD,NSM,SSW,DRY,DAY,SINGLE,LIGHT,FINE,RES,EMP
BSP,MIR,SSW,DRY,STREET,MULTI,NO,FINE,INCIDENT,EMP
RAD,NSR,REVERSING,DRY,DAY,SINGLE,MODERATE,FINE,NRES,CARS TRUCKS
RAD,FRNT,HON,DRY,DUSK,SINGLE,LIGHT,FINE,INCIDENT,OTH
RAD,NSR,TBO,DRY,DUSK,MULTI,HEAVY,FINE,NRES,CARS TRUCKS
TIN,NSM,ROO,WET,DAY,SINGLE,MODERATE,FINE,RES,EMP
RBT,NSM,REVERSING,DRY,DAY,SINGLE,LIGHT,FINE,RES,EMP
RAD,OSM,SSW,DRY,DAWN,SINGLE,NO,FINE,RES,EMP
RAD,FRNT,HON,DRY,DAY,SINGLE,LIGHT,RAIN,RES,EMP
BSP,TOPF,SSW,DRY,DAY,SINGLE,LIGHT,FINE,RES,EMP
RBT,NSF,SSW,DRY,DAY,SINGLE,MODERATE,FINE,NRES,CARS TRUCKS
BSP,OSF,SSW,DRY,DAWN,BUS,MODERATE,FINE,RES,CARS TRUCKS
RAD,REAR,HON,DRY,DAY,SINGLE,LIGHT,FINE,NRES,CARS TRUCKS
RAD,OSM,SSW,SLIP,DAY,SINGLE,NO,FINE,RES,EMP
BSP,MIR,REVERSING,DRY,DAY,SINGLE,LIGHT,FINE,RES,BUS - OTHER
BSP,NSR,SSW,DRY,DUSK,SINGLE,LIGHT,FINE,RES,CARS TRUCKS
TIN,NSM,SSW,DRY,DAY,SINGLE,LIGHT,FINE,RES,EMP
RAD,NSF,SSW,DRY,DAY,SINGLE,NO,FINE,RES,EMP
RAD,OSR,TAI,DRY,NIGHT,SINGLE,NO,FINE,RES,BUS - OTHER
BSP,NSR,HON,DRY,DAY,SINGLE,LIGHT,FINE,NRES,EMP
BSP,OSR,N2T,DRY,DAY,BUS,LIGHT,FINE,NRES,CARS TRUCKS
RAD,NSR,TAI,SLIP,DAWN,SINGLE,NO,RAIN,RES,SURFING
RAD,TOPF,SSW,DRY,DAY,SINGLE,MODERATE,FINE,RES,EMP
BSP,WSRE,SSW,DRY,DAY,SINGLE,LIGHT,FINE,NRES,BUS - OTHER
RAD,TOPF,SSW,WET,NIGHT,FREE,LIGHT,RAIN,INCIDENT,OTH
RAD,NSR,SSW,DRY,DAY,SINGLE,LIGHT,FINE,RES,EMP
RAD,FRNT,HON,WET,DAY,SINGLE,LIGHT,RAIN,INCIDENT,ENV
RAD,OSM,SSW,WET,DUSK,SINGLE,NO,RAIN,RES,EMP
RAD,OSR,SSW,DRY,DAY,SINGLE,HEAVY,FINE,INCIDENT,CARS TRUCKS
RBT,NSM,TAI,DRY,DAY,SINGLE,LIGHT,FINE,RES,EMP
DEPOT,OSR,N2T,DRY,DAY,SINGLE,LIGHT,FINE,RES,EMP
RAD,NSR,TAI,DRY,DAY,SINGLE,NO,FINE,RES,EMP
RAD,NSF,SSW,DRY,DAY,SINGLE,LIGHT,FINE,RES,EMP
RBT,MIR,HON,DRY,NIGHT,SINGLE,EXTREME,FINE,RES,EMP
DEPOT,FRNT,HON,DRY,DAY,BUS,NO,FINE,RES,EMP
BSP,OSR,SSW,DRY,DAY,BUS,LIGHT,FINE,RES,CARS TRUCKS
RAD,OSM,SSW,DRY,DAY,SINGLE,LIGHT,SUN,RES,EMP
RAD,OSR,SSW,DRY,DAY,MULTI,LIGHT,FINE,RES,CARS TRUCKS
RAD,OSR,SSW,DRY,DAY,SINGLE,NO,FINE,RES,EMP
RBT,MIR,HON,DRY,NIGHT,SINGLE,NO,FINE,RES,EMP
BSP,OSR,SSW,DRY,DAY,SINGLE,MODERATE,FINE,RES,EMP
RAD,FRNT,HON,DRY,DAY,SINGLE,LIGHT,FINE,RES,EMP
RAD,FRNT,HON,DRY,DAY,MULTI,NO,FINE,RES,EMP
RBT,REAR,SSW,DRY,DUSK,MULTI,MODERATE,FINE,UN3PAR,CARS TRUCKS
RAD,OSM,SSW,DRY,DAWN,SINGLE,NO,RAIN,RES,EMP
RAD,MIR,SSW,DRY,DAY,MULTI,LIGHT,FINE,UN3PAR,CARS TRUCKS
RAD,NSF,SSW,DRY,DAY,SINGLE,LIGHT,FINE,INCIDENT,BUS - OTHER
RAD,REAR,SSW,DRY,DAY,MULTI,HEAVY,FINE,RES,CARS TRUCKS
RAD,NSR,SSW,DRY,DAY,MULTI,MODERATE,FINE,NRES,EMP
RBT,MIR,SSW,DRY,DAY,MULTI,LIGHT,FINE,NRES,CARS TRUCKS
RBT,REAR,HON,DRY,DAY,SINGLE,MODERATE,FINE,RES,EMP
RAD,NSR,SSW,DRY,NIGHT,SINGLE,MODERATE,FINE,RES,EMP
RAD,OSM,SSW,DRY,NIGHT,SINGLE,NO,FINE,RES,OTH
RAD,MIR,HON,DRY,DAY,SINGLE,MODERATE,FINE,RES,EMP
RAD,OSM,HON,DRY,DAY,SINGLE,NO,FINE,RES,EMP
RAD,REAR,REVERSING,WET,DAY,SINGLE,MODERATE,RAIN,RES,EMP
RAD,NSR,SSW,WET,DAY,SINGLE,NO,RAIN,RES,EMP
BSP,MIR,SSW,DRY,DUSK,SINGLE,MODERATE,SUN,RES,BUS - OTHER
XRD,NSR,SSW,DRY,DAY,MULTI,LIGHT,FINE,NRES,BUS - OTHER