location_code,damage_code,collision_code,road_code,light_code,road_type_code,traffic_code,weather_code,emp_liability_code,kpi_cause_code
RAD,REAR,REVERSING,DRY,DAY,SINGLE,NO,FINE,RES,EMP
RBT,NSR,REVERSING,DRY,NIGHT,SINGLE,NO,FINE,RES,EMP
RAD,REAR,REVERSING,DRY,DAY,SINGLE,LIGHT,FINE,RES,EMP
BSP,OSM,SSW,DRY,DAY,SINGLE,NO,FINE,RES,EMP
BSP,OSR,SSW,DRY,DAY,SINGLE,LIGHT,FINE,OTHERBUS,EMP
TIN,REAR,REVERSING,DRY,DAY,SINGLE,LIGHT,FINE,RES,BUS - OTHER
RAD,OSF,SSW,DRY,DAY,SINGLE,LIGHT,FINE,NRES,CARS TRUCKS
RAD,NSF,SSW,WET,DAY,BUS,NO,RAIN,RES,EMP
RAD,NSR,SSW,DRY,DAY,SINGLE,LIGHT,FINE,RES,EMP
BSP,OSR,SSW,DRY,DAY,SINGLE,MODERATE,FINE,UN3PAR,CARS TRUCKS
RAD,MIR,SSW,DRY,DAY,SINGLE,LIGHT,FINE,UN3PAR,EMP
RAD,REAR,SSW,DRY,DAY,SINGLE,LIGHT,FINE,RES,CARS TRUCKS
RAD,NSM,SSW,DRY,DAY,SINGLE,HEAVY,FINE,RES,EMP
BSP,MIR,SSW,WET,DAY,SINGLE,LIGHT,RAIN,RES,BUS - OTHER
RAD,NSM,SSW,DRY,DUSK,SINGLE,LIGHT,FINE,NRES,ROA
XRD,OSR,SSW,DRY,DAY,MULTI,HEAVY,FINE,RES,EMP
RAD,FRNT,HON,DRY,DAY,SINGLE,NO,FINE,INCIDENT,ENV
BSP,NSF,SSW,DRY,DAY,MULTI,LIGHT,FINE,RES,EMP
BSP,OSR,SSW,DRY,DAY,SINGLE,NO,FINE,RES,CARS TRUCKS
RBT,MIR,SSW,DRY,DAY,SINGLE,NO,FINE,RES,EMP
RAD,REAR,N2T,DRY,DAY,SINGLE,LIGHT,FINE,NRES,CARS TRUCKS
RAD,NSM,SSW,DRY,DAY,SINGLE,HEAVY,FINE,RES,CARS TRUCKS
RAD,NSF,SSW,WET,DAY,SINGLE,LIGHT,RAIN,RES,EMP
RAD,OSR,TBO,DRY,DAY,MULTI,NO,FINE,NRES,CARS TRUCKS
RAD,REAR,BTMO,WET,DAY,SINGLE,NO,RAIN,RES,OTH
RAD,MIR,SSW,DRY,DAY,SINGLE,LIGHT,FINE,RES,BUS - OTHER
RAD,MIR,SSW,DRY,DAY,MULTI,LIGHT,FINE,NRES,CARS TRUCKS
RAD,NSM,SSW,SLIP,DAY,MULTI,LIGHT,RAIN,UN3PAR,CARS TRUCKS
RAD,OSR,SSW,DRY,DAY,SINGLE,LIGHT,FINE,RES,EMP
XRD,OSM,TBO,DRY,DAY,SINGLE,MODERATE,FINE,RES,CARS TRUCKS
RAD,OSM,SSW,DRY,DAY,SINGLE,LIGHT,FINE,RES,EMP
RAD,REAR,HON,DRY,DAY,MULTI,LIGHT,FINE,NRES,EMP
RAD,NSM,REVERSING,DRY,DAY,SINGLE,LIGHT,FINE,RES,EMP
RBT,REAR,TAI,DRY,DAY,SINGLE,LIGHT,FINE,RES,EMP
RBT,NSM,SSW,DRY,DAY,SINGLE,LIGHT,FINE,RES,EMP
RAD,OSF,SSW,WET,DAY,MULTI,LIGHT,FINE,RES,CARS TRUCKS
RAD,OSR,BTMO,DRY,DAY,MULTI,NO,FINE,RES,BUS - OTHER
RAD,OSR,TAI,DRY,DAY,SINGLE,LIGHT,FINE,RES,BUS - OTHER
DEPOT,NSR,SSW,DRY,DAY,SINGLE,LIGHT,FINE,RES,EMP
RAD,NSF,SSW,DRY,DAY,MULTI,LIGHT,FINE,NRES,CARS TRUCKS
TIN,NSM,SSW,WET,DAY,SINGLE,NO,RAIN,RES,BUS - OTHER
RAD,OSR,TAI,DRY,DAY,MULTI,LIGHT,FINE,RES,EMP
BSP,MIR,SSW,DRY,DAY,SINGLE,LIGHT,FINE,RES,EMP
RAD,NSM,TAI,DRY,NIGHT,SINGLE,LIGHT,FINE,RES,EMP
RAD,NSR,SSW,DRY,DAY,SINGLE,LIGHT,FINE,RES,EMP
RAD,WSRE,SSW,WET,DAY,SINGLE,NO,RAIN,RES,ENV
BSP,MIR,SSW,DRY,NIGHT,MULTI,NO,FINE,RES,EMP
RAD,MIR,SSW,WET,DAY,MULTI,MODERATE,FINE,NRES,CARS TRUCKS
XRD,OSR,TAI,DRY,DAY,SINGLE,MODERATE,FINE,RES,EMP
RAD,NSM,HON,WET,DAY,MULTI,NO,RAIN,RES,EMP
RAD,OSM,SSW,DRY,NIGHT,SINGLE,NO,FINE,RES,EMP
RBT,NSM,HON,DRY,DAY,SINGLE,MODERATE,FINE,NRES,EMP
BSP,MIR,HON,DRY,DAY,SINGLE,NO,FINE,RES,EMP
RBT,OSR,HON,DRY,NIGHT,SINGLE,LIGHT,FINE,RES,EMP
BSP,NSM,SSW,WET,NIGHT,SINGLE,LIGHT,RAIN,RES,EMP
BSP,NSR,SSW,DRY,DAY,SINGLE,LIGHT,FINE,RES,EMP
BSP,MIR,SSW,DRY,DAY,SINGLE,LIGHT,FINE,RES,EMP
BSP,OSR,SSW,DRY,DAY,SINGLE,LIGHT,FINE,RES,BUS - OTHER
RAD,NSR,SSW,WET,NIGHT,SINGLE,NO,RAIN,INCIDENT,EMP
BSP,NSR,SSW,WET,DAY,SINGLE,LIGHT,RAIN,RES,EMP
RAD,NSR,TAI,DRY,DAY,SINGLE,NO,FINE,RES,EMP
RAD,MIR,HON,DRY,DAY,BUS,NO,FINE,RES,EMP
RAD,NSF,SSW,DRY,DAY,SINGLE,MODERATE,FINE,RES,EMP
BSP,TOPR,TAI,DRY,DAY,SINGLE,LIGHT,FINE,RES,BUS - OTHER
BSP,NSR,SSW,DRY,DAY,MULTI,LIGHT,FINE,UN3PAR,GEN
RAD,NSF,SSW,WET,NIGHT,SINGLE,NO,FINE,RES,EMP
XRD,NSM,SSW,DRY,DAY,SINGLE,HEAVY,FINE,RES,EMP
BSP,MIR,HON,DRY,DAY,SINGLE,NO,FINE,RES,EMP
RAD,OSM,SSW,DRY,DAY,MULTI,MODERATE,FINE,RES,EMP
TIN,NSM,SSW,DRY,DAWN,SINGLE,LIGHT,FINE,RES,EMP
BSP,OSR,SSW,DRY,DAY,MULTI,LIGHT,FINE,UN3PAR,GEN
BSP,MIR,HON,DRY,NIGHT,MULTI,NO,FINE,RES,EMP
BSP,MIR,HON,DRY,DAY,MULTI,NO,FINE,RES,EMP
BSP,OSR,SSW,DRY,DAY,BUS,LIGHT,FINE,NRES,CARS TRUCKS
BSP,MIR,SSW,SLIP,NIGHT,SINGLE,LIGHT,FINE,RES,EMP
RAD,NSM,SSW,DRY,DAY,SINGLE,HEAVY,FINE,RES,EMP
XRD,FRNT,SSW,WET,DAWN,MULTI,LIGHT,RAIN,UN3PAR,CARS TRUCKS
BSP,NSR,SSW,WET,DAY,SINGLE,HEAVY,RAIN,RES,EMP
TIN,NSM,SSW,WET,NIGHT,MULTI,LIGHT,RAIN,NRES,EMP
DEPOT,OSR,SSW,DRY,DAY,SINGLE,LIGHT,FINE,INCIDENT,BUS - OTHER
BSP,OSM,SSW,DRY,NIGHT,SINGLE,LIGHT,FINE,INCIDENT,PAS
RAD,NSM,SSW,DRY,DAY,SINGLE,NO,FINE,RES,EMP
RAD,NSR,SSW,DRY,DAY,MULTI,HEAVY,FINE,RES,EMP
DEPOT,FRNT,HON,DRY,DAY,SINGLE,LIGHT,FINE,UNREP,EMP
RAD,WSRE,BTMO,DRY,DAY,SINGLE,LIGHT,FINE,INCIDENT,EMP
RAD,NSF,SSW,WET,DAY,SINGLE,NO,RAIN,RES,OTH
RAD,NSF,SSW,WET,DAY,SINGLE,LIGHT,RAIN,RES,EMP
RAD,NSM,SSW,DRY,NIGHT,SINGLE,NO,FINE,RES,BUS - OTHER
RBT,NSM,SSW,DRY,DAY,MULTI,NO,FINE,RES,EMP
BSP,NSM,TAI,DRY,NIGHT,SINGLE,LIGHT,FINE,RES,EMP
RAD,MIR,SSW,DRY,DAY,SINGLE,LIGHT,FINE,UN3PAR,CARS TRUCKS
RAD,NSM,SSW,WET,DAY,SINGLE,MODERATE,RAIN,RES,EMP
RAD,NSR,SSW,DRY,DAY,SINGLE,LIGHT,FINE,RES,EMP
BSP,MIR,HON,DRY,DAY,SINGLE,MODERATE,FINE,RES,EMP
RAD,OSR,SSW,DRY,DAY,MULTI,NO,FINE,RES,BUS - OTHER
RAD,WIN,SSW,DRY,NIGHT,SINGLE,MODERATE,FINE,INCIDENT,GEN
XRD,OSM,SSW,DRY,DAY,MULTI,HEAVY,FINE,RES,EMP
RAD,NSM,SSW,DRY,DAY,SINGLE,NO,FINE,RES,BUS - OTHER
BSP,MIR,ROO,DRY,DAY,SINGLE,HEAVY,FINE,RES,EMP
DEPOT,REAR,REVERSING,DRY,DAY,SINGLE,LIGHT,FINE,RES,EMP
RAD,FRNT,HON,DRY,DAY,MULTI,HEAVY,FINE,RES,EMP
RAD,FRNT,HON,WET,DAY,MULTI,LIGHT,RAIN,RES,BUS - OTHER
RAD,NSR,TAI,DRY,DAY,MULTI,LIGHT,FINE,RES,EMP
RAD,NSM,TAI,DRY,DAY,MULTI,LIGHT,FINE,RES,CARS TRUCKS
RAD,NSF,SSW,DRY,DAY,MULTI,LIGHT,FINE,RES,EMP
RAD,OSM,SSW,DRY,DAY,MULTI,MODERATE,FINE,RES,BUS - OTHER
XRD,NSR,HON,DRY,DAY,SINGLE,NO,FINE,RES,EMP
TIN,FRNT,TAI,DRY,DAY,SINGLE,MODERATE,SUN,NRES,CARS TRUCKS
RAD,FRNT,HON,WET,DAY,SINGLE,LIGHT,RAIN,RES,EMP
BSP,NSF,HON,DRY,DAY,SINGLE,NO,FINE,RES,EMP
RAD,NSM,TBO,DRY,DAY,BUS,HEAVY,FINE,RES,EMP
RAD,OSF,SSW,WET,NIGHT,SINGLE,NO,RAIN,RES,BUS - OTHER
RAD,TOPF,HON,DRY,DAY,SINGLE,LIGHT,FINE,RES,EMP
BSP,NSR,TAI,DRY,DAY,SINGLE,MODERATE,FINE,RES,EMP
DEPOT,NSR,SSW,DRY,DAY,SINGLE,NO,FINE,INCIDENT,BUS - OTHER
RBT,NSR,SSW,DRY,DAY,SINGLE,LIGHT,FINE,RES,EMP
BSP,MIR,HON,SLIP,DAY,SINGLE,MODERATE,SUN,RES,EMP
RAD,FRNT,SSW,DRY,DAY,SINGLE,LIGHT,FINE,NRES,BUS - OTHER
RAD,MIR,SSW,DRY,NIGHT,MULTI,HEAVY,FINE,RES,CARS TRUCKS
TIN,OSM,SSW,WET,DAY,BUS,MODERATE,RAIN,RES,EMP
RAD,NSR,SSW,DRY,DAY,SINGLE,LIGHT,FINE,RES,EMP
XRD,FRNT,HON,WET,NIGHT,SINGLE,MODERATE,RAIN,NRES,CARS TRUCKS
RAD,FRNT,SSW,DRY,DAWN,SINGLE,NO,FINE,RES,BUS - OTHER
BSP,MIR,HON,DRY,DAY,MULTI,LIGHT,FINE,RES,EMP
RAD,FRNT,HON,DRY,DUSK,SINGLE,LIGHT,FINE,RES,EMP
RAD,OSR,SSW,DRY,DAY,SINGLE,NO,FINE,RES,EMP
BSP,TOPF,ROO,DRY,DAY,SINGLE,MODERATE,FINE,RES,EMP
BSP,REAR,N2T,DRY,DAY,SINGLE,MODERATE,FINE,NRES,CARS TRUCKS
RAD,NSR,SSW,DRY,DAY,SINGLE,LIGHT,FINE,UNREP,EMP
RAD,MIR,SSW,DRY,DAY,MULTI,HEAVY,FINE,UN3PAR,EMP
RAD,OSF,SSW,WET,DAY,SINGLE,LIGHT,RAIN,NRES,EMP
RAD,NSF,SSW,DRY,DAY,SINGLE,HEAVY,FINE,RES,EMP
RAD,FRNT,HON,DRY,DAWN,SINGLE,NO,FINE,RES,BUS - OTHER
RAD,OSR,SSW,DRY,DAY,SINGLE,LIGHT,FINE,INCIDENT,OTH
RAD,REAR,SSW,DRY,NIGHT,SINGLE,NO,FINE,RES,EMP
RBT,NSM,SSW,WET,DAY,MULTI,MODERATE,FINE,RES,CARS TRUCKS
RAD,MIR,SSW,DRY,DAY,SINGLE,HEAVY,SUN,RES,EMP
RBT,MIR,SSW,DRY,DAY,SINGLE,LIGHT,FINE,RES,EMP
RAD,OSM,SSW,WET,NIGHT,SINGLE,NO,RAIN,RES,CARS TRUCKS
RAD,OSR,SSW,DRY,DAY,SINGLE,EXTREME,FINE,NRES,CARS TRUCKS
DEPOT,NSR,SSW,DRY,DAY,MULTI,NO,FINE,UNREP,OTH
RAD,FRNT,HON,DRY,DAY,SINGLE,LIGHT,FINE,RES,EMP
RAD,OSR,SSW,DRY,DAY,SINGLE,LIGHT,FINE,UNREP,BUS - OTHER
RAD,MIR,SSW,DRY,DAY,SINGLE,NO,FINE,RES,EMP
BSP,OSR,TAI,DRY,DAY,SINGLE,LIGHT,FINE,RES,EMP
RAD,OSM,SSW,DRY,DAY,SINGLE,NO,FINE,RES,EMP
RAD,NSR,SSW,DRY,DAY,MULTI,LIGHT,FINE,UNREP,EMP
BSP,WIN,SSW,DRY,DAY,SINGLE,NO,FINE,INCIDENT,PAS
BSP,REAR,REVERSING,WET,DUSK,MULTI,NO,RAIN,RES,EMP
RAD,OSR,SSW,DRY,DAY,MULTI,NO,FINE,NRES,EMP
RAD,OSR,TAI,DRY,DAY,SINGLE,LIGHT,FINE,RES,EMP
BSP,NSR,SSW,DRY,DAY,SINGLE,LIGHT,FINE,RES,EMP
RAD,OSR,REVERSING,DRY,DAY,SINGLE,NO,FINE,RES,EMP
BSP,REAR,N2T,WET,DAY,SINGLE,LIGHT,RAIN,NRES,EMP
DEPOT,FRNT,HON,DRY,DAY,SINGLE,LIGHT,FINE,RES,EMP
RAD,WIN,SSW,DRY,DAY,SINGLE,LIGHT,FINE,INCIDENT,EMP
XRD,MIR,SSW,DRY,DAY,SINGLE,LIGHT,FINE,RES,EMP
RAD,NSR,SSW,DRY,DAY,SINGLE,LIGHT,FINE,RES,EMP
DEPOT,NSM,SSW,DRY,DAY,SINGLE,NO,FINE,RES,EMP
BSP,REAR,N2T,DRY,DAY,SINGLE,LIGHT,FINE,NRES,CARS TRUCKS
BSP,MIR,SSW,DRY,DAY,MULTI,LIGHT,FINE,RES,EMP
RAD,NSR,SSW,WET,DAY,SINGLE,LIGHT,FINE,INCIDENT,OTH
RAD,OSR,SSW,DRY,DAY,SINGLE,HEAVY,FINE,RES,CARS TRUCKS
XRD,NSM,SSW,DRY,DAY,SINGLE,LIGHT,FINE,NRES,CARS TRUCKS
RAD,OSR,TAI,DRY,DAY,SINGLE,LIGHT,FINE,RES,EMP
RAD,OSM,SSW,DRY,DAY,SINGLE,MODERATE,FINE,NRES,EMP
RAD,OSM,SSW,DRY,NIGHT,SINGLE,NO,FINE,RES,EMP
RAD,NSR,SSW,DRY,DAWN,SINGLE,NO,FINE,RES,EMP
RAD,NSR,SSW,DRY,DAY,SINGLE,NO,FINE,RES,EMP
RBT,NSF,HON,SLIP,DAY,SINGLE,NO,RAIN,RES,EMP
RAD,MIR,SSW,DRY,DAY,SINGLE,NO,FINE,RES,EMP
RAD,OSR,SSW,DRY,DAY,SINGLE,LIGHT,FINE,NRES,CARS TRUCKS
BSP,OSM,SSW,SLIP,DUSK,BUS,NO,RAIN,UN3PAR,OTH
RAD,OSR,REVERSING,DRY,NIGHT,SINGLE,NO,FINE,RES,EMP
TIN,REAR,TBO,DRY,DAY,SINGLE,LIGHT,FINE,NRES,CARS TRUCKS
RAD,MIR,SSW,WET,DAY,MULTI,MODERATE,RAIN,NRES,CARS TRUCKS
RAD,OSM,TBO,DRY,DAY,SINGLE,NO,FINE,NRES,GEN
RAD,NSR,SSW,DRY,DAY,MULTI,LIGHT,FINE,NRES,CARS TRUCKS
BSP,OSR,REVERSING,DRY,DAY,SINGLE,LIGHT,FINE,RES,EMP
RBT,REAR,REVERSING,WET,DUSK,SINGLE,LIGHT,FINE,RES,EMP
RAD,NSF,SSW,WET,DAY,MULTI,MODERATE,FINE,NRES,CARS TRUCKS
RAD,FRNT,HON,WET,NIGHT,MULTI,MODERATE,RAIN,NRES,CARS TRUCKS
RAD,REAR,TAI,DRY,DAY,SINGLE,NO,FINE,RES,EMP
BSP,FRNT,TAI,DRY,DAY,SINGLE,EXTREME,FINE,RES,EMP
RAD,NSR,SSW,DRY,DAY,MULTI,MODERATE,FINE,RES,EMP
XRD,REAR,SSW,WET,DAY,MULTI,MODERATE,FINE,RES,CARS TRUCKS
RAD,NSR,SSW,DRY,DAY,SINGLE,LIGHT,FINE,RES,CARS TRUCKS
XRD,NSF,HON,DRY,DAY,SINGLE,LIGHT,FINE,RES,EMP
RAD,NSF,N2T,DRY,DAY,SINGLE,LIGHT,FINE,NRES,CARS TRUCKS
BSP,MIR,SSW,DRY,DAY,SINGLE,MODERATE,FINE,RES,EMP
RAD,OSF,SSW,DRY,DAY,MULTI,LIGHT,FINE,UN3PAR,CARS TRUCKS
RAD,NSR,REVERSING,WET,NIGHT,SINGLE,NO,RAIN,RES,EMP
BSP,OSR,SSW,DRY,DAY,MULTI,MODERATE,FINE,NRES,CARS TRUCKS
RAD,OSR,SSW,DRY,DAY,SINGLE,MODERATE,FINE,NRES,CARS TRUCKS
BSP,REAR,N2T,DRY,DAY,MULTI,EXTREME,FINE,NRES,CARS TRUCKS
RAD,REAR,HON,SLIP,NIGHT,SINGLE,LIGHT,RAIN,NRES,CARS TRUCKS
RAD,OSM,SSW,DRY,DAY,SINGLE,NO,FINE,NRES,CARS TRUCKS
BSP,FRNT,N2T,DRY,DAY,MULTI,MODERATE,FINE,NRES,BUS - OTHER
RAD,FRNT,SSW,DRY,DAY,MULTI,LIGHT,FINE,NRES,CARS TRUCKS
RAD,REAR,BTMO,DRY,DAY,SINGLE,NO,FINE,RES,EMP
BSP,MIR,SSW,DRY,DAY,BUS,NO,FINE,OTHERBUS,EMP
XRD,FRNT,N2T,DRY,DAY,MULTI,MODERATE,FINE,RES,EMP
RBT,WSRE,SSW,DRY,DAY,SINGLE,LIGHT,FINE,INCIDENT,EMP
RBT,OSM,SSW,DRY,NIGHT,SINGLE,NO,FINE,RES,EMP
RAD,NSM,SSW,WET,NIGHT,SINGLE,NO,RAIN,INCIDENT,OTH
BSP,NSF,SSW,DRY,DAY,SINGLE,EXTREME,FINE,UN3PAR,CARS TRUCKS
RAD,NSR,SSW,DRY,DAY,SINGLE,NO,FINE,RES,BUS - OTHER
BSP,NSR,REVERSING,DRY,DAY,MULTI,NO,FINE,RES,EMP
BSP,FRNT,HON,DRY,DAY,BUS,NO,FINE,RES,EMP
RAD,NSR,SSW,DRY,NIGHT,MULTI,HEAVY,FINE,RES,EMP
RAD,NSM,SSW,DRY,DAY,SINGLE,LIGHT,FINE,RES,EMP
RBT,OSM,SSW,DRY,DAY,SINGLE,NO,FINE,RES,EMP
RAD,NSM,SSW,DRY,NIGHT,SINGLE,NO,FINE,RES,EMP
XRD,REAR,REVERSING,DRY,DAY,SINGLE,LIGHT,FINE,RES,EMP
BSP,MIR,TAI,DRY,DAY,BUS,LIGHT,FINE,RES,EMP
BSP,OSM,SSW,DRY,DAY,SINGLE,NO,FINE,RES,EMP
RAD,NSR,SSW,DRY,DAY,SINGLE,NO,FINE,RES,EMP
BSP,NSR,TAI,WET,DAY,MULTI,MODERATE,FINE,RES,EMP
RAD,FRNT,HON,WET,NIGHT,SINGLE,NO,RAIN,INCIDENT,OTH
RAD,MIR,SSW,DRY,DAY,SINGLE,LIGHT,FINE,RES,EMP
XRD,NSR,SSW,DRY,DAY,SINGLE,EXTREME,FINE,NRES,BUS - OTHER
RAD,WSRE,HON,WET,DAY,SINGLE,LIGHT,FINE,INCIDENT,ROAD RAGE
XRD,NSF,SSW,DRY,DAY,MULTI,MODERATE,FINE,INCIDENT,PAS
BSP,OSR,SSW,DRY,DAY,MULTI,MODERATE,FINE,UN3PAR,CARS TRUCKS
RAD,NSM,SSW,DRY,DAY,SINGLE,LIGHT,FINE,RES,BUS - OTHER
RBT,REAR,SSW,DRY,DAY,SINGLE,MODERATE,FINE,NRES,EMP
BSP,NSR,SSW,WET,DAY,SINGLE,HEAVY,RAIN,RES,CARS TRUCKS
RAD,NSF,SSW,DRY,DAY,MULTI,LIGHT,FINE,RES,EMP
RAD,NSR,SSW,DRY,DAY,SINGLE,LIGHT,FINE,RES,EMP
RAD,NSF,SSW,DRY,DUSK,MULTI,HEAVY,FOG,NRES,EMP
BSP,MIR,HON,DRY,DAY,SINGLE,NO,FINE,RES,CARS TRUCKS
BSP,MIR,SSW,DRY,DAY,SINGLE,NO,FINE,RES,EMP
XRD,OSR,TAI,DRY,DAY,SINGLE,LIGHT,FINE,RES,EMP
BSP,NSM,SSW,DRY,DAY,SINGLE,MODERATE,FINE,RES,CARS TRUCKS
RAD,REAR,REVERSING,DRY,DAY,SINGLE,LIGHT,FINE,RES,BUS - OTHER
RAD,MIR,SSW,DRY,DAY,SINGLE,LIGHT,FINE,NRES,CARS TRUCKS
BSP,NSM,SSW,DRY,DAY,BUS,LIGHT,FINE,INCIDENT,PAS
BSP,REAR,SSW,DRY,DAY,SINGLE,HEAVY,FINE,RES,EMP
RAD,OSR,SSW,DRY,DAY,SINGLE,LIGHT,FINE,INCIDENT,GEN
RBT,NSR,SSW,DRY,DAY,SINGLE,NO,FINE,RES,EMP
RAD,OSF,SSW,WET,DAY,BUS,LIGHT,RAIN,NRES,CARS TRUCKS
BSP,NSR,SSW,DRY,NIGHT,SINGLE,HEAVY,FINE,RES,BUS - OTHER
RAD,OSM,SSW,DRY,DAY,SINGLE,LIGHT,FINE,RES,EMP
RAD,FRNT,SSW,DRY,DAY,SINGLE,LIGHT,FINE,UN3PAR,EMP
RAD,REAR,REVERSING,DRY,DAY,SINGLE,NO,FINE,RES,EMP
RAD,MIR,SSW,WET,DAY,SINGLE,LIGHT,FINE,INCIDENT,BUS - OTHER
TIN,OSM,SSW,WET,DAY,SINGLE,HEAVY,FINE,RES,BUS - OTHER
BSP,REAR,HON,DRY,DAY,SINGLE,NO,FINE,NRES,GEN
RAD,NSR,TAI,DRY,DAY,SINGLE,NO,FINE,RES,EMP
RAD,WSRE,SSW,WET,DAWN,SINGLE,LIGHT,FINE,INCIDENT,EMP
RAD,TOPR,SSW,DRY,DAY,SINGLE,NO,FINE,RES,EMP
RAD,FRNT,SSW,DRY,DAY,SINGLE,LIGHT,FINE,RES,BUS - OTHER
BSP,MIR,HON,DRY,DAY,SINGLE,LIGHT,FINE,RES,EMP
RAD,FRNT,HON,DRY,DAWN,SINGLE,LIGHT,FINE,INCIDENT,EMP
RAD,MIR,SSW,DRY,DAY,SINGLE,LIGHT,FINE,NRES,BUS - OTHER
RAD,OSM,SSW,DRY,DAY,SINGLE,LIGHT,FINE,RES,CARS TRUCKS
BSP,NSR,TAI,DRY,DAY,SINGLE,LIGHT,FINE,RES,EMP
RAD,FRNT,HON,DRY,DAY,SINGLE,MODERATE,FINE,RES,BUS - OTHER
RBT,NSM,SSW,DRY,DAY,MULTI,LIGHT,FINE,RES,EMP
BSP,OSR,SSW,DRY,DAY,SINGLE,LIGHT,FINE,UN3PAR,CARS TRUCKS
RAD,OSR,SSW,WET,NIGHT,SINGLE,LIGHT,RAIN,RES,CARS TRUCKS
RAD,MIR,SSW,DRY,DAY,MULTI,LIGHT,FINE,UN3PAR,CARS TRUCKS
TIN,NSM,SSW,WET,DUSK,MULTI,LIGHT,RAIN,RES,EMP
RAD,REAR,SSW,DRY,DAY,SINGLE,LIGHT,FINE,OTHERBUS,BUS - OTHER
XRD,OSR,TAI,WET,DUSK,SINGLE,NO,RAIN,RES,BUS - OTHER
RAD,FRNT,N2T,DRY,DAY,SINGLE,LIGHT,FINE,RES,EMP
RAD,REAR,REVERSING,SLIP,DAY,SINGLE,NO,RAIN,RES,EMP
RAD,OSM,SSW,DRY,DAY,SINGLE,LIGHT,FINE,RES,EMP
RAD,REAR,N2T,DRY,DAY,MULTI,LIGHT,FINE,NRES,CARS TRUCKS
RAD,NSF,SSW,DRY,DAY,SINGLE,LIGHT,FINE,RES,CYC
RBT,OSM,BTMO,DRY,DAY,SINGLE,MODERATE,FINE,RES,EMP
RAD,OSF,HON,WET,DAY,SINGLE,MODERATE,RAIN,INCIDENT,ENV
BSP,REAR,N2T,DRY,DAY,MULTI,HEAVY,FINE,NRES,CARS TRUCKS
RAD,NSM,SSW,DRY,DAY,SINGLE,LIGHT,FINE,RES,EMP
RAD,NSR,SSW,DRY,DAY,SINGLE,NO,FINE,RES,EMP
RAD,NSR,SSW,DRY,DAY,SINGLE,MODERATE,FINE,RES,BUS - OTHER
RBT,FRNT,SSW,DRY,DAY,MULTI,LIGHT,FINE,RES,CARS TRUCKS
RBT,OSR,SSW,DRY,DAY,SINGLE,NO,FINE,RES,EMP
RAD,NSR,TAI,WET,DUSK,SINGLE,NO,RAIN,RES,EMP
RAD,OSF,SSW,DRY,DAY,SINGLE,LIGHT,FINE,UNREP,EMP
RAD,OSR,SSW,DRY,NIGHT,SINGLE,NO,FINE,RES,EMP
RAD,NSM,SSW,DRY,DUSK,SINGLE,EXTREME,FINE,RES,EMP
XRD,NSF,HON,DRY,DAY,MULTI,LIGHT,FINE,NRES,CARS TRUCKS
RAD,OSF,SSW,WET,DAY,MULTI,HEAVY,RAIN,NRES,CARS TRUCKS
RAD,NSR,SSW,DRY,DAY,SINGLE,MODERATE,FINE,UN3PAR,EMP
TIN,OSM,SSW,DRY,DAY,SINGLE,MODERATE,FINE,RES,EMP
RAD,FRNT,HON,DRY,DUSK,MULTI,MODERATE,FINE,INCIDENT,ENV
BSP,NSR,BTMO,DRY,DAWN,MULTI,MODERATE,FINE,RES,EMP
RAD,NSM,SSW,DRY,DAY,SINGLE,NO,FINE,RES,EMP
BSP,MIR,SSW,DRY,NIGHT,BUS,NO,FINE,RES,EMP
RAD,NSM,SSW,DRY,DAY,SINGLE,MODERATE,SUN,RES,EMP
BSP,MIR,SSW,DRY,DAY,MULTI,MODERATE,FINE,RES,EMP
TIN,NSR,SSW,WET,DAY,MULTI,EXTREME,SUN,RES,EMP
DEPOT,FRNT,REVERSING,DRY,DAY,SINGLE,LIGHT,FINE,OTHERBUS,BUS - OTHER
RAD,REAR,BTMO,DRY,DAY,SINGLE,MODERATE,FINE,RES,BUS - OTHER
BSP,MIR,SSW,DRY,DAY,SINGLE,MODERATE,FINE,UNREP,EMP
BSP,OSF,SSW,DRY,DAY,BUS,NO,FINE,RES,EMP
BSP,OSR,SSW,DRY,DAY,BUS,LIGHT,FINE,RES,EMP
RBT,MIR,SSW,DRY,DAY,SINGLE,LIGHT,FINE,RES,EMP
BSP,MIR,HON,DRY,DAY,SINGLE,LIGHT,FINE,RES,EMP
RAD,NSR,SSW,WET,DAY,SINGLE,NO,RAIN,RES,EMP
RAD,NSR,SSW,DRY,DAY,SINGLE,LIGHT,FINE,RES,EMP
RAD,NSM,SSW,DRY,DAY,MULTI,HEAVY,FINE,NRES,CARS TRUCKS
RAD,NSR,TAI,DRY,DAY,SINGLE,LIGHT,FINE,RES,EMP
RBT,OSM,SSW,DRY,DAY,BUS,LIGHT,FINE,RES,EMP
TIN,NSM,SSW,DRY,DAY,SINGLE,HEAVY,FINE,UN3PAR,CARS TRUCKS
RAD,NSR,REVERSING,DRY,DAY,SINGLE,LIGHT,FINE,RES,EMP