location_code,damage_code,collision_code,road_code,light_code,road_type_code,traffic_code,weather_code,emp_liability_code,kpi_cause_code
TIN,REAR,REVERSING,DRY,DAY,SINGLE,LIGHT,FINE,RES,EMP
TIN,NSF,TBO,DRY,DAY,SINGLE,LIGHT,FINE,NRES,CARS TRUCKS
BSP,NSR,TAI,DRY,DAY,BUS,NO,FINE,RES,EMP
RAD,FRNT,HON,DRY,DAY,SINGLE,HEAVY,FINE,RES,BUS - OTHER
RAD,OSM,SSW,DRY,DAY,SINGLE,LIGHT,FINE,UN3PAR,CARS TRUCKS
RAD,NSR,SSW,DRY,NIGHT,SINGLE,LIGHT,FINE,RES,EMP
RAD,NSR,SSW,DRY,DAY,SINGLE,LIGHT,FINE,RES,CARS TRUCKS
RAD,MIR,HON,SLIP,NIGHT,SINGLE,LIGHT,RAIN,INCIDENT,ENV
XRD,OSR,SSW,DRY,DAY,BUS,MODERATE,SUN,RES,EMP
RAD,NSM,SSW,DRY,DAY,SINGLE,HEAVY,FINE,RES,OTH
BSP,TOPM,ROO,DRY,DAY,BUS,LIGHT,FINE,INCIDENT,BUS - OTHER
BSP,NSR,SSW,DRY,NIGHT,SINGLE,HEAVY,FINE,RES,EMP
BSP,NSM,TAI,DRY,NIGHT,SINGLE,NO,SUN,RES,EMP
RAD,FRNT,HON,DRY,DAY,SINGLE,NO,FINE,NRES,CARS TRUCKS
RBT,FRNT,TBO,DRY,DAY,SINGLE,MODERATE,FINE,RES,CARS TRUCKS
RAD,FRNT,HON,DRY,DAY,MULTI,MODERATE,FINE,RES,EMP
DEPOT,WIN,SSW,WET,DAY,MULTI,LIGHT,FINE,RES,EMP
RAD,NSR,SSW,DRY,DAY,SINGLE,MODERATE,FINE,NRES,CARS TRUCKS
RAD,NSR,SSW,DRY,DAY,SINGLE,NO,FINE,RES,EMP
RAD,NSM,SSW,DRY,DAY,SINGLE,HEAVY,FINE,RES,EMP
RAD,NSF,SSW,DRY,DAY,SINGLE,HEAVY,FINE,NRES,CARS TRUCKS
TIN,WSRE,SSW,DRY,DAY,SINGLE,NO,FINE,RES,BUS - OTHER
BSP,NSR,SSW,DRY,DAY,SINGLE,MODERATE,FINE,RES,EMP
RAD,REAR,ROO,DRY,DAY,SINGLE,NO,FINE,RES,EMP
TIN,NSR,SSW,WET,DAY,SINGLE,LIGHT,FOG,RES,EMP
BSP,MIR,SSW,DRY,NIGHT,BUS,NO,FINE,RES,EMP
RAD,OSR,SSW,DRY,DAY,SINGLE,LIGHT,FOG,RES,EMP
XRD,FRNT,HON,DRY,DAY,SINGLE,LIGHT,FINE,NRES,CARS TRUCKS
BSP,NSR,TAI,WET,DAY,SINGLE,LIGHT,RAIN,RES,EMP
DEPOT,NSF,SSW,DRY,NIGHT,SINGLE,NO,FINE,RES,EMP
RBT,NSM,SSW,DRY,DAY,SINGLE,HEAVY,FINE,RES,EMP
RAD,NSR,SSW,DRY,NIGHT,SINGLE,LIGHT,FINE,RES,EMP
RAD,NSF,SSW,DRY,DAY,MULTI,MODERATE,FINE,NRES,CARS TRUCKS
BSP,REAR,SSW,DRY,NIGHT,SINGLE,LIGHT,FINE,OTHERBUS,BUS - OTHER
RAD,NSF,HON,DRY,DAY,SINGLE,LIGHT,FINE,RES,EMP
RAD,OSM,SSW,DRY,DAY,SINGLE,NO,FINE,RES,OTH
RAD,NSR,SSW,DRY,NIGHT,SINGLE,LIGHT,FINE,RES,EMP
RAD,REAR,REVERSING,DRY,DAY,SINGLE,LIGHT,FINE,NRES,CARS TRUCKS
RBT,OSF,SSW,DRY,DAY,MULTI,MODERATE,FINE,NRES,CARS TRUCKS
RAD,NSR,SSW,DRY,DAY,SINGLE,LIGHT,FINE,RES,BUS - OTHER
BSP,FRNT,HON,DRY,DAY,SINGLE,LIGHT,FINE,RES,EMP
RAD,WIN,SSW,WET,DAY,SINGLE,NO,FINE,INCIDENT,GEN
BSP,NSR,TAI,DRY,STREET,BUS,LIGHT,FINE,RES,EMP
RAD,NSM,SSW,DRY,NIGHT,SINGLE,MODERATE,FINE,INCIDENT,GEN
XRD,FRNT,REVERSING,DRY,DAY,SINGLE,MODERATE,FINE,RES,EMP
BSP,FRNT,HON,DRY,DAY,SINGLE,LIGHT,FINE,RES,EMP
BSP,NSR,SSW,WET,DUSK,MULTI,HEAVY,RAIN,RES,CARS TRUCKS
RAD,REAR,SSW,DRY,DAY,MULTI,LIGHT,FINE,NRES,CARS TRUCKS
RAD,FRNT,SSW,DRY,DAY,SINGLE,LIGHT,FINE,RES,EMP
RAD,MIR,SSW,DRY,DAY,BUS,NO,FINE,RES,EMP
DEPOT,OSR,REVERSING,WET,NIGHT,SINGLE,NO,RAIN,RES,EMP
RAD,OSM,SSW,DRY,DAY,MULTI,MODERATE,FINE,NRES,EMP
DEPOT,NSR,SSW,DRY,DAY,SINGLE,NO,FINE,RES,EMP
RAD,NSR,TAI,DRY,DAY,SINGLE,LIGHT,FINE,RES,EMP
TIN,OSR,BTMO,DRY,DAY,SINGLE,LIGHT,FINE,RES,EMP
RAD,NSR,N2T,DRY,DAY,SINGLE,LIGHT,FINE,UN3PAR,CARS TRUCKS
BSP,NSR,SSW,DRY,DAY,SINGLE,MODERATE,FINE,RES,BUS - OTHER
XRD,NSF,SSW,DRY,DAY,SINGLE,NO,FINE,NRES,GEN
RAD,OSR,SSW,DRY,DAY,MULTI,NO,SUN,NRES,EMP
RAD,NSF,SSW,DRY,DAY,SINGLE,LIGHT,FINE,NRES,EMP
RBT,NSR,SSW,DRY,NIGHT,SINGLE,LIGHT,FINE,RES,PL&EQ
TIN,NSF,TBO,DRY,DAY,SINGLE,NO,FINE,RES,EMP
TIN,NSR,SSW,WET,DAY,SINGLE,HEAVY,RAIN,RES,BUS - OTHER
RAD,FRNT,HON,DRY,DAY,SINGLE,NO,FINE,NRES,CARS TRUCKS
RAD,FRNT,SSW,WET,NIGHT,MULTI,HEAVY,RAIN,RES,CARS TRUCKS
RAD,NSF,SSW,DRY,DAY,MULTI,LIGHT,FINE,NRES,CARS TRUCKS
BSP,OSR,SSW,DRY,DAY,BUS,MODERATE,FINE,RES,BUS - OTHER
RAD,OSM,SSW,DRY,DAY,SINGLE,LIGHT,FINE,RES,EMP
RBT,REAR,N2T,DRY,DAY,SINGLE,LIGHT,FINE,NRES,CARS TRUCKS
DEPOT,NSM,SSW,WET,DAWN,BUS,LIGHT,FINE,RES,BUS - OTHER
XRD,REAR,REVERSING,DRY,DAY,SINGLE,NO,FINE,RES,EMP
BSP,MIR,SSW,DRY,DAY,SINGLE,LIGHT,FINE,RES,BUS - OTHER
BSP,NSR,TAI,DRY,DAY,SINGLE,MODERATE,FINE,RES,CARS TRUCKS
BSP,OSR,SSW,SLIP,DUSK,MULTI,LIGHT,FINE,NRES,EMP
RAD,NSR,SSW,DRY,DAWN,SINGLE,LIGHT,FINE,RES,CARS TRUCKS
BSP,FRNT,SSW,WET,DAY,SINGLE,NO,FINE,RES,EMP
TIN,NSF,N2T,DRY,DAWN,SINGLE,MODERATE,FINE,RES,CARS TRUCKS
RBT,OSM,SSW,DRY,DAY,SINGLE,LIGHT,FINE,NRES,CARS TRUCKS
BSP,MIR,SSW,DRY,DAY,SINGLE,NO,FINE,RES,EMP
BSP,NSR,TAI,WET,DAY,SINGLE,MODERATE,FOG,RES,EMP
BSP,NSR,SSW,DRY,DAY,BUS,EXTREME,FINE,RES,EMP
RAD,OSF,SSW,DRY,DAY,MULTI,HEAVY,FINE,RES,EMP
TIN,FRNT,N2T,WET,DUSK,SINGLE,LIGHT,RAIN,RES,EMP
RAD,NSR,SSW,DRY,DAY,SINGLE,EXTREME,FINE,RES,BUS - OTHER
DEPOT,NSR,SSW,DRY,DAY,SINGLE,LIGHT,FINE,RES,EMP
BSP,NSM,SSW,DRY,DAY,SINGLE,LIGHT,FINE,RES,EMP
RAD,NSR,SSW,DRY,DAY,SINGLE,LIGHT,FINE,RES,EMP
RAD,NSR,SSW,WET,DAY,SINGLE,NO,FINE,RES,EMP
RAD,OSM,SSW,DRY,DAY,SINGLE,LIGHT,FINE,RES,EMP
RAD,REAR,REVERSING,DRY,DAY,SINGLE,NO,FINE,RES,BUS - OTHER
RAD,NSR,SSW,DRY,DAY,SINGLE,LIGHT,FINE,RES,BUS - OTHER
BSP,REAR,N2T,DRY,DAY,BUS,NO,FINE,NRES,BUS - OTHER
RAD,FRNT,HON,DRY,DAY,SINGLE,NO,FINE,RES,BUS - OTHER
BSP,OSR,REVERSING,WET,DAY,BUS,NO,FINE,RES,EMP
RAD,NSR,TAI,DRY,DAWN,SINGLE,NO,FINE,RES,EMP
RAD,MIR,N2T,DRY,DAY,MULTI,MODERATE,FINE,NRES,CARS TRUCKS
TIN,MIR,SSW,DRY,DAY,SINGLE,LIGHT,FINE,UN3PAR,CARS TRUCKS
RAD,NSM,SSW,WET,DAY,FREE,HEAVY,RAIN,NRES,CARS TRUCKS
RAD,FRNT,SSW,DRY,DAY,SINGLE,LIGHT,FINE,RES,EMP
RBT,OSM,SSW,WET,DAY,SINGLE,MODERATE,RAIN,RES,EMP
BSP,FRNT,BTMO,DRY,DAY,SINGLE,NO,FINE,RES,BUS - OTHER
XRD,MIR,SSW,WET,NIGHT,MULTI,MODERATE,RAIN,UN3PAR,OTH
RAD,MIR,HON,DRY,DAY,FREE,EXTREME,FINE,RES,CARS TRUCKS
BSP,MIR,SSW,WET,NIGHT,SINGLE,NO,RAIN,RES,BUS - OTHER
RAD,REAR,SSW,DRY,DAY,SINGLE,LIGHT,FINE,UNREP,OTH
RAD,NSF,TBO,DRY,DAY,SINGLE,LIGHT,FINE,NRES,CARS TRUCKS
RAD,FRNT,N2T,DRY,DAY,MULTI,MODERATE,FINE,RES,EMP
BSP,NSR,SSW,DRY,DAY,SINGLE,MODERATE,FINE,RES,EMP
RAD,NSR,TAI,DRY,DAY,MULTI,MODERATE,FINE,RES,EMP
BSP,NSM,TBO,DRY,DAY,SINGLE,LIGHT,FINE,RES,CARS TRUCKS
RAD,NSR,SSW,DRY,DAY,SINGLE,MODERATE,FINE,RES,CARS TRUCKS
BSP,MIR,SSW,DRY,DAY,SINGLE,NO,FINE,RES,EMP
XRD,FRNT,SSW,DRY,DAY,SINGLE,NO,FINE,RES,EMP
BSP,OSF,SSW,DRY,DAY,BUS,LIGHT,FINE,RES,EMP
RBT,NSR,TAI,DRY,DAY,MULTI,MODERATE,FINE,RES,EMP
RAD,NSR,SSW,DRY,DAY,SINGLE,MODERATE,SUN,RES,EMP
RAD,NSF,SSW,DRY,DAWN,SINGLE,MODERATE,FINE,INCIDENT,EMP
XRD,OSR,SSW,WET,DAWN,SINGLE,LIGHT,RAIN,RES,EMP
RAD,NSM,SSW,DRY,DAY,SINGLE,LIGHT,FINE,NRES,ROA
RAD,OSM,SSW,WET,DAY,MULTI,LIGHT,RAIN,NRES,CARS TRUCKS
RAD,NSM,SSW,DRY,DAY,SINGLE,MODERATE,FINE,RES,EMP
BSP,WSRE,SSW,DRY,DAY,BUS,LIGHT,FINE,RES,EMP
RAD,REAR,REVERSING,DRY,DAY,SINGLE,LIGHT,FINE,RES,EMP
BSP,MIR,SSW,DRY,NIGHT,SINGLE,MODERATE,FINE,RES,EMP
RAD,OSM,SSW,WET,DAY,SINGLE,NO,FINE,RES,BUS - OTHER
TIN,FRNT,N2T,DRY,DAY,MULTI,NO,FINE,RES,EMP
BSP,OSM,SSW,DRY,DAY,BUS,NO,FINE,RES,EMP
RAD,NSR,SSW,DRY,DAY,SINGLE,LIGHT,FINE,RES,CARS TRUCKS
BSP,NSF,SSW,DRY,DAY,SINGLE,NO,FINE,RES,EMP
BSP,FRNT,SSW,DRY,DAY,MULTI,MODERATE,FINE,NRES,CARS TRUCKS
RAD,NSM,SSW,DRY,DAY,SINGLE,LIGHT,FINE,RES,EMP
RAD,NSM,SSW,DRY,NIGHT,MULTI,LIGHT,FINE,UN3PAR,CARS TRUCKS
TIN,NSM,SSW,DRY,STREET,MULTI,LIGHT,FINE,RES,BUS - OTHER
RAD,NSM,SSW,DRY,DAY,SINGLE,LIGHT,FINE,RES,EMP
TIN,FRNT,SSW,DRY,DAY,SINGLE,NO,FINE,RES,EMP
RAD,OSM,SSW,DRY,DAY,SINGLE,MODERATE,FINE,RES,CARS TRUCKS
DEPOT,NSR,TAI,DRY,DAY,SINGLE,LIGHT,FINE,RES,EMP
RBT,MIR,SSW,DRY,DAY,MULTI,MODERATE,FINE,NRES,CARS TRUCKS
RAD,OSF,SSW,DRY,DAY,MULTI,HEAVY,FINE,RES,EMP
RAD,NSR,SSW,DRY,DAY,SINGLE,LIGHT,FINE,RES,BUS - OTHER
BSP,NSR,SSW,DRY,DAY,SINGLE,LIGHT,FINE,RES,CARS TRUCKS
RAD,OSF,SSW,DRY,DAY,MULTI,NO,RAIN,NRES,CARS TRUCKS
RAD,OSF,SSW,DRY,DAY,SINGLE,HEAVY,FINE,RES,EMP
BSP,NSR,SSW,DRY,DAY,SINGLE,LIGHT,FINE,RES,EMP
RAD,WIN,SSW,DRY,DAY,SINGLE,NO,FINE,INCIDENT,GEN
RBT,WIN,TAI,WET,DAY,SINGLE,NO,RAIN,RES,EMP
DEPOT,OSR,SSW,DRY,DAY,SINGLE,LIGHT,FINE,RES,CARS TRUCKS
DEPOT,REAR,REVERSING,DRY,DAY,SINGLE,LIGHT,FINE,RES,CARS TRUCKS
TIN,OSM,SSW,DRY,DAY,SINGLE,MODERATE,FINE,RES,CARS TRUCKS
RAD,REAR,REVERSING,DRY,DUSK,SINGLE,NO,FINE,RES,EMP
RAD,OSR,SSW,DRY,DAY,SINGLE,LIGHT,FINE,RES,BUS - OTHER
BSP,FRNT,SSW,DRY,DAY,SINGLE,NO,FINE,RES,BUS - OTHER
TIN,FRNT,N2T,DRY,DAY,MULTI,HEAVY,FINE,RES,BUS - OTHER
XRD,NSM,SSW,SLIP,DAY,MULTI,HEAVY,FINE,RES,BUS - OTHER
RAD,NSF,SSW,DRY,DAY,SINGLE,LIGHT,FINE,RES,EMP
RAD,NSR,SSW,DRY,DAY,SINGLE,LIGHT,FINE,RES,BUS - OTHER
RBT,OSR,SSW,DRY,DUSK,SINGLE,NO,FINE,RES,EMP
RAD,MIR,SSW,DRY,DAY,SINGLE,MODERATE,FINE,RES,BUS - OTHER
RBT,NSF,HON,DRY,DAY,SINGLE,NO,FINE,RES,EMP
RAD,NSR,REVERSING,DRY,DAY,SINGLE,LIGHT,FINE,RES,BUS - OTHER
RAD,NSR,SSW,DRY,DAY,SINGLE,MODERATE,FINE,RES,CARS TRUCKS
RAD,OSF,SSW,DRY,DAY,SINGLE,LIGHT,FINE,RES,EMP
BSP,MIR,SSW,DRY,NIGHT,SINGLE,HEAVY,FINE,UN3PAR,CARS TRUCKS
RAD,MIR,SSW,DRY,DAWN,SINGLE,LIGHT,FINE,RES,EMP
RAD,FRNT,HON,SLIP,DUSK,MULTI,LIGHT,RAIN,RES,EMP
RAD,NSR,SSW,DRY,DAY,SINGLE,NO,FINE,RES,EMP
XRD,NSF,TBO,WET,DUSK,MULTI,LIGHT,RAIN,NRES,CARS TRUCKS
RAD,WIN,SSW,DRY,DAY,SINGLE,LIGHT,FINE,UN3PAR,EMP
BSP,MIR,SSW,DRY,DUSK,SINGLE,MODERATE,FINE,RES,EMP
RAD,MIR,SSW,DRY,DUSK,MULTI,LIGHT,FINE,RES,EMP
RAD,MIR,SSW,DRY,DAY,SINGLE,NO,FINE,RES,EMP
BSP,MIR,SSW,DRY,DAY,BUS,NO,FINE,INCIDENT,GEN
RAD,NSR,SSW,DRY,DAY,SINGLE,LIGHT,FINE,INCIDENT,EMP
BSP,NSF,SSW,DRY,DAY,MULTI,NO,FINE,RES,EMP
BSP,OSR,SSW,DRY,DAY,BUS,LIGHT,FINE,RES,EMP
RAD,MIR,SSW,DRY,DAY,SINGLE,HEAVY,FINE,RES,BUS - OTHER
BSP,MIR,SSW,WET,DAY,MULTI,HEAVY,RAIN,RES,EMP
RAD,NSF,HON,WET,DAY,MULTI,LIGHT,RAIN,INCIDENT,EMP
XRD,NSR,SSW,WET,DAY,SINGLE,LIGHT,FINE,RES,EMP
BSP,MIR,SSW,DRY,DAY,MULTI,MODERATE,FINE,NRES,CARS TRUCKS
RAD,OSM,SSW,DRY,DAY,SINGLE,HEAVY,FINE,RES,EMP
RAD,FRNT,SSW,DRY,DAY,BUS,LIGHT,FINE,RES,EMP
RAD,NSR,SSW,DRY,DAY,MULTI,MODERATE,FINE,NRES,CARS TRUCKS
BSP,MIR,SSW,DRY,DAY,SINGLE,NO,FINE,NRES,CARS TRUCKS
RAD,FRNT,SSW,SLIP,DAY,MULTI,LIGHT,RAIN,NRES,CARS TRUCKS
RBT,FRNT,HON,WET,DAY,SINGLE,MODERATE,RAIN,RES,EMP
BSP,OSR,N2T,DRY,DAY,BUS,LIGHT,FINE,UN3PAR,EMP
RAD,NSM,SSW,DRY,DAY,SINGLE,HEAVY,FINE,RES,EMP
RAD,NSR,SSW,DRY,DAY,SINGLE,EXTREME,FINE,RES,EMP
RAD,FRNT,HON,DRY,DAY,SINGLE,LIGHT,FINE,RES,EMP
RAD,NSR,SSW,DRY,DAY,SINGLE,LIGHT,FINE,RES,EMP
RAD,NSR,SSW,DRY,DAY,MULTI,HEAVY,FINE,RES,EMP
RAD,NSR,SSW,DRY,DAY,SINGLE,MODERATE,FINE,RES,BUS - OTHER
TIN,NSR,SSW,DRY,DAY,SINGLE,MODERATE,FINE,NRES,CARS TRUCKS
XRD,FRNT,BTMO,DRY,NIGHT,SINGLE,LIGHT,FINE,RES,EMP
RAD,OSR,TAI,DRY,DAY,SINGLE,NO,FINE,RES,EMP
RAD,OSR,SSW,DRY,DAY,SINGLE,MODERATE,FINE,NRES,EMP
RAD,NSR,SSW,DRY,DAY,SINGLE,LIGHT,FINE,RES,EMP
RAD,NSR,SSW,DRY,DAY,SINGLE,NO,FINE,RES,EMP
BSP,NSR,SSW,DRY,NIGHT,SINGLE,MODERATE,FINE,RES,EMP
RAD,OSF,SSW,DRY,DUSK,SINGLE,LIGHT,FINE,RES,BUS - OTHER
XRD,MIR,SSW,WET,NIGHT,SINGLE,NO,RAIN,RES,EMP
RAD,NSR,TAI,DRY,DAY,SINGLE,NO,FINE,RES,EMP
BSP,NSF,SSW,WET,NIGHT,SINGLE,NO,RAIN,RES,EMP
BSP,OSF,REVERSING,WET,DAY,SINGLE,NO,FINE,RES,EMP
BSP,REAR,SSW,DRY,DAY,SINGLE,LIGHT,FINE,NRES,EMP
RAD,NSF,SSW,DRY,DAY,SINGLE,MODERATE,FINE,RES,EMP
RAD,OSM,TAI,DRY,DAY,SINGLE,MODERATE,FINE,RES,EMP
BSP,NSF,HON,DRY,DUSK,BUS,LIGHT,FINE,RES,EMP
BSP,MIR,HON,DRY,DAY,BUS,HEAVY,SUN,RES,EMP
RAD,OSR,SSW,WET,NIGHT,SINGLE,NO,RAIN,INCIDENT,ENV
RAD,OSR,SSW,DRY,DAY,SINGLE,NO,FINE,RES,EMP
BSP,MIR,SSW,DRY,DAY,BUS,LIGHT,FINE,RES,EMP
RAD,OSR,SSW,DRY,DAY,SINGLE,LIGHT,FINE,NRES,CARS TRUCKS
RAD,NSF,HON,DRY,NIGHT,BUS,MODERATE,FINE,NRES,EMP
BSP,MIR,SSW,DRY,DAY,SINGLE,LIGHT,FINE,RES,BUS - OTHER
RAD,FRNT,HON,DRY,DAY,BUS,HEAVY,FINE,NRES,EMP
RAD,OSM,SSW,DRY,DAY,MULTI,LIGHT,FINE,NRES,CARS TRUCKS
RAD,NSR,SSW,DRY,DAY,SINGLE,HEAVY,FINE,INCIDENT,OTH
BSP,OSR,SSW,DRY,DAY,SINGLE,LIGHT,FINE,INCIDENT,EMP
RAD,NSR,SSW,DRY,DAY,MULTI,LIGHT,FINE,RES,EMP
RAD,OSF,SSW,DRY,DAY,SINGLE,LIGHT,FINE,INCIDENT,EMP
BSP,NSR,SSW,DRY,NIGHT,SINGLE,LIGHT,FINE,NRES,CARS TRUCKS
RAD,OSR,SSW,DRY,DAY,SINGLE,LIGHT,FINE,RES,EMP
RAD,OSF,REVERSING,DRY,DAY,SINGLE,LIGHT,FINE,RES,EMP
RAD,OSR,TAI,DRY,DAY,SINGLE,HEAVY,FINE,RES,EMP
BSP,NSR,SSW,DRY,DAY,SINGLE,LIGHT,FINE,RES,CARS TRUCKS
TIN,MIR,SSW,DRY,DAY,SINGLE,LIGHT,FINE,RES,EMP
RAD,NSM,SSW,DRY,DAY,SINGLE,MODERATE,FINE,RES,EMP
XRD,NSM,SSW,DRY,STREET,SINGLE,MODERATE,FINE,RES,EMP
BSP,MIR,SSW,DRY,DAY,SINGLE,LIGHT,FINE,RES,BUS - OTHER
XRD,NSR,SSW,DRY,DAY,MULTI,MODERATE,FINE,NRES,EMP
BSP,REAR,REVERSING,WET,DAY,BUS,NO,RAIN,RES,EMP
RAD,NSR,TAI,DRY,DAWN,SINGLE,NO,FINE,RES,EMP
DEPOT,NSR,SSW,DRY,DAY,SINGLE,LIGHT,FINE,RES,BUS - OTHER
RAD,NSR,SSW,DRY,DAY,SINGLE,LIGHT,FINE,INCIDENT,EMP
BSP,OSR,SSW,DRY,DAY,MULTI,LIGHT,FINE,NRES,EMP
TIN,NSM,SSW,DRY,NIGHT,SINGLE,LIGHT,RAIN,RES,EMP
RAD,NSR,HON,DRY,DAY,MULTI,HEAVY,FINE,INCIDENT,EMP
RAD,NSR,SSW,DRY,DAY,SINGLE,LIGHT,FINE,INCIDENT,BUS - OTHER
TIN,NSR,TAI,WET,DAY,SINGLE,LIGHT,FINE,RES,EMP
BSP,NSR,SSW,DRY,DAY,SINGLE,LIGHT,FINE,RES,EMP
RAD,OSR,SSW,DRY,NIGHT,SINGLE,LIGHT,FINE,RES,BUS - OTHER
RAD,NSR,SSW,DRY,DAY,SINGLE,HEAVY,FINE,RES,BUS - OTHER
RAD,NSM,REVERSING,DRY,DAY,SINGLE,LIGHT,FINE,NRES,EMP
RAD,OSR,SSW,DRY,DAY,SINGLE,NO,FINE,RES,EMP
RBT,WSRE,SSW,DRY,DUSK,SINGLE,NO,FINE,RES,EMP
RAD,FRNT,HON,DRY,DAY,SINGLE,MODERATE,FINE,RES,EMP
RAD,NSR,SSW,DRY,DUSK,BUS,MODERATE,FINE,RES,BUS - OTHER
DEPOT,REAR,N2T,DRY,DAY,BUS,NO,FINE,NRES,CARS TRUCKS
RAD,FRNT,N2T,DRY,NIGHT,MULTI,LIGHT,FINE,RES,EMP
BSP,NSR,TAI,DRY,NIGHT,SINGLE,HEAVY,FINE,RES,EMP
RAD,REAR,HON,DRY,DAY,MULTI,LIGHT,FINE,NRES,EMP
RAD,NSR,SSW,DRY,DAY,SINGLE,LIGHT,FINE,RES,CARS TRUCKS
XRD,NSR,TAI,DRY,DAY,SINGLE,MODERATE,FINE,RES,EMP
BSP,OSF,SSW,DRY,DUSK,SINGLE,LIGHT,FINE,NRES,EMP
DEPOT,WSRE,HON,WET,DAY,SINGLE,NO,FINE,PEND,EMP
RAD,NSR,SSW,DRY,DAY,BUS,LIGHT,FINE,RES,EMP
RAD,OSF,SSW,DRY,DAY,MULTI,MODERATE,FINE,NRES,EMP
TIN,NSM,SSW,DRY,DAY,SINGLE,EXTREME,FINE,RES,EMP
RAD,NSR,SSW,DRY,DUSK,SINGLE,MODERATE,SUN,RES,BUS - OTHER
RAD,NSR,SSW,DRY,DAY,SINGLE,NO,FINE,RES,EMP
RAD,NSR,SSW,DRY,DAY,SINGLE,LIGHT,FINE,UN3PAR,BUS - OTHER
RAD,NSF,REVERSING,DRY,DAY,MULTI,NO,FINE,NRES,CARS TRUCKS
RAD,OSR,N2T,DRY,DAY,SINGLE,EXTREME,FINE,NRES,CARS TRUCKS
RAD,FRNT,SSW,DRY,DAY,SINGLE,HEAVY,FINE,NRES,EMP
RAD,OSF,SSW,DRY,DAY,SINGLE,LIGHT,FINE,NRES,CARS TRUCKS
RAD,NSR,TAI,DRY,DAY,SINGLE,NO,FINE,RES,EMP
XRD,OSR,SSW,DRY,DAY,MULTI,HEAVY,FINE,RES,EMP
RAD,NSR,SSW,DRY,DAY,SINGLE,LIGHT,FINE,RES,EMP
RAD,NSM,SSW,DRY,DAY,MULTI,LIGHT,FINE,UNREP,BUS - OTHER
RAD,NSR,SSW,DRY,DAY,SINGLE,NO,FINE,RES,EMP
DEPOT,OSF,TAI,DRY,DAY,SINGLE,NO,FINE,OTHERBUS,BUS - OTHER
RAD,NSR,SSW,DRY,DAY,SINGLE,LIGHT,FINE,UNREP,EMP
RAD,NSR,SSW,DRY,DAY,SINGLE,LIGHT,FINE,PEND,EMP
RAD,NSM,SSW,DRY,DAY,SINGLE,LIGHT,FINE,PEND,EMP
DEPOT,NSR,TAI,SLIP,DAY,BUS,NO,RAIN,RES,EMP
RAD,REAR,SSW,DRY,DAY,SINGLE,LIGHT,FINE,UNREP,OTH
RAD,NSR,SSW,DRY,DAY,SINGLE,LIGHT,FINE,UNREP,OTH
RAD,NSR,SSW,DRY,DAY,SINGLE,LIGHT,FINE,NRES,EMP
RBT,OSR,SSW,DRY,DAY,SINGLE,LIGHT,FINE,NRES,ROA
RAD,FRNT,SSW,DRY,DAY,SINGLE,LIGHT,FINE,UNREP,OTH
RAD,NSR,SSW,DRY,DAY,SINGLE,LIGHT,FINE,UNREP,OTH
RAD,OSR,SSW,DRY,DAY,SINGLE,LIGHT,FINE,NRES,EMP
RAD,NSR,SSW,DRY,DAY,SINGLE,LIGHT,FINE,UNREP,OTH
DEPOT,NSM,SSW,WET,DAY,SINGLE,HEAVY,RAIN,RES,CARS TRUCKS
RAD,NSR,SSW,DRY,DAY,SINGLE,LIGHT,FINE,UNREP,EMP
RAD,NSR,SSW,DRY,DAY,SINGLE,LIGHT,FINE,RES,EMP
RAD,NSM,SSW,DRY,DAY,SINGLE,LIGHT,FINE,UNREP,OTH
RAD,NSR,SSW,DRY,DAY,SINGLE,LIGHT,FINE,UNREP,BUS - OTHER
RAD,REAR,SSW,DRY,DAY,SINGLE,LIGHT,FINE,UNREP,OTH
DEPOT,NSF,SSW,DRY,DAY,SINGLE,NO,FINE,RES,EMP
RAD,OSR,SSW,DRY,DAY,SINGLE,LIGHT,FINE,RES,EMP
RAD,NSR,SSW,DRY,DAY,SINGLE,LIGHT,FINE,UNREP,OTH
RAD,NSR,SSW,DRY,DAY,SINGLE,LIGHT,FINE,UNREP,OTH
RAD,NSR,SSW,DRY,DAY,SINGLE,LIGHT,FINE,UNREP,OTH
RAD,OSM,TAI,DRY,DAY,SINGLE,MODERATE,FINE,RES,EMP
RAD,NSR,SSW,DRY,DAY,SINGLE,LIGHT,FINE,UNREP,OTH
RAD,NSR,SSW,DRY,DAY,SINGLE,LIGHT,FINE,UNREP,OTH
DEPOT,OSR,REVERSING,WET,DAY,SINGLE,LIGHT,RAIN,RES,CARS TRUCKS
RAD,NSR,SSW,DRY,DAY,SINGLE,LIGHT,FINE,UNREP,OTH
RAD,NSF,SSW,DRY,DAY,SINGLE,LIGHT,FINE,UNREP,OTH
RAD,NSR,SSW,DRY,DAY,SINGLE,LIGHT,FINE,UNREP,OTH
RAD,REAR,SSW,DRY,DAY,SINGLE,LIGHT,FINE,NRES,EMP
RAD,NSF,SSW,DRY,DAY,SINGLE,LIGHT,FINE,UNREP,OTH