location_code,damage_code,collision_code,road_code,light_code,road_type_code,traffic_code,weather_code,emp_liability_code,kpi_cause_code
XRD,FRNT,HON,DRY,DAY,SINGLE,LIGHT,FINE,NRES,EMP
RAD,FRNT,SSW,DRY,NIGHT,SINGLE,NO,FINE,NRES,EMP
RAD,OSM,SSW,DRY,DAY,SINGLE,LIGHT,FINE,UNREP,EMP
RAD,NSR,SSW,DRY,DAY,SINGLE,LIGHT,FINE,RES,EMP
RAD,FRNT,SSW,DRY,DAY,SINGLE,LIGHT,FINE,NRES,EMP
BSP,OSR,SSW,DRY,NIGHT,MULTI,MODERATE,FINE,NRES,EMP
RBT,NSF,SSW,DRY,DAY,SINGLE,NO,FINE,RES,EMP
RAD,REAR,SSW,DRY,DAY,SINGLE,LIGHT,FINE,RES,EMP
RAD,NSM,SSW,DRY,DAY,SINGLE,LIGHT,FINE,PEND,EMP
RAD,NSR,SSW,DRY,DAY,SINGLE,LIGHT,FINE,NRES,EMP
XRD,NSM,SSW,DRY,NIGHT,SINGLE,MODERATE,FINE,RES,EMP
RAD,NSR,SSW,DRY,DAY,SINGLE,LIGHT,FINE,NRES,EMP
RAD,NSM,SSW,DRY,DAY,SINGLE,LIGHT,FINE,NRES,EMP
RAD,OSM,SSW,DRY,DAY,SINGLE,LIGHT,FINE,NRES,EMP
RAD,NSM,SSW,DRY,DAY,SINGLE,LIGHT,FINE,NRES,EMP
RAD,NSR,SSW,DRY,DAY,SINGLE,LIGHT,FINE,NRES,EMP
RAD,OSR,SSW,DRY,DAY,SINGLE,LIGHT,FINE,UNREP,EMP
RAD,NSR,SSW,DRY,DAY,SINGLE,LIGHT,FINE,NRES,EMP
RAD,NSR,SSW,DRY,DAY,SINGLE,LIGHT,FINE,NRES,EMP
RAD,NSR,N2T,DRY,DAY,SINGLE,LIGHT,FINE,RES,EMP
RAD,NSR,SSW,DRY,DAY,SINGLE,LIGHT,FINE,NRES,EMP
RAD,NSR,SSW,DRY,DAY,SINGLE,LIGHT,FINE,NRES,EMP
RAD,FRNT,SSW,DRY,DAY,SINGLE,LIGHT,FINE,UNREP,EMP
RAD,NSR,SSW,DRY,DAY,SINGLE,LIGHT,FINE,NRES,EMP
RAD,NSR,SSW,DRY,DAY,SINGLE,LIGHT,FINE,NRES,EMP
RAD,NSM,SSW,DRY,DAY,SINGLE,LIGHT,FINE,RES,EMP
RAD,NSR,SSW,DRY,DAY,SINGLE,LIGHT,FINE,NRES,EMP
RAD,REAR,SSW,DRY,DAY,SINGLE,LIGHT,FINE,RES,EMP
RAD,NSF,SSW,DRY,DAY,SINGLE,LIGHT,FINE,NRES,EMP
RAD,OSF,SSW,DRY,DAY,SINGLE,LIGHT,FINE,NRES,EMP
RAD,NSR,SSW,DRY,DAY,SINGLE,LIGHT,FINE,NRES,EMP
RAD,NSR,SSW,DRY,DAY,SINGLE,LIGHT,FINE,NRES,EMP
RAD,NSR,SSW,DRY,DAY,SINGLE,LIGHT,FINE,NRES,EMP
RAD,OSR,SSW,DRY,DAY,SINGLE,LIGHT,FINE,NRES,EMP
RAD,TOPR,SSW,DRY,DAY,SINGLE,LIGHT,FINE,NRES,EMP
RAD,OSM,SSW,DRY,DAY,SINGLE,LIGHT,FINE,NRES,EMP
RAD,NSR,SSW,DRY,DAY,SINGLE,LIGHT,FINE,NRES,EMP
RAD,REAR,SSW,DRY,DAY,SINGLE,LIGHT,FINE,RES,EMP
RAD,REAR,SSW,DRY,DAY,SINGLE,LIGHT,FINE,RES,EMP
RAD,REAR,SSW,DRY,DAY,SINGLE,LIGHT,FINE,RES,EMP
RAD,NSM,SSW,DRY,DAY,SINGLE,LIGHT,FINE,RES,EMP
RAD,NSR,SSW,DRY,DAY,SINGLE,LIGHT,FINE,RES,EMP
RAD,REAR,SSW,DRY,DAY,SINGLE,LIGHT,FINE,RES,EMP
RAD,TOPR,SSW,DRY,DAY,SINGLE,LIGHT,FINE,RES,EMP
RAD,OSM,SSW,DRY,DAY,SINGLE,LIGHT,FINE,RES,EMP
RAD,OSF,SSW,DRY,DAWN,SINGLE,NO,FINE,RES,EMP
RAD,NSR,SSW,DRY,DAY,SINGLE,LIGHT,FINE,PEND,EMP
RAD,REAR,SSW,DRY,DAY,SINGLE,LIGHT,FINE,NRES,EMP
RAD,NSR,SSW,DRY,DAY,SINGLE,LIGHT,FINE,NRES,EMP
RAD,NSR,SSW,DRY,DAY,SINGLE,LIGHT,FINE,NRES,EMP
RAD,REAR,SSW,DRY,DAY,SINGLE,LIGHT,FINE,RES,EMP
RAD,OSM,SSW,DRY,DAY,SINGLE,LIGHT,FINE,NRES,EMP
RAD,OSM,SSW,DRY,DAY,SINGLE,LIGHT,FINE,NRES,EMP
RAD,OSR,SSW,WET,DAY,MULTI,NO,RAIN,RES,EMP
RAD,NSF,SSW,DRY,DAY,SINGLE,LIGHT,FINE,UNREP,EMP
RAD,NSR,SSW,DRY,DAY,SINGLE,LIGHT,FINE,PEND,EMP
RAD,OSF,SSW,DRY,DAY,SINGLE,LIGHT,FINE,UNREP,EMP
BSP,NSR,TBO,DRY,DAY,SINGLE,LIGHT,FINE,NRES,EMP
RAD,OSM,SSW,DRY,DAY,SINGLE,LIGHT,FINE,NRES,EMP
RAD,OSF,SSW,DRY,DAY,SINGLE,LIGHT,FINE,NRES,EMP
RAD,REAR,SSW,DRY,DAY,SINGLE,LIGHT,FINE,UNREP,EMP
RAD,NSF,SSW,DRY,DAY,SINGLE,LIGHT,FINE,UNREP,EMP
RAD,NSF,SSW,DRY,DAY,SINGLE,LIGHT,FINE,UNREP,EMP
RAD,NSM,SSW,DRY,DAY,SINGLE,LIGHT,FINE,UNREP,EMP
RAD,NSR,SSW,DRY,DAY,SINGLE,LIGHT,FINE,UNREP,EMP
RAD,NSM,SSW,DRY,DAY,SINGLE,LIGHT,FINE,NRES,EMP
RAD,NSM,SSW,DRY,DAY,SINGLE,LIGHT,FINE,NRES,EMP
RAD,NSR,SSW,DRY,DAY,SINGLE,LIGHT,FINE,NRES,EMP
RAD,NSR,SSW,DRY,DAY,SINGLE,LIGHT,FINE,NRES,EMP
RAD,NSR,SSW,DRY,DAY,SINGLE,LIGHT,FINE,NRES,EMP
RAD,OSM,SSW,DRY,DAY,SINGLE,LIGHT,FINE,NRES,EMP
RAD,NSR,SSW,DRY,DAY,SINGLE,LIGHT,FINE,NRES,EMP
RAD,NSR,SSW,DRY,DAY,SINGLE,LIGHT,FINE,NRES,EMP
RAD,NSR,SSW,DRY,DAY,SINGLE,LIGHT,FINE,NRES,EMP
RAD,NSR,SSW,DRY,DAY,SINGLE,LIGHT,FINE,UNREP,EMP
RAD,NSF,SSW,DRY,DAY,SINGLE,LIGHT,FINE,NRES,EMP
RAD,NSR,SSW,DRY,DAY,SINGLE,LIGHT,FINE,NRES,EMP
RAD,OSM,SSW,DRY,DAY,SINGLE,LIGHT,FINE,NRES,EMP
RAD,OSM,SSW,DRY,DAY,SINGLE,LIGHT,FINE,NRES,EMP
RAD,OSM,SSW,DRY,DAY,SINGLE,LIGHT,FINE,NRES,EMP
RAD,OSR,SSW,DRY,DAY,SINGLE,LIGHT,FINE,NRES,EMP
RAD,NSF,SSW,DRY,DAY,SINGLE,LIGHT,FINE,NRES,EMP
RAD,NSM,SSW,DRY,DAY,SINGLE,LIGHT,FINE,NRES,EMP
RAD,FRNT,SSW,DRY,DAY,SINGLE,LIGHT,FINE,NRES,EMP
RAD,OSM,SSW,DRY,DAY,SINGLE,LIGHT,FINE,NRES,EMP
RAD,NSR,SSW,DRY,DAY,SINGLE,LIGHT,FINE,NRES,EMP
RAD,OSR,SSW,DRY,DAY,SINGLE,NO,FINE,NRES,EMP
RAD,NSR,SSW,DRY,DAY,SINGLE,LIGHT,FINE,NRES,EMP
RAD,NSF,SSW,DRY,DAY,SINGLE,LIGHT,FINE,NRES,EMP
RAD,NSR,SSW,DRY,DAY,SINGLE,LIGHT,FINE,NRES,EMP
RAD,NSF,SSW,DRY,DAY,SINGLE,LIGHT,FINE,NRES,EMP
RAD,OSF,SSW,DRY,DAY,SINGLE,LIGHT,FINE,NRES,EMP
RAD,NSR,SSW,DRY,DAY,SINGLE,LIGHT,FINE,NRES,EMP
RAD,NSF,SSW,DRY,DAY,SINGLE,LIGHT,FINE,NRES,EMP
RAD,OSF,SSW,DRY,DAY,SINGLE,LIGHT,FINE,NRES,EMP
RAD,NSR,SSW,DRY,DAY,SINGLE,LIGHT,FINE,NRES,EMP
RAD,NSM,SSW,DRY,DAY,SINGLE,LIGHT,FINE,NRES,EMP
RAD,OSR,SSW,DRY,DAY,SINGLE,LIGHT,FINE,NRES,EMP
RAD,NSR,SSW,DRY,DAY,SINGLE,LIGHT,FINE,NRES,EMP
RAD,NSF,SSW,DRY,DAY,SINGLE,LIGHT,FINE,NRES,EMP
RAD,OSR,SSW,DRY,DAY,SINGLE,LIGHT,FINE,UNREP,EMP
RAD,OSR,SSW,DRY,DAY,SINGLE,LIGHT,FINE,PEND,EMP
RAD,OSR,SSW,DRY,DAY,SINGLE,LIGHT,FINE,NRES,EMP
RAD,OSM,SSW,DRY,DAY,SINGLE,LIGHT,FINE,RES,EMP
RAD,OSM,SSW,DRY,DAY,SINGLE,LIGHT,FINE,NRES,EMP
RAD,NSR,SSW,DRY,DAY,SINGLE,LIGHT,FINE,UNREP,EMP
RAD,NSM,SSW,DRY,DAY,SINGLE,LIGHT,FINE,UNREP,EMP
RAD,NSF,SSW,DRY,DAY,SINGLE,LIGHT,FINE,NRES,EMP
RAD,NSR,SSW,DRY,DAY,SINGLE,LIGHT,FINE,NRES,EMP
RAD,NSR,SSW,DRY,DAY,SINGLE,LIGHT,FINE,UNREP,EMP
RAD,OSR,SSW,DRY,DAY,SINGLE,LIGHT,FINE,NRES,EMP
RAD,NSR,SSW,DRY,DAY,SINGLE,LIGHT,FINE,NRES,EMP
RAD,REAR,SSW,DRY,DAY,SINGLE,LIGHT,FINE,PEND,EMP
RAD,NSR,SSW,DRY,DAY,SINGLE,LIGHT,FINE,UNREP,EMP
RAD,NSR,SSW,DRY,DAY,SINGLE,LIGHT,FINE,PEND,EMP
RAD,NSR,SSW,DRY,DAY,SINGLE,LIGHT,FINE,NRES,EMP
RAD,NSR,SSW,DRY,DAY,SINGLE,LIGHT,FINE,NRES,EMP
RAD,NSR,SSW,DRY,DAY,SINGLE,LIGHT,FINE,NRES,EMP
RAD,OSF,SSW,DRY,DAY,SINGLE,LIGHT,FINE,PEND,EMP
BSP,TOPM,SSW,DRY,DAY,SINGLE,LIGHT,FINE,NRES,EMP
RAD,NSM,SSW,DRY,DAY,SINGLE,LIGHT,FINE,NRES,EMP
RAD,NSR,SSW,DRY,DAY,SINGLE,LIGHT,FINE,NRES,EMP
RAD,OSR,SSW,DRY,DAY,SINGLE,LIGHT,FINE,UNREP,EMP
RAD,NSR,SSW,DRY,DAY,SINGLE,LIGHT,FINE,NRES,EMP
BSP,NSR,SSW,DRY,DAY,SINGLE,LIGHT,FINE,NRES,EMP
RAD,TOPR,SSW,DRY,DAY,SINGLE,LIGHT,FINE,NRES,EMP
RAD,OSR,SSW,DRY,DAY,SINGLE,LIGHT,FINE,NRES,EMP
RAD,REAR,SSW,DRY,DAY,SINGLE,LIGHT,FINE,NRES,EMP
RAD,OSR,SSW,DRY,DAY,SINGLE,LIGHT,FINE,NRES,EMP
RAD,FRNT,SSW,DRY,DAY,SINGLE,LIGHT,FINE,NRES,EMP
RAD,NSR,SSW,DRY,DAY,SINGLE,LIGHT,FINE,NRES,EMP
RAD,NSR,SSW,DRY,DAY,SINGLE,LIGHT,FINE,RES,EMP
RAD,NSR,SSW,DRY,DAY,SINGLE,LIGHT,FINE,RES,EMP
RAD,NSF,SSW,DRY,DAY,SINGLE,LIGHT,FINE,NRES,EMP
RAD,NSR,SSW,DRY,DAY,SINGLE,LIGHT,FINE,UNREP,EMP
RAD,NSR,SSW,DRY,DAY,SINGLE,LIGHT,FINE,UNREP,EMP
RAD,FRNT,SSW,DRY,DAY,SINGLE,LIGHT,FINE,NRES,EMP
RAD,NSR,SSW,DRY,DAY,SINGLE,LIGHT,FINE,NRES,EMP
RAD,NSR,SSW,DRY,DAY,SINGLE,LIGHT,FINE,NRES,EMP
RAD,OSM,SSW,DRY,DAY,SINGLE,LIGHT,FINE,UNREP,EMP
RAD,FRNT,SSW,DRY,DAY,SINGLE,LIGHT,FINE,UNREP,EMP
RAD,OSM,SSW,DRY,DAY,SINGLE,LIGHT,FINE,UNREP,EMP
RAD,NSR,SSW,DRY,DAY,SINGLE,LIGHT,FINE,NRES,EMP
RAD,NSR,SSW,DRY,DAY,SINGLE,LIGHT,FINE,NRES,EMP
RAD,NSR,SSW,DRY,DAY,SINGLE,LIGHT,FINE,NRES,EMP
RAD,NSR,SSW,DRY,DAY,SINGLE,LIGHT,FINE,NRES,EMP
RAD,OSM,SSW,DRY,DAY,SINGLE,LIGHT,FINE,UNREP,EMP
RAD,OSM,SSW,DRY,DAY,SINGLE,LIGHT,FINE,NRES,EMP
RAD,NSR,SSW,DRY,DAY,SINGLE,LIGHT,FINE,PEND,EMP
RAD,NSM,SSW,DRY,DAY,SINGLE,LIGHT,FINE,NRES,EMP
RAD,NSR,SSW,DRY,DAY,SINGLE,LIGHT,FINE,UNREP,EMP
RAD,NSR,SSW,DRY,DAY,SINGLE,LIGHT,FINE,UNREP,OTH
RAD,OSM,SSW,DRY,DAY,SINGLE,LIGHT,FINE,PEND,EMP
RAD,OSR,SSW,DRY,DAY,SINGLE,LIGHT,FINE,PEND,EMP
RAD,NSM,SSW,DRY,DAY,SINGLE,LIGHT,FINE,PEND,EMP
RAD,NSF,SSW,DRY,DAY,SINGLE,LIGHT,FINE,PEND,EMP
RAD,OSF,SSW,DRY,DAY,SINGLE,LIGHT,FINE,NRES,EMP
RAD,OSR,SSW,DRY,DAY,SINGLE,LIGHT,FINE,NRES,EMP
RAD,NSR,SSW,DRY,DAY,SINGLE,LIGHT,FINE,NRES,EMP
RAD,OSR,SSW,DRY,DAY,SINGLE,LIGHT,FINE,NRES,EMP
RAD,OSM,SSW,DRY,DAY,SINGLE,LIGHT,FINE,NRES,EMP
RAD,NSM,SSW,DRY,DAY,SINGLE,LIGHT,FINE,UN3PAR,EMP
RAD,NSR,SSW,DRY,DAY,SINGLE,LIGHT,FINE,UNREP,EMP
RAD,NSR,SSW,DRY,DAY,SINGLE,LIGHT,FINE,NRES,EMP
RAD,NSR,SSW,DRY,DAY,SINGLE,LIGHT,FINE,UNREP,EMP
RAD,NSF,SSW,DRY,DAY,SINGLE,LIGHT,FINE,UNREP,EMP
RAD,OSR,SSW,DRY,DAY,SINGLE,LIGHT,FINE,UNREP,EMP
RAD,OSM,SSW,DRY,DAY,SINGLE,LIGHT,FINE,RES,EMP
RAD,NSR,SSW,DRY,DAY,SINGLE,LIGHT,FINE,UNREP,EMP
RAD,NSR,SSW,DRY,DAY,SINGLE,LIGHT,FINE,UNREP,EMP
BSP,NSF,SSW,DRY,DAY,SINGLE,LIGHT,FINE,RES,EMP
RAD,NSR,ROO,DRY,DAY,SINGLE,LIGHT,FINE,UNREP,BUS - OTHER
RAD,NSM,SSW,DRY,DAY,SINGLE,LIGHT,FINE,UNREP,EMP
RAD,NSR,SSW,DRY,DAY,SINGLE,LIGHT,FINE,UNREP,EMP
RAD,NSM,SSW,DRY,DAY,SINGLE,LIGHT,FINE,UNREP,EMP
DEPOT,REAR,REVERSING,DRY,DAY,SINGLE,LIGHT,FINE,RES,EMP
RAD,NSR,SSW,DRY,DAY,SINGLE,LIGHT,FINE,PEND,EMP
RAD,OSM,SSW,DRY,DAY,MULTI,MODERATE,FINE,RES,EMP
RAD,NSM,SSW,DRY,DAY,SINGLE,LIGHT,FINE,UNREP,EMP
RAD,NSR,SSW,DRY,DAWN,SINGLE,NO,FINE,RES,EMP
RAD,NSM,SSW,DRY,DAY,SINGLE,LIGHT,FINE,RES,EMP
RAD,NSM,SSW,DRY,DAY,SINGLE,LIGHT,FINE,UNREP,EMP
RAD,WIN,SSW,DRY,DAWN,SINGLE,NO,FINE,RES,EMP
RAD,REAR,SSW,DRY,DAY,SINGLE,LIGHT,FINE,UNREP,EMP
RAD,NSR,SSW,DRY,DAWN,SINGLE,NO,FINE,RES,EMP
RAD,OSR,SSW,WET,DAWN,SINGLE,NO,RAIN,RES,EMP
RAD,OSR,SSW,DRY,DAY,SINGLE,LIGHT,FINE,NRES,EMP
RAD,REAR,SSW,DRY,DAY,SINGLE,LIGHT,FINE,UNREP,EMP
RAD,WSRE,SSW,DRY,DAY,SINGLE,LIGHT,FINE,UN3PAR,EMP
RAD,OSR,SSW,DRY,DAY,SINGLE,LIGHT,FINE,NRES,EMP
RAD,MIR,SSW,DRY,DAY,MULTI,LIGHT,FINE,UNREP,EMP
RAD,NSR,SSW,DRY,DAY,SINGLE,LIGHT,FINE,UNREP,EMP
DEPOT,NSR,SSW,DRY,DUSK,SINGLE,NO,FINE,RES,EMP
RAD,NSR,SSW,DRY,DAY,SINGLE,LIGHT,FINE,UNREP,EMP
RAD,NSR,SSW,DRY,DAY,SINGLE,LIGHT,FINE,UNREP,EMP
RAD,NSR,SSW,DRY,DAY,SINGLE,LIGHT,FINE,UNREP,EMP
RAD,NSR,SSW,DRY,DAY,SINGLE,LIGHT,FINE,UNREP,EMP
RAD,NSR,SSW,DRY,DAY,SINGLE,LIGHT,FINE,NRES,EMP
RAD,NSR,SSW,DRY,DAY,SINGLE,LIGHT,FINE,UNREP,EMP
DEPOT,NSF,SSW,DRY,DAY,SINGLE,LIGHT,FINE,UNREP,EMP
DEPOT,OSR,SSW,DRY,DAY,SINGLE,LIGHT,FINE,UNREP,EMP
RAD,NSR,SSW,DRY,DAY,SINGLE,LIGHT,FINE,UNREP,EMP
RAD,NSR,SSW,DRY,DAY,SINGLE,LIGHT,FINE,UNREP,EMP
RAD,OSF,SSW,DRY,DAY,SINGLE,LIGHT,FINE,UNREP,OTH
RAD,TOPR,SSW,DRY,DAY,SINGLE,LIGHT,FINE,UNREP,EMP
RAD,REAR,SSW,DRY,DAY,SINGLE,LIGHT,FINE,PEND,EMP
DEPOT,WSRE,TAI,SLIP,DAY,SINGLE,NO,FINE,UN3PAR,EMP
RAD,NSM,SSW,DRY,DAY,SINGLE,LIGHT,FINE,UNREP,EMP
RAD,OSR,SSW,DRY,DAY,SINGLE,LIGHT,FINE,UNREP,EMP
RAD,NSR,SSW,DRY,DAY,SINGLE,LIGHT,FINE,UNREP,EMP
RAD,WIN,SSW,DRY,DAY,SINGLE,LIGHT,FINE,NRES,EMP
RAD,NSF,SSW,DRY,DAY,SINGLE,LIGHT,FINE,UNREP,EMP
RAD,NSF,SSW,DRY,DAY,SINGLE,LIGHT,FINE,RES,EMP
RAD,NSR,SSW,DRY,DAY,SINGLE,LIGHT,FINE,UNREP,EMP
DEPOT,OSR,SSW,DRY,DAY,SINGLE,LIGHT,FINE,UNREP,EMP
RAD,NSR,SSW,DRY,DAY,SINGLE,LIGHT,FINE,UNREP,EMP
DEPOT,NSR,SSW,DRY,NIGHT,SINGLE,NO,FINE,RES,EMP
RAD,NSR,SSW,DRY,DAY,SINGLE,LIGHT,FINE,UNREP,EMP
RAD,FRNT,BTMO,DRY,DAY,SINGLE,LIGHT,FINE,UNREP,EMP
RAD,OSM,SSW,DRY,DAY,SINGLE,LIGHT,FINE,UNREP,OTH
RAD,NSR,SSW,DRY,DAY,SINGLE,LIGHT,FINE,UNREP,EMP
RAD,NSR,SSW,DRY,DAY,SINGLE,LIGHT,FINE,UNREP,EMP
RAD,NSR,SSW,DRY,DAY,SINGLE,LIGHT,FINE,UNREP,EMP
RAD,NSR,SSW,DRY,DAY,SINGLE,LIGHT,FINE,UNREP,EMP
RAD,NSR,SSW,DRY,DAY,SINGLE,LIGHT,FINE,UNREP,EMP
RAD,REAR,SSW,DRY,DAY,SINGLE,LIGHT,FINE,UNREP,EMP
RAD,NSF,SSW,DRY,DAY,SINGLE,LIGHT,FINE,UNREP,EMP
RAD,NSR,SSW,DRY,DAY,SINGLE,LIGHT,FINE,UNREP,EMP
RAD,NSR,SSW,DRY,DAY,SINGLE,LIGHT,FINE,UNREP,OTH
RAD,NSF,SSW,DRY,DAY,SINGLE,LIGHT,FINE,UNREP,EMP
DEPOT,OSM,SSW,WET,NIGHT,SINGLE,HEAVY,FOG,RES,EMP
RAD,OSR,BTMO,DRY,DAY,SINGLE,LIGHT,FINE,UNREP,EMP
RAD,OSF,SSW,DRY,DAY,SINGLE,LIGHT,FINE,UNREP,OTH
RAD,NSR,SSW,DRY,DAY,SINGLE,LIGHT,FINE,RES,EMP
DEPOT,NSR,N2T,DRY,DUSK,BUS,NO,FINE,RES,EMP
RAD,NSM,SSW,DRY,DAY,SINGLE,LIGHT,FINE,RES,EMP
RAD,NSR,SSW,DRY,DAY,SINGLE,LIGHT,FINE,UNREP,OTH
RAD,NSR,SSW,DRY,DAY,SINGLE,LIGHT,FINE,UNREP,EMP
RAD,NSR,SSW,DRY,DAY,SINGLE,LIGHT,FINE,UNREP,EMP
RAD,NSR,SSW,DRY,DAY,SINGLE,LIGHT,FINE,UNREP,EMP
RAD,REAR,SSW,DRY,DAY,SINGLE,LIGHT,FINE,UNREP,EMP
RAD,NSR,SSW,DRY,DAY,SINGLE,LIGHT,FINE,UNREP,EMP
RAD,NSR,SSW,DRY,DAY,SINGLE,LIGHT,FINE,UNREP,EMP
RAD,OSM,SSW,DRY,DAY,SINGLE,LIGHT,FINE,UNREP,EMP
RAD,NSF,SSW,DRY,DAY,MULTI,MODERATE,FINE,RES,EMP
RAD,OSF,SSW,DRY,DAY,SINGLE,LIGHT,FINE,UNREP,EMP
RAD,NSR,SSW,DRY,DAY,SINGLE,LIGHT,FINE,UNREP,EMP
RAD,REAR,SSW,DRY,DAY,SINGLE,LIGHT,FINE,UNREP,EMP
RAD,NSR,SSW,DRY,DAY,SINGLE,LIGHT,FINE,UNREP,EMP
RAD,NSR,SSW,DRY,DAY,SINGLE,LIGHT,FINE,UNREP,EMP
RAD,NSR,SSW,DRY,DAY,SINGLE,LIGHT,FINE,RES,EMP
RAD,NSR,SSW,DRY,DAY,SINGLE,LIGHT,FINE,UNREP,EMP
RAD,NSF,SSW,DRY,DAY,SINGLE,LIGHT,FINE,UNREP,EMP
RAD,NSM,SSW,DRY,DAY,SINGLE,LIGHT,FINE,UNREP,EMP
RAD,FRNT,SSW,DRY,DAY,SINGLE,LIGHT,FINE,UNREP,EMP
RAD,NSR,SSW,DRY,DAY,SINGLE,LIGHT,FINE,UNREP,EMP
RAD,NSR,SSW,DRY,DAY,SINGLE,LIGHT,FINE,RES,EMP
RAD,MIR,SSW,DRY,DAY,SINGLE,LIGHT,FINE,UNREP,OTH
RAD,NSR,SSW,DRY,DAY,SINGLE,LIGHT,FINE,RES,EMP
RAD,NSR,SSW,DRY,DAY,SINGLE,LIGHT,FINE,RES,EMP
RAD,NSR,SSW,DRY,DAY,SINGLE,LIGHT,FINE,UNREP,OTH
RAD,NSR,SSW,DRY,DAY,SINGLE,LIGHT,FINE,UNREP,OTH
RAD,NSR,SSW,DRY,DAY,SINGLE,LIGHT,FINE,UNREP,OTH
DEPOT,NSR,SSW,DRY,NIGHT,SINGLE,LIGHT,FINE,RES,EMP
RAD,REAR,SSW,DRY,DAY,SINGLE,LIGHT,FINE,UNREP,EMP
RAD,NSR,SSW,DRY,DAY,SINGLE,LIGHT,FINE,UNREP,EMP
RAD,NSR,SSW,DRY,DAY,SINGLE,LIGHT,FINE,UNREP,OTH
RAD,REAR,SSW,DRY,DAY,SINGLE,LIGHT,FINE,UNREP,EMP
RAD,NSR,SSW,DRY,DAY,SINGLE,LIGHT,FINE,RES,EMP
RAD,NSR,SSW,DRY,DAY,SINGLE,LIGHT,FINE,UNREP,EMP
DEPOT,OSR,SSW,DRY,DAY,SINGLE,LIGHT,FINE,RES,EMP
DEPOT,OSR,SSW,WET,DAY,SINGLE,LIGHT,FINE,RES,EMP
RAD,NSR,SSW,DRY,DAY,SINGLE,LIGHT,FINE,NRES,EMP
RAD,NSF,SSW,DRY,DAY,SINGLE,LIGHT,FINE,UNREP,OTH
RAD,OSM,SSW,DRY,DAY,SINGLE,LIGHT,FINE,UNREP,OTH
DEPOT,NSR,SSW,DRY,DAY,SINGLE,LIGHT,FINE,UNREP,EMP
DEPOT,NSR,SSW,DRY,DAY,SINGLE,LIGHT,FINE,RES,EMP
RAD,NSR,SSW,DRY,DAY,SINGLE,LIGHT,FINE,UNREP,EMP
RAD,NSR,SSW,DRY,DAY,SINGLE,LIGHT,FINE,UNREP,OTH
RAD,NSR,SSW,DRY,DAY,SINGLE,LIGHT,FINE,UNREP,EMP
RAD,NSR,SSW,DRY,DAY,SINGLE,LIGHT,FINE,UNREP,EMP
RAD,NSR,SSW,DRY,DAY,SINGLE,LIGHT,FINE,PEND,EMP
BSP,NSM,SSW,DRY,DAY,MULTI,HEAVY,FINE,RES,EMP
RAD,OSR,SSW,DRY,DAY,SINGLE,LIGHT,FINE,UNREP,EMP
RAD,OSF,SSW,DRY,DAY,SINGLE,LIGHT,FINE,RES,EMP
RAD,NSR,SSW,DRY,DAY,SINGLE,LIGHT,FINE,PEND,EMP
RAD,NSM,SSW,DRY,DAY,SINGLE,LIGHT,FINE,UNREP,OTH
RAD,NSF,SSW,DRY,DAY,SINGLE,LIGHT,FINE,RES,EMP
RAD,NSR,SSW,DRY,DAY,SINGLE,LIGHT,FINE,UNREP,EMP
RAD,NSR,SSW,DRY,DAY,SINGLE,LIGHT,FINE,UNREP,EMP
RAD,NSR,SSW,DRY,DAY,SINGLE,LIGHT,FINE,UNREP,OTH
RAD,TOPM,SSW,DRY,DAY,SINGLE,LIGHT,FINE,PEND,EMP
RAD,NSM,SSW,DRY,DAY,SINGLE,LIGHT,FINE,UNREP,OTH
RAD,NSR,SSW,DRY,DAY,SINGLE,LIGHT,FINE,UNREP,EMP
RAD,OSM,SSW,DRY,DAY,SINGLE,LIGHT,FINE,RES,EMP
RAD,NSR,SSW,DRY,DAY,SINGLE,LIGHT,FINE,UNREP,OTH
RAD,NSR,SSW,DRY,DAY,SINGLE,LIGHT,FINE,UNREP,OTH
DEPOT,OSM,REVERSING,DRY,DAY,SINGLE,LIGHT,FINE,RES,EMP
DEPOT,REAR,REVERSING,DRY,DAY,SINGLE,LIGHT,FINE,RES,EMP
DEPOT,REAR,REVERSING,DRY,DAY,SINGLE,LIGHT,FINE,RES,EMP
RAD,NSR,SSW,DRY,DAY,SINGLE,LIGHT,FINE,UNREP,EMP
RAD,NSM,SSW,DRY,DAY,SINGLE,LIGHT,FINE,UNREP,EMP
RAD,NSM,SSW,DRY,DAY,SINGLE,LIGHT,FINE,RES,EMP
RAD,NSR,SSW,DRY,DAY,SINGLE,LIGHT,FINE,UNREP,EMP
RAD,FRNT,SSW,DRY,DAY,SINGLE,LIGHT,FINE,UN3PAR,EMP
RAD,REAR,SSW,DRY,DAY,SINGLE,LIGHT,FINE,PEND,EMP
RAD,NSF,SSW,DRY,DAY,SINGLE,LIGHT,FINE,UNREP,EMP
DEPOT,REAR,REVERSING,DRY,DAY,SINGLE,LIGHT,FINE,RES,EMP
DEPOT,NSR,REVERSING,DRY,DAY,SINGLE,LIGHT,FINE,RES,EMP
RAD,NSF,SSW,DRY,DAY,SINGLE,LIGHT,FINE,UNREP,EMP
RAD,NSR,SSW,DRY,DAY,SINGLE,LIGHT,FINE,UNREP,EMP
RAD,NSR,SSW,DRY,DAY,SINGLE,LIGHT,FINE,UNREP,OTH
RAD,NSM,SSW,DRY,DAY,SINGLE,LIGHT,FINE,UNREP,OTH
RAD,OSM,SSW,DRY,DAY,SINGLE,LIGHT,FINE,UNREP,OTH
RAD,NSR,SSW,DRY,DAY,SINGLE,LIGHT,FINE,UNREP,OTH
RAD,NSR,SSW,DRY,DAY,SINGLE,LIGHT,FINE,UNREP,OTH
RAD,NSR,SSW,DRY,DAY,SINGLE,LIGHT,FINE,UNREP,EMP
RAD,OSM,SSW,DRY,DAY,SINGLE,LIGHT,FINE,UNREP,OTH
RAD,NSR,SSW,DRY,DAY,SINGLE,LIGHT,FINE,UNREP,OTH
BSP,NSR,SSW,DRY,DAY,SINGLE,NO,FINE,RES,EMP